<?xml version="1.0" encoding="UTF-8"?>

<Bundle xmlns="http://hl7.org/fhir">
  <id value="Example-HIVSimple"/>
  <type value="transaction"/>
  <entry>
    <fullUrl value="http://www.example.org/fhir/Patient/Patient-HIVSimple"/>
    <resource>
      <Patient>
        <id value="Patient-HIVSimple"/>
        <text>
          <status value="generated"/><div xmlns="http://www.w3.org/1999/xhtml"><p><b>Generated Narrative</b></p><p><b>name</b>: Mittens Cat</p><p><b>gender</b>: female</p><p><b>birthDate</b>: 1985-01-01</p></div>
        </text>
        <name>
          <text value="Mittens Cat"/>
          <family value="Cat"/>
          <given value="Mittens"/>
        </name>
        <gender value="female"/>
        <birthDate value="1985-01-01"/>
      </Patient>
    </resource>
    <request>
      <method value="PUT"/>
      <url value="Patient"/>
    </request>
  </entry>
  <entry>
    <fullUrl value="http://www.example.org/fhir/Organization/Organization-HIVSimple"/>
    <resource>
      <Organization>
        <id value="Organization-HIVSimple"/>
        <text>
          <status value="generated"/><div xmlns="http://www.w3.org/1999/xhtml"><p><b>Generated Narrative</b></p><p><b>name</b>: Government Hospital</p></div>
        </text>
        <name value="Government Hospital"/>
      </Organization>
    </resource>
    <request>
      <method value="PUT"/>
      <url value="Organization"/>
    </request>
  </entry>
  <entry>
    <fullUrl value="http://www.example.org/fhir/Location/Location-HIVSimple"/>
    <resource>
      <Location>
        <id value="Location-HIVSimple"/>
        <text>
          <status value="generated"/><div xmlns="http://www.w3.org/1999/xhtml"><p><b>Generated Narrative</b></p><p><b>identifier</b>: id: Location-HIVSimple</p><p><b>managingOrganization</b>: <a href="#Organization_Organization-HIVSimple">See above (Organization/Organization-HIVSimple)</a></p></div>
        </text>
        <identifier>
          <system value="https://github.com/synthetichealth/synthea"/>
          <value value="Location-HIVSimple"/>
        </identifier>
        <managingOrganization>
          <reference value="Organization/Organization-HIVSimple"/>
        </managingOrganization>
      </Location>
    </resource>
    <request>
      <method value="PUT"/>
      <url value="Location"/>
    </request>
  </entry>
  <entry>
    <fullUrl value="http://www.example.org/fhir/Condition/Condition-HIVSimple"/>
    <resource>
      <Condition>
        <id value="Condition-HIVSimple"/>
        <text>
          <status value="generated"/><div xmlns="http://www.w3.org/1999/xhtml"><p><b>Generated Narrative</b></p><p><b>clinicalStatus</b>: <span title="Codes: {http://terminology.hl7.org/CodeSystem/condition-clinical active}">Active</span></p><p><b>verificationStatus</b>: <span title="Codes: {http://terminology.hl7.org/CodeSystem/condition-ver-status confirmed}">Confirmed</span></p><p><b>code</b>: <span title="Codes: {http://snomed.info/sct 86406008}">HIV - Human immunodeficiency virus infection</span></p><p><b>subject</b>: <a href="#Patient_Patient-HIVSimple">See above (Patient/Patient-HIVSimple)</a></p><p><b>onset</b>: 2010-01-01</p></div>
        </text>
        <clinicalStatus>
          <coding>
            <system value="http://terminology.hl7.org/CodeSystem/condition-clinical"/>
            <code value="active"/>
          </coding>
        </clinicalStatus>
        <verificationStatus>
          <coding>
            <system value="http://terminology.hl7.org/CodeSystem/condition-ver-status"/>
            <code value="confirmed"/>
          </coding>
        </verificationStatus>
        <code>
          <coding>
            <system value="http://snomed.info/sct"/>
            <code value="86406008"/>
            <display value="HIV - Human immunodeficiency virus infection"/>
          </coding>
        </code>
        <subject>
          <reference value="Patient/Patient-HIVSimple"/>
        </subject>
        <onsetDateTime value="2010-01-01"/>
      </Condition>
    </resource>
    <request>
      <method value="PUT"/>
      <url value="Condition"/>
    </request>
  </entry>
  <entry>
    <fullUrl value="http://www.example.org/fhir/Condition/Condition-Pregnancy"/>
    <resource>
      <Condition>
        <id value="Condition-Pregnancy"/>
        <text>
          <status value="generated"/><div xmlns="http://www.w3.org/1999/xhtml"><p><b>Generated Narrative</b></p><p><b>clinicalStatus</b>: <span title="Codes: {http://terminology.hl7.org/CodeSystem/condition-clinical inactive}">Inactive</span></p><p><b>verificationStatus</b>: <span title="Codes: {http://terminology.hl7.org/CodeSystem/condition-ver-status confirmed}">Confirmed</span></p><p><b>code</b>: <span title="Codes: {http://snomed.info/sct 77386006}">Pregnant (finding)</span></p><p><b>subject</b>: <a href="#Patient_Patient-HIVSimple">See above (Patient/Patient-HIVSimple)</a></p><p><b>onset</b>: 2020-01-01</p><p><b>abatement</b>: 2020-09-30</p></div>
        </text>
        <clinicalStatus>
          <coding>
            <system value="http://terminology.hl7.org/CodeSystem/condition-clinical"/>
            <code value="inactive"/>
          </coding>
        </clinicalStatus>
        <verificationStatus>
          <coding>
            <system value="http://terminology.hl7.org/CodeSystem/condition-ver-status"/>
            <code value="confirmed"/>
          </coding>
        </verificationStatus>
        <code>
          <coding>
            <system value="http://snomed.info/sct"/>
            <code value="77386006"/>
            <display value="Pregnant (finding)"/>
          </coding>
        </code>
        <subject>
          <reference value="Patient/Patient-HIVSimple"/>
        </subject>
        <onsetDateTime value="2020-01-01"/>
        <abatementDateTime value="2020-09-30"/>
      </Condition>
    </resource>
    <request>
      <method value="PUT"/>
      <url value="Condition"/>
    </request>
  </entry>
  <entry>
    <fullUrl value="http://www.example.org/fhir/Encounter/Encounter-HIVSimple"/>
    <resource>
      <Encounter>
        <id value="Encounter-HIVSimple"/>
        <text>
          <status value="generated"/><div xmlns="http://www.w3.org/1999/xhtml"><p><b>Generated Narrative</b></p><p><b>status</b>: finished</p><p><b>class</b>: <span title="{null ACUTE}">ACUTE</span></p><p><b>subject</b>: <a href="#Patient_Patient-HIVSimple">See above (Patient/Patient-HIVSimple)</a></p><p><b>period</b>: 2011-01-01 --&gt; 2011-01-01</p><h3>Locations</h3><table class="grid"><tr><td>-</td><td><b>Location</b></td></tr><tr><td>*</td><td><a href="#Location_Location-HIVSimple">See above (Location/Location-HIVSimple)</a></td></tr></table><p><b>serviceProvider</b>: <a href="#Organization_Organization-HIVSimple">See above (Organization/Organization-HIVSimple)</a></p></div>
        </text>
        <status value="finished"/>
        <class>
          <code value="ACUTE"/>
        </class>
        <subject>
          <reference value="Patient/Patient-HIVSimple"/>
        </subject>
        <period>
          <start value="2011-01-01"/>
          <end value="2011-01-01"/>
        </period>
        <location>
          <location>
            <reference value="Location/Location-HIVSimple"/>
          </location>
        </location>
        <serviceProvider>
          <reference value="Organization/Organization-HIVSimple"/>
        </serviceProvider>
      </Encounter>
    </resource>
    <request>
      <method value="PUT"/>
      <url value="Encounter"/>
    </request>
  </entry>
  <entry>
    <fullUrl value="http://www.example.org/fhir/DiagnosticReport/DiagnosticReport-HIVSimple"/>
    <resource>
      <DiagnosticReport>
        <id value="DiagnosticReport-HIVSimple"/>
        <text>
          <status value="generated"/><div xmlns="http://www.w3.org/1999/xhtml"><p><b>Generated Narrative</b></p><p><b>status</b>: final</p><p><b>code</b>: <span title="Codes: {http://loinc.org 75622-1}">HIV 1 and 2 tests - Meaningful Use set</span></p><p><b>subject</b>: <a href="#Patient_Patient-HIVSimple">See above (Patient/Patient-HIVSimple)</a></p><p><b>encounter</b>: <a href="#Encounter_Encounter-HIVSimple">See above (Encounter/Encounter-HIVSimple)</a></p><p><b>result</b>: <a href="#Observation_Observation-HIVSimple">See above (Observation/Observation-HIVSimple)</a></p></div>
        </text>
        <status value="final"/>
        <code>
          <coding>
            <system value="http://loinc.org"/>
            <code value="75622-1"/>
            <display value="HIV 1 and 2 tests - Meaningful Use set"/>
          </coding>
        </code>
        <subject>
          <reference value="Patient/Patient-HIVSimple"/>
        </subject>
        <encounter>
          <reference value="Encounter/Encounter-HIVSimple"/>
        </encounter>
        <result>
          <reference value="Observation/Observation-HIVSimple"/>
        </result>
      </DiagnosticReport>
    </resource>
    <request>
      <method value="PUT"/>
      <url value="DiagnosticReport"/>
    </request>
  </entry>
  <entry>
    <fullUrl value="http://www.example.org/fhir/Observation/Observation-HIVSimple"/>
    <resource>
      <Observation>
        <id value="Observation-HIVSimple"/>
        <text>
          <status value="generated"/><div xmlns="http://www.w3.org/1999/xhtml"><p><b>Generated Narrative</b></p><p></p><p><b>code</b>: <span title="Codes: {http://loinc.org 75622-1}">LOINC Code</span></p><p><b>subject</b>: <a href="#Patient_Patient-HIVSimple">See above (Patient/Patient-HIVSimple)</a></p><p><b>encounter</b>: <a href="#Encounter_Encounter-HIVSimple">See above (Encounter/Encounter-HIVSimple)</a></p><p><b>value</b>: <span title="Codes: {http://snomed.info/sct 165816005}">HIV Positive</span></p></div>
        </text>
        <status value="final"/>
        <code>
          <coding>
            <system value="http://loinc.org"/>
            <code value="75622-1"/>
            <display value="LOINC Code"/>
          </coding>
        </code>
        <subject>
          <reference value="Patient/Patient-HIVSimple"/>
        </subject>
        <encounter>
          <reference value="Encounter/Encounter-HIVSimple"/>
        </encounter>
        <valueCodeableConcept>
          <coding>
            <system value="http://snomed.info/sct"/>
            <code value="165816005"/>
            <display value="HIV Positive"/>
          </coding>
        </valueCodeableConcept>
      </Observation>
    </resource>
    <request>
      <method value="PUT"/>
      <url value="Observation"/>
    </request>
  </entry>
  <entry>
    <fullUrl value="http://www.example.org/fhir/Encounter/Encounter-ViralLoad"/>
    <resource>
      <Encounter>
        <id value="Encounter-ViralLoad"/>
        <text>
          <status value="generated"/><div xmlns="http://www.w3.org/1999/xhtml"><p><b>Generated Narrative</b></p><p><b>status</b>: finished</p><p><b>class</b>: <span title="{null ACUTE}">ACUTE</span></p><p><b>subject</b>: <a href="#Patient_Patient-HIVSimple">See above (Patient/Patient-HIVSimple)</a></p><p><b>period</b>: 2020-06-01 --&gt; 2020-06-01</p><h3>Locations</h3><table class="grid"><tr><td>-</td><td><b>Location</b></td></tr><tr><td>*</td><td><a href="#Location_Location-HIVSimple">See above (Location/Location-HIVSimple)</a></td></tr></table><p><b>serviceProvider</b>: <a href="#Organization_Organization-HIVSimple">See above (Organization/Organization-HIVSimple)</a></p></div>
        </text>
        <status value="finished"/>
        <class>
          <code value="ACUTE"/>
        </class>
        <subject>
          <reference value="Patient/Patient-HIVSimple"/>
        </subject>
        <period>
          <start value="2020-06-01"/>
          <end value="2020-06-01"/>
        </period>
        <location>
          <location>
            <reference value="Location/Location-HIVSimple"/>
          </location>
        </location>
        <serviceProvider>
          <reference value="Organization/Organization-HIVSimple"/>
        </serviceProvider>
      </Encounter>
    </resource>
    <request>
      <method value="PUT"/>
      <url value="Encounter"/>
    </request>
  </entry>
  <entry>
    <fullUrl value="http://www.example.org/fhir/DiagnosticReport/DiagnosticReport-ViralLoad"/>
    <resource>
      <DiagnosticReport>
        <id value="DiagnosticReport-ViralLoad"/>
        <text>
          <status value="generated"/><div xmlns="http://www.w3.org/1999/xhtml"><p><b>Generated Narrative</b></p><p><b>status</b>: final</p><p><b>code</b>: <span title="Codes: {http://loinc.org 25836-8}">HIV 1 RNA NAA+probe (Specimen)</span></p><p><b>subject</b>: <a href="#Patient_Patient-HIVSimple">See above (Patient/Patient-HIVSimple)</a></p><p><b>encounter</b>: <a href="#Encounter_Encounter-ViralLoad">See above (Encounter/Encounter-ViralLoad)</a></p><p><b>result</b>: <a href="#Observation_Observation-ViralLoad">See above (Observation/Observation-ViralLoad)</a></p></div>
        </text>
        <status value="final"/>
        <code>
          <coding>
            <system value="http://loinc.org"/>
            <code value="25836-8"/>
            <display value="HIV 1 RNA NAA+probe (Specimen)"/>
          </coding>
        </code>
        <subject>
          <reference value="Patient/Patient-HIVSimple"/>
        </subject>
        <encounter>
          <reference value="Encounter/Encounter-ViralLoad"/>
        </encounter>
        <result>
          <reference value="Observation/Observation-ViralLoad"/>
        </result>
      </DiagnosticReport>
    </resource>
    <request>
      <method value="PUT"/>
      <url value="DiagnosticReport"/>
    </request>
  </entry>
  <entry>
    <fullUrl value="http://www.example.org/fhir/Observation/Observation-ViralLoad"/>
    <resource>
      <Observation>
        <id value="Observation-ViralLoad"/>
        <text>
          <status value="generated"/><div xmlns="http://www.w3.org/1999/xhtml"><p><b>Generated Narrative</b></p><p></p><p><b>code</b>: <span title="Codes: {http://loinc.org 25836-8}">HIV 1 RNA NAA+probe (Specimen)</span></p><p><b>subject</b>: <a href="#Patient_Patient-HIVSimple">See above (Patient/Patient-HIVSimple)</a></p><p><b>encounter</b>: <a href="#Encounter_Encounter-ViralLoad">See above (Encounter/Encounter-ViralLoad)</a></p><p><b>value</b>: 741660 copies/mL</p></div>
        </text>
        <status value="final"/>
        <code>
          <coding>
            <system value="http://loinc.org"/>
            <code value="25836-8"/>
            <display value="HIV 1 RNA NAA+probe (Specimen)"/>
          </coding>
        </code>
        <subject>
          <reference value="Patient/Patient-HIVSimple"/>
        </subject>
        <encounter>
          <reference value="Encounter/Encounter-ViralLoad"/>
        </encounter>
        <valueQuantity>
          <value value="741660"/>
          <unit value="copies/mL"/>
          <system value="http://unitsofmeasure.org"/>
          <code value="{copies}/mL"/>
        </valueQuantity>
      </Observation>
    </resource>
    <request>
      <method value="PUT"/>
      <url value="Observation"/>
    </request>
  </entry>
</Bundle>