<?xml version="1.0" encoding="UTF-8"?>

<Bundle xmlns="http://hl7.org/fhir">
  <id value="Example-Attribution"/>
  <type value="transaction"/>
  <entry>
    <fullUrl value="https://intrahealth.github.io/simple-hiv-ig/Patient/Patient-HIVSimple"/>
    <resource>
      <Patient>
        <id value="Patient-HIVSimple"/>
        <text>
          <status value="generated"/><div xmlns="http://www.w3.org/1999/xhtml"><p><b>Generated Narrative</b></p><div style="display: inline-block; background-color: #d9e0e7; padding: 6px; margin: 4px; border: 1px solid #8da1b4; border-radius: 5px; line-height: 60%"><p style="margin-bottom: 0px">Resource "Patient-HIVSimple" </p></div><p><b>identifier</b>: id: 1234</p><p><b>name</b>: Mittens Cat</p><p><b>gender</b>: female</p><p><b>birthDate</b>: 1985-01-01</p></div>
        </text>
        <identifier>
          <system value="https://intrahealth.github.io/simple-hiv-ig/CodeSystem/OpenCR"/>
          <value value="1234"/>
        </identifier>
        <name>
          <text value="Mittens Cat"/>
          <family value="Cat"/>
          <given value="Mittens"/>
        </name>
        <gender value="female"/>
        <birthDate value="1985-01-01"/>
      </Patient>
    </resource>
    <request>
      <method value="POST"/>
      <url value="Patient"/>
    </request>
  </entry>
  <entry>
    <fullUrl value="https://intrahealth.github.io/simple-hiv-ig/Organization/Organization-HIVSimple"/>
    <resource>
      <Organization>
        <id value="Organization-HIVSimple"/>
        <text>
          <status value="generated"/><div xmlns="http://www.w3.org/1999/xhtml"><p><b>Generated Narrative</b></p><div style="display: inline-block; background-color: #d9e0e7; padding: 6px; margin: 4px; border: 1px solid #8da1b4; border-radius: 5px; line-height: 60%"><p style="margin-bottom: 0px">Resource "Organization-HIVSimple" </p></div><p><b>name</b>: Government Hospital</p></div>
        </text>
        <name value="Government Hospital"/>
      </Organization>
    </resource>
    <request>
      <method value="POST"/>
      <url value="Organization"/>
    </request>
  </entry>
  <entry>
    <fullUrl value="https://intrahealth.github.io/simple-hiv-ig/Organization/IntraHealth"/>
    <resource>
      <Organization>
        <id value="IntraHealth"/>
        <text>
          <status value="generated"/><div xmlns="http://www.w3.org/1999/xhtml"><p><b>Generated Narrative</b></p><div style="display: inline-block; background-color: #d9e0e7; padding: 6px; margin: 4px; border: 1px solid #8da1b4; border-radius: 5px; line-height: 60%"><p style="margin-bottom: 0px">Resource "IntraHealth" </p></div><p><b>name</b>: IntraHealth</p></div>
        </text>
        <name value="IntraHealth"/>
      </Organization>
    </resource>
    <request>
      <method value="POST"/>
      <url value="Organization"/>
    </request>
  </entry>
  <entry>
    <fullUrl value="https://intrahealth.github.io/simple-hiv-ig/Location/Location-HIVSimple"/>
    <resource>
      <Location>
        <id value="Location-HIVSimple"/>
        <text>
          <status value="generated"/><div xmlns="http://www.w3.org/1999/xhtml"><p><b>Generated Narrative</b></p><div style="display: inline-block; background-color: #d9e0e7; padding: 6px; margin: 4px; border: 1px solid #8da1b4; border-radius: 5px; line-height: 60%"><p style="margin-bottom: 0px">Resource "Location-HIVSimple" </p></div><p><b>identifier</b>: id: Location-HIVSimple</p><p><b>managingOrganization</b>: <a href="#Organization_Organization-HIVSimple">See above (Organization/Organization-HIVSimple)</a></p></div>
        </text>
        <identifier>
          <system value="https://github.com/synthetichealth/synthea"/>
          <value value="Location-HIVSimple"/>
        </identifier>
        <managingOrganization>
          <reference value="Organization/Organization-HIVSimple"/>
        </managingOrganization>
      </Location>
    </resource>
    <request>
      <method value="POST"/>
      <url value="Location"/>
    </request>
  </entry>
  <entry>
    <fullUrl value="https://intrahealth.github.io/simple-hiv-ig/Encounter/Encounter-HIVSimple"/>
    <resource>
      <Encounter>
        <id value="Encounter-HIVSimple"/>
        <text>
          <status value="generated"/><div xmlns="http://www.w3.org/1999/xhtml"><p><b>Generated Narrative</b></p><div style="display: inline-block; background-color: #d9e0e7; padding: 6px; margin: 4px; border: 1px solid #8da1b4; border-radius: 5px; line-height: 60%"><p style="margin-bottom: 0px">Resource "Encounter-HIVSimple" </p></div><p><b>status</b>: finished</p><p><b>class</b>: inpatient acute (Details: http://terminology.hl7.org/CodeSystem/v3-ActCode code ACUTE = 'inpatient acute', stated as 'null')</p><p><b>subject</b>: <a href="#Patient_Patient-HIVSimple">See above (Patient/Patient-HIVSimple)</a></p><p><b>period</b>: 2011-01-01 --&gt; 2011-01-01</p><p><b>account</b>: <a href="#Account_Account-HIVSimple">See above (Account/Account-HIVSimple)</a></p><h3>Locations</h3><table class="grid"><tr><td>-</td><td><b>Location</b></td></tr><tr><td>*</td><td><a href="#Location_Location-HIVSimple">See above (Location/Location-HIVSimple)</a></td></tr></table><p><b>serviceProvider</b>: <a href="#Organization_Organization-HIVSimple">See above (Organization/Organization-HIVSimple)</a></p></div>
        </text>
        <status value="finished"/>
        <class>
          <system value="http://terminology.hl7.org/CodeSystem/v3-ActCode"/>
          <code value="ACUTE"/>
        </class>
        <subject>
          <reference value="Patient/Patient-HIVSimple"/>
        </subject>
        <period>
          <start value="2011-01-01"/>
          <end value="2011-01-01"/>
        </period>
        <account>
          <reference value="Account/Account-HIVSimple"/>
        </account>
        <location>
          <location>
            <reference value="Location/Location-HIVSimple"/>
          </location>
        </location>
        <serviceProvider>
          <reference value="Organization/Organization-HIVSimple"/>
        </serviceProvider>
      </Encounter>
    </resource>
    <request>
      <method value="POST"/>
      <url value="Encounter"/>
    </request>
  </entry>
  <entry>
    <fullUrl value="https://intrahealth.github.io/simple-hiv-ig/Account/Account-HIVSimple"/>
    <resource>
      <Account>
        <id value="Account-HIVSimple"/>
        <text>
          <status value="generated"/><div xmlns="http://www.w3.org/1999/xhtml"><p><b>Generated Narrative</b></p><div style="display: inline-block; background-color: #d9e0e7; padding: 6px; margin: 4px; border: 1px solid #8da1b4; border-radius: 5px; line-height: 60%"><p style="margin-bottom: 0px">Resource "Account-HIVSimple" </p></div><p><b>status</b>: active</p><p><b>subject</b>: <a href="#Patient_Patient-HIVSimple">See above (Patient/Patient-HIVSimple)</a></p><h3>Coverages</h3><table class="grid"><tr><td>-</td><td><b>Coverage</b></td></tr><tr><td>*</td><td><a href="#Coverage_Coverage-HIVSimple">See above (Coverage/Coverage-HIVSimple)</a></td></tr></table></div>
        </text>
        <status value="active"/>
        <subject>
          <reference value="Patient/Patient-HIVSimple"/>
        </subject>
        <coverage>
          <coverage>
            <reference value="Coverage/Coverage-HIVSimple"/>
          </coverage>
        </coverage>
      </Account>
    </resource>
    <request>
      <method value="POST"/>
      <url value="Account"/>
    </request>
  </entry>
  <entry>
    <fullUrl value="https://intrahealth.github.io/simple-hiv-ig/Coverage/Coverage-HIVSimple"/>
    <resource>
      <Coverage>
        <id value="Coverage-HIVSimple"/>
        <text>
          <status value="generated"/><div xmlns="http://www.w3.org/1999/xhtml"><p><b>Generated Narrative</b></p><div style="display: inline-block; background-color: #d9e0e7; padding: 6px; margin: 4px; border: 1px solid #8da1b4; border-radius: 5px; line-height: 60%"><p style="margin-bottom: 0px">Resource "Coverage-HIVSimple" </p></div><p><b>status</b>: active</p><p><b>beneficiary</b>: <a href="#Patient_Patient-HIVSimple">See above (Patient/Patient-HIVSimple)</a></p><p><b>payor</b>: <a href="#Organization_IntraHealth">See above (Organization/IntraHealth)</a></p><p><b>contract</b>: <a href="#Contract_Contract-HIVSimple">See above (Contract/Contract-HIVSimple)</a></p></div>
        </text>
        <status value="active"/>
        <beneficiary>
          <reference value="Patient/Patient-HIVSimple"/>
        </beneficiary>
        <payor>
          <reference value="Organization/IntraHealth"/>
        </payor>
        <contract>
          <reference value="Contract/Contract-HIVSimple"/>
        </contract>
      </Coverage>
    </resource>
    <request>
      <method value="POST"/>
      <url value="Coverage"/>
    </request>
  </entry>
  <entry>
    <fullUrl value="https://intrahealth.github.io/simple-hiv-ig/Contract/Contract-HIVSimple"/>
    <resource>
      <Contract>
        <id value="Contract-HIVSimple"/>
        <text>
          <status value="generated"/><div xmlns="http://www.w3.org/1999/xhtml"><p><b>Generated Narrative</b></p><div style="display: inline-block; background-color: #d9e0e7; padding: 6px; margin: 4px; border: 1px solid #8da1b4; border-radius: 5px; line-height: 60%"><p style="margin-bottom: 0px">Resource "Contract-HIVSimple" </p></div><blockquote><p><b>term</b></p><blockquote><p><b>offer</b></p><h3>Parties</h3><table class="grid"><tr><td>-</td><td><b>Reference</b></td><td><b>Role</b></td></tr><tr><td>*</td><td><a href="#Organization_IntraHealth">See above (Organization/IntraHealth)</a></td><td>FLunky <span style="background: LightGoldenRodYellow; margin: 4px; border: 1px solid khaki"> (<a href="http://hl7.org/fhir/R4/codesystem-contract-party-role.html">Contract Resource Party Role codes</a>#flunky)</span></td></tr></table></blockquote></blockquote></div>
        </text>
        <term>
          <offer>
            <party>
              <reference>
                <reference value="Organization/IntraHealth"/>
              </reference>
              <role>
                <coding>
                  <system value="http://hl7.org/fhir/contract-party-role"/>
                  <code value="flunky"/>
                </coding>
              </role>
            </party>
          </offer>
        </term>
      </Contract>
    </resource>
    <request>
      <method value="POST"/>
      <url value="Contract"/>
    </request>
  </entry>
</Bundle>