<?xml version="1.0" encoding="UTF-8"?>

<Bundle xmlns="http://hl7.org/fhir">
  <id value="HIVSimpleMeasures"/>
  <type value="transaction"/>
  <entry>
    <fullUrl value="http://www.example.org/fhir/Measure/HIVSimpleAgeGroup"/>
    <resource>
      <Measure>
        <id value="HIVSimpleAgeGroup"/>
        <text>
          <status value="generated"/><div xmlns="http://www.w3.org/1999/xhtml"><p><b>Generated Narrative</b></p><p><b>url</b>: <code>https://intrahealth.github.io/simple-hiv-ig/Measure/HIVSimpleAgeGroup</code></p><p><b>identifier</b>: id: HIVSimpleAgeGroup</p><p><b>version</b>: 0.0.0</p><p><b>status</b>: draft</p><p><b>experimental</b>: true</p><p><b>date</b>: 2021-07-01</p><p><b>publisher</b>: OpenHIE</p><p><b>library</b>: <a href="https://intrahealth.github.io/simple-hiv-ig/Library-KitchenSink">https://intrahealth.github.io/simple-hiv-ig/Library-KitchenSink</a></p><p><b>scoring</b>: <span title="Codes: {http://terminology.hl7.org/CodeSystem/measure-scoring proportion}">Proportion</span></p><blockquote><p><b>group</b></p><p><b>code</b>: <span title="Codes: {http://ohie.org/CodeSystem cohort}">cohort</span></p><blockquote><p><b>population</b></p><p><b>code</b>: <span title="Codes: {http://terminology.hl7.org/CodeSystem/measure-population initial-population}">Initial Population</span></p><p><b>description</b>: Initial Population</p></blockquote><blockquote><p><b>stratifier</b></p></blockquote></blockquote><blockquote><p><b>group</b></p><p><b>code</b>: <span title="Codes: {http://ohie.org/CodeSystem cohort}">cohort</span></p><blockquote><p><b>population</b></p><p><b>code</b>: <span title="Codes: {http://terminology.hl7.org/CodeSystem/measure-population denominator}">Denominator</span></p><p><b>description</b>: Denominator</p></blockquote><blockquote><p><b>stratifier</b></p></blockquote></blockquote><blockquote><p><b>group</b></p><p><b>code</b>: <span title="Codes: {http://ohie.org/CodeSystem cohort}">cohort</span></p><blockquote><p><b>population</b></p><p><b>code</b>: <span title="Codes: {http://terminology.hl7.org/CodeSystem/measure-population numerator}">Numerator</span></p><p><b>description</b>: Numerator</p></blockquote><blockquote><p><b>stratifier</b></p></blockquote></blockquote></div>
        </text>
        <url value="https://intrahealth.github.io/simple-hiv-ig/Measure/HIVSimpleAgeGroup"/>
        <identifier>
          <system value="https://intrahealth.github.io/simple-hiv-ig/Measure/"/>
          <value value="HIVSimpleAgeGroup"/>
        </identifier>
        <version value="0.0.0"/>
        <status value="draft"/>
        <experimental value="true"/>
        <date value="2021-07-01"/>
        <publisher value="OpenHIE"/>
        <library value="https://intrahealth.github.io/simple-hiv-ig/Library-KitchenSink"/>
        <scoring>
          <coding>
            <system value="http://terminology.hl7.org/CodeSystem/measure-scoring"/>
            <code value="proportion"/>
          </coding>
        </scoring>
        <group>
          <code>
            <coding>
              <system value="http://ohie.org/CodeSystem"/>
              <code value="cohort"/>
              <display value="cohort"/>
            </coding>
          </code>
          <population>
            <code>
              <coding>
                <system value="http://terminology.hl7.org/CodeSystem/measure-population"/>
                <code value="initial-population"/>
              </coding>
            </code>
            <description value="Initial Population"/>
            <criteria>
              <language value="text/cql"/>
              <expression value="Initial Population"/>
            </criteria>
          </population>
          <stratifier>
            <criteria>
              <language value="text/cql"/>
              <expression value="Age Group"/>
            </criteria>
          </stratifier>
        </group>
        <group>
          <code>
            <coding>
              <system value="http://ohie.org/CodeSystem"/>
              <code value="cohort"/>
              <display value="cohort"/>
            </coding>
          </code>
          <population>
            <code>
              <coding>
                <system value="http://terminology.hl7.org/CodeSystem/measure-population"/>
                <code value="denominator"/>
              </coding>
            </code>
            <description value="Denominator"/>
            <criteria>
              <language value="text/cql"/>
              <expression value="Denominator"/>
            </criteria>
          </population>
          <stratifier>
            <criteria>
              <language value="text/cql"/>
              <expression value="Age Group"/>
            </criteria>
          </stratifier>
        </group>
        <group>
          <code>
            <coding>
              <system value="http://ohie.org/CodeSystem"/>
              <code value="cohort"/>
              <display value="cohort"/>
            </coding>
          </code>
          <population>
            <code>
              <coding>
                <system value="http://terminology.hl7.org/CodeSystem/measure-population"/>
                <code value="numerator"/>
              </coding>
            </code>
            <description value="Numerator"/>
            <criteria>
              <language value="text/cql"/>
              <expression value="Numerator"/>
            </criteria>
          </population>
          <stratifier>
            <criteria>
              <language value="text/cql"/>
              <expression value="Age Group"/>
            </criteria>
          </stratifier>
        </group>
      </Measure>
    </resource>
    <request>
      <method value="PUT"/>
      <url value="Measure/HIVSimpleAgeGroup"/>
    </request>
  </entry>
  <entry>
    <fullUrl value="http://www.example.org/fhir/Measure/HIVSimpleCondition"/>
    <resource>
      <Measure>
        <id value="HIVSimpleCondition"/>
        <text>
          <status value="generated"/><div xmlns="http://www.w3.org/1999/xhtml"><p><b>Generated Narrative</b></p><p><b>url</b>: <code>https://intrahealth.github.io/simple-hiv-ig/Measure/HIVSimpleCondition</code></p><p><b>identifier</b>: id: HIVSimpleCondition</p><p><b>version</b>: 0.0.0</p><p><b>status</b>: draft</p><p><b>experimental</b>: true</p><p><b>date</b>: 2021-07-01</p><p><b>publisher</b>: OpenHIE</p><p><b>library</b>: <a href="https://intrahealth.github.io/simple-hiv-ig/Library-KitchenSink">https://intrahealth.github.io/simple-hiv-ig/Library-KitchenSink</a></p><p><b>scoring</b>: <span title="Codes: {http://terminology.hl7.org/CodeSystem/measure-scoring proportion}">Proportion</span></p><blockquote><p><b>group</b></p><p><b>code</b>: <span title="Codes: {http://ohie.org/CodeSystem cohort}">cohort</span></p><blockquote><p><b>population</b></p><p><b>code</b>: <span title="Codes: {http://terminology.hl7.org/CodeSystem/measure-population initial-population}">Initial Population</span></p><p><b>description</b>: Initial Population</p></blockquote><blockquote><p><b>population</b></p><p><b>code</b>: <span title="Codes: {http://terminology.hl7.org/CodeSystem/measure-population denominator}">Denominator</span></p><p><b>description</b>: Denominator</p></blockquote><blockquote><p><b>population</b></p><p><b>code</b>: <span title="Codes: {http://terminology.hl7.org/CodeSystem/measure-population numerator}">Numerator</span></p><p><b>description</b>: Numerator</p></blockquote><blockquote><p><b>stratifier</b></p></blockquote></blockquote></div>
        </text>
        <url value="https://intrahealth.github.io/simple-hiv-ig/Measure/HIVSimpleCondition"/>
        <identifier>
          <system value="https://intrahealth.github.io/simple-hiv-ig/Measure/"/>
          <value value="HIVSimpleCondition"/>
        </identifier>
        <version value="0.0.0"/>
        <status value="draft"/>
        <experimental value="true"/>
        <date value="2021-07-01"/>
        <publisher value="OpenHIE"/>
        <library value="https://intrahealth.github.io/simple-hiv-ig/Library-KitchenSink"/>
        <scoring>
          <coding>
            <system value="http://terminology.hl7.org/CodeSystem/measure-scoring"/>
            <code value="proportion"/>
          </coding>
        </scoring>
        <group>
          <code>
            <coding>
              <system value="http://ohie.org/CodeSystem"/>
              <code value="cohort"/>
              <display value="cohort"/>
            </coding>
          </code>
          <population>
            <code>
              <coding>
                <system value="http://terminology.hl7.org/CodeSystem/measure-population"/>
                <code value="initial-population"/>
              </coding>
            </code>
            <description value="Initial Population"/>
            <criteria>
              <language value="text/cql"/>
              <expression value="Initial Population"/>
            </criteria>
          </population>
          <population>
            <code>
              <coding>
                <system value="http://terminology.hl7.org/CodeSystem/measure-population"/>
                <code value="denominator"/>
              </coding>
            </code>
            <description value="Denominator"/>
            <criteria>
              <language value="text/cql"/>
              <expression value="Denominator"/>
            </criteria>
          </population>
          <population>
            <code>
              <coding>
                <system value="http://terminology.hl7.org/CodeSystem/measure-population"/>
                <code value="numerator"/>
              </coding>
            </code>
            <description value="Numerator"/>
            <criteria>
              <language value="text/cql"/>
              <expression value="Numerator"/>
            </criteria>
          </population>
          <stratifier>
            <criteria>
              <language value="text/cql"/>
              <expression value="Age Group"/>
            </criteria>
          </stratifier>
        </group>
      </Measure>
    </resource>
    <request>
      <method value="PUT"/>
      <url value="Measure/HIVSimpleCondition"/>
    </request>
  </entry>
  <entry>
    <fullUrl value="http://www.example.org/fhir/Measure/HIVSimpleGender"/>
    <resource>
      <Measure>
        <id value="HIVSimpleGender"/>
        <text>
          <status value="generated"/><div xmlns="http://www.w3.org/1999/xhtml"><p><b>Generated Narrative</b></p><p><b>url</b>: <code>https://intrahealth.github.io/simple-hiv-ig/Measure/HIVSimpleGender</code></p><p><b>identifier</b>: id: HIVSimpleGender</p><p><b>version</b>: 0.0.0</p><p><b>status</b>: draft</p><p><b>experimental</b>: true</p><p><b>date</b>: 2021-07-01</p><p><b>publisher</b>: OpenHIE</p><p><b>library</b>: <a href="https://intrahealth.github.io/simple-hiv-ig/Library-KitchenSink">https://intrahealth.github.io/simple-hiv-ig/Library-KitchenSink</a></p><p><b>scoring</b>: <span title="Codes: {http://terminology.hl7.org/CodeSystem/measure-scoring proportion}">Proportion</span></p><blockquote><p><b>group</b></p><p><b>code</b>: <span title="Codes: {http://ohie.org/CodeSystem cohort}">cohort</span></p><blockquote><p><b>population</b></p><p><b>code</b>: <span title="Codes: {http://terminology.hl7.org/CodeSystem/measure-population initial-population}">Initial Population</span></p><p><b>description</b>: Initial Population</p></blockquote><blockquote><p><b>population</b></p><p><b>code</b>: <span title="Codes: {http://terminology.hl7.org/CodeSystem/measure-population denominator}">Denominator</span></p><p><b>description</b>: Denominator</p></blockquote><blockquote><p><b>population</b></p><p><b>code</b>: <span title="Codes: {http://terminology.hl7.org/CodeSystem/measure-population numerator}">Numerator</span></p><p><b>description</b>: Numerator</p></blockquote></blockquote></div>
        </text>
        <url value="https://intrahealth.github.io/simple-hiv-ig/Measure/HIVSimpleGender"/>
        <identifier>
          <system value="https://intrahealth.github.io/simple-hiv-ig/Measure/"/>
          <value value="HIVSimpleGender"/>
        </identifier>
        <version value="0.0.0"/>
        <status value="draft"/>
        <experimental value="true"/>
        <date value="2021-07-01"/>
        <publisher value="OpenHIE"/>
        <library value="https://intrahealth.github.io/simple-hiv-ig/Library-KitchenSink"/>
        <scoring>
          <coding>
            <system value="http://terminology.hl7.org/CodeSystem/measure-scoring"/>
            <code value="proportion"/>
          </coding>
        </scoring>
        <group>
          <code>
            <coding>
              <system value="http://ohie.org/CodeSystem"/>
              <code value="cohort"/>
              <display value="cohort"/>
            </coding>
          </code>
          <population>
            <code>
              <coding>
                <system value="http://terminology.hl7.org/CodeSystem/measure-population"/>
                <code value="initial-population"/>
              </coding>
            </code>
            <description value="Initial Population"/>
            <criteria>
              <language value="text/cql"/>
              <expression value="Initial Population"/>
            </criteria>
          </population>
          <population>
            <code>
              <coding>
                <system value="http://terminology.hl7.org/CodeSystem/measure-population"/>
                <code value="denominator"/>
              </coding>
            </code>
            <description value="Denominator"/>
            <criteria>
              <language value="text/cql"/>
              <expression value="Denominator"/>
            </criteria>
          </population>
          <population>
            <code>
              <coding>
                <system value="http://terminology.hl7.org/CodeSystem/measure-population"/>
                <code value="numerator"/>
              </coding>
            </code>
            <description value="Numerator"/>
            <criteria>
              <language value="text/cql"/>
              <expression value="Numerator"/>
            </criteria>
          </population>
        </group>
      </Measure>
    </resource>
    <request>
      <method value="PUT"/>
      <url value="Measure/HIVSimpleGender"/>
    </request>
  </entry>
  <entry>
    <fullUrl value="http://www.example.org/fhir/Measure/HIVSimpleGenderCohort"/>
    <resource>
      <Measure>
        <id value="HIVSimpleGenderCohort"/>
        <text>
          <status value="generated"/><div xmlns="http://www.w3.org/1999/xhtml"><p><b>Generated Narrative</b></p><p><b>url</b>: <code>https://intrahealth.github.io/simple-hiv-ig/Measure/HIVSimpleGenderCohort</code></p><p><b>identifier</b>: id: HIVSimpleGenderCohort</p><p><b>version</b>: 0.0.0</p><p><b>status</b>: draft</p><p><b>experimental</b>: true</p><p><b>date</b>: 2021-07-01</p><p><b>publisher</b>: OpenHIE</p><p><b>library</b>: <a href="https://intrahealth.github.io/simple-hiv-ig/Library-KitchenSink">https://intrahealth.github.io/simple-hiv-ig/Library-KitchenSink</a></p><p><b>scoring</b>: <span title="Codes: {http://terminology.hl7.org/CodeSystem/measure-scoring cohort}">Cohort</span></p><blockquote><p><b>group</b></p><p><b>code</b>: <span title="Codes: {http://ohie.org/CodeSystem cohort}">cohort</span></p><blockquote><p><b>population</b></p><p><b>code</b>: <span title="Codes: {http://terminology.hl7.org/CodeSystem/measure-population initial-population}">Initial Population</span></p><p><b>description</b>: Initial Population</p></blockquote></blockquote></div>
        </text>
        <url value="https://intrahealth.github.io/simple-hiv-ig/Measure/HIVSimpleGenderCohort"/>
        <identifier>
          <system value="https://intrahealth.github.io/simple-hiv-ig/Measure/"/>
          <value value="HIVSimpleGenderCohort"/>
        </identifier>
        <version value="0.0.0"/>
        <status value="draft"/>
        <experimental value="true"/>
        <date value="2021-07-01"/>
        <publisher value="OpenHIE"/>
        <library value="https://intrahealth.github.io/simple-hiv-ig/Library-KitchenSink"/>
        <scoring>
          <coding>
            <system value="http://terminology.hl7.org/CodeSystem/measure-scoring"/>
            <code value="cohort"/>
          </coding>
        </scoring>
        <group>
          <code>
            <coding>
              <system value="http://ohie.org/CodeSystem"/>
              <code value="cohort"/>
              <display value="cohort"/>
            </coding>
          </code>
          <population>
            <code>
              <coding>
                <system value="http://terminology.hl7.org/CodeSystem/measure-population"/>
                <code value="initial-population"/>
              </coding>
            </code>
            <description value="Initial Population"/>
            <criteria>
              <language value="text/cql"/>
              <expression value="Initial Population"/>
            </criteria>
          </population>
        </group>
      </Measure>
    </resource>
    <request>
      <method value="PUT"/>
      <url value="Measure/HIVSimpleGenderCohort"/>
    </request>
  </entry>
  <entry>
    <fullUrl value="http://www.example.org/fhir/Measure/HIVSimpleGenderSubjectList"/>
    <resource>
      <Measure>
        <id value="HIVSimpleGenderSubjectList"/>
        <text>
          <status value="generated"/><div xmlns="http://www.w3.org/1999/xhtml"><p><b>Generated Narrative</b></p><p><b>url</b>: <code>https://intrahealth.github.io/simple-hiv-ig/Measure/HIVSimpleGenderSubjectList</code></p><p><b>identifier</b>: id: HIVSimpleGenderSubjectList</p><p><b>version</b>: 0.0.0</p><p><b>status</b>: draft</p><p><b>experimental</b>: true</p><p><b>date</b>: 2021-07-01</p><p><b>publisher</b>: OpenHIE</p><p><b>library</b>: <a href="https://intrahealth.github.io/simple-hiv-ig/Library-KitchenSink">https://intrahealth.github.io/simple-hiv-ig/Library-KitchenSink</a></p><p><b>scoring</b>: <span title="Codes: {http://terminology.hl7.org/CodeSystem/measure-scoring cohort}">Cohort</span></p><blockquote><p><b>group</b></p><p><b>code</b>: <span title="Codes: {http://ohie.org/CodeSystem cohort}">cohort</span></p><blockquote><p><b>population</b></p><p><b>code</b>: <span title="Codes: {http://terminology.hl7.org/CodeSystem/measure-population initial-population}">Initial Population</span></p><p><b>description</b>: Initial Population</p></blockquote></blockquote></div>
        </text>
        <url value="https://intrahealth.github.io/simple-hiv-ig/Measure/HIVSimpleGenderSubjectList"/>
        <identifier>
          <system value="https://intrahealth.github.io/simple-hiv-ig/Measure/"/>
          <value value="HIVSimpleGenderSubjectList"/>
        </identifier>
        <version value="0.0.0"/>
        <status value="draft"/>
        <experimental value="true"/>
        <date value="2021-07-01"/>
        <publisher value="OpenHIE"/>
        <library value="https://intrahealth.github.io/simple-hiv-ig/Library-KitchenSink"/>
        <scoring>
          <coding>
            <system value="http://terminology.hl7.org/CodeSystem/measure-scoring"/>
            <code value="cohort"/>
          </coding>
        </scoring>
        <group>
          <code>
            <coding>
              <system value="http://ohie.org/CodeSystem"/>
              <code value="cohort"/>
              <display value="cohort"/>
            </coding>
          </code>
          <population>
            <code>
              <coding>
                <system value="http://terminology.hl7.org/CodeSystem/measure-population"/>
                <code value="initial-population"/>
              </coding>
            </code>
            <description value="Initial Population"/>
            <criteria>
              <language value="text/cql"/>
              <expression value="Initial Population"/>
            </criteria>
          </population>
        </group>
      </Measure>
    </resource>
    <request>
      <method value="PUT"/>
      <url value="Measure/HIVSimpleGenderSubjectList"/>
    </request>
  </entry>
  <entry>
    <fullUrl value="http://www.example.org/fhir/Measure/HIVSimpleGenderSuppData"/>
    <resource>
      <Measure>
        <id value="HIVSimpleGenderSuppData"/>
        <text>
          <status value="generated"/><div xmlns="http://www.w3.org/1999/xhtml"><p><b>Generated Narrative</b></p><p><b>url</b>: <code>https://intrahealth.github.io/simple-hiv-ig/Measure/HIVSimpleGenderSuppData</code></p><p><b>identifier</b>: id: HIVSimpleGenderSuppData</p><p><b>version</b>: 0.0.0</p><p><b>status</b>: draft</p><p><b>experimental</b>: true</p><p><b>date</b>: 2021-07-01</p><p><b>publisher</b>: OpenHIE</p><p><b>library</b>: <a href="https://intrahealth.github.io/simple-hiv-ig/Library-KitchenSink">https://intrahealth.github.io/simple-hiv-ig/Library-KitchenSink</a></p><p><b>scoring</b>: <span title="Codes: {http://terminology.hl7.org/CodeSystem/measure-scoring proportion}">Proportion</span></p><blockquote><p><b>group</b></p><p><b>code</b>: <span title="Codes: {http://ohie.org/CodeSystem cohort}">cohort</span></p><blockquote><p><b>population</b></p><p><b>code</b>: <span title="Codes: {http://terminology.hl7.org/CodeSystem/measure-population initial-population}">Initial Population</span></p><p><b>description</b>: Initial Population</p></blockquote><blockquote><p><b>population</b></p><p><b>code</b>: <span title="Codes: {http://terminology.hl7.org/CodeSystem/measure-population denominator}">Denominator</span></p><p><b>description</b>: Denominator</p></blockquote><blockquote><p><b>population</b></p><p><b>code</b>: <span title="Codes: {http://terminology.hl7.org/CodeSystem/measure-population numerator}">Numerator</span></p><p><b>description</b>: Numerator</p></blockquote></blockquote><blockquote><p><b>supplementalData</b></p><p><b>code</b>: <span title="Codes: ">supplemental-data-example-define</span></p></blockquote></div>
        </text>
        <url value="https://intrahealth.github.io/simple-hiv-ig/Measure/HIVSimpleGenderSuppData"/>
        <identifier>
          <system value="https://intrahealth.github.io/simple-hiv-ig/Measure/"/>
          <value value="HIVSimpleGenderSuppData"/>
        </identifier>
        <version value="0.0.0"/>
        <status value="draft"/>
        <experimental value="true"/>
        <date value="2021-07-01"/>
        <publisher value="OpenHIE"/>
        <library value="https://intrahealth.github.io/simple-hiv-ig/Library-KitchenSink"/>
        <scoring>
          <coding>
            <system value="http://terminology.hl7.org/CodeSystem/measure-scoring"/>
            <code value="proportion"/>
          </coding>
        </scoring>
        <group>
          <code>
            <coding>
              <system value="http://ohie.org/CodeSystem"/>
              <code value="cohort"/>
              <display value="cohort"/>
            </coding>
          </code>
          <population>
            <code>
              <coding>
                <system value="http://terminology.hl7.org/CodeSystem/measure-population"/>
                <code value="initial-population"/>
              </coding>
            </code>
            <description value="Initial Population"/>
            <criteria>
              <language value="text/cql"/>
              <expression value="Initial Population"/>
            </criteria>
          </population>
          <population>
            <code>
              <coding>
                <system value="http://terminology.hl7.org/CodeSystem/measure-population"/>
                <code value="denominator"/>
              </coding>
            </code>
            <description value="Denominator"/>
            <criteria>
              <language value="text/cql"/>
              <expression value="Denominator"/>
            </criteria>
          </population>
          <population>
            <code>
              <coding>
                <system value="http://terminology.hl7.org/CodeSystem/measure-population"/>
                <code value="numerator"/>
              </coding>
            </code>
            <description value="Numerator"/>
            <criteria>
              <language value="text/cql"/>
              <expression value="Numerator"/>
            </criteria>
          </population>
        </group>
        <supplementalData>
          <code>
            <text value="supplemental-data-example-define"/>
          </code>
          <criteria>
            <language value="text/cql"/>
            <expression value="SDE Sex"/>
          </criteria>
        </supplementalData>
      </Measure>
    </resource>
    <request>
      <method value="PUT"/>
      <url value="Measure/HIVSimpleGenderSuppData"/>
    </request>
  </entry>
  <entry>
    <fullUrl value="http://www.example.org/fhir/Measure/HIVSimpleGenderSuppDataIndiv"/>
    <resource>
      <Measure>
        <id value="HIVSimpleGenderSuppDataIndiv"/>
        <text>
          <status value="generated"/><div xmlns="http://www.w3.org/1999/xhtml"><p><b>Generated Narrative</b></p><p><b>url</b>: <code>https://intrahealth.github.io/simple-hiv-ig/Measure/HIVSimpleGenderSuppDataIndiv</code></p><p><b>identifier</b>: id: HIVSimpleGenderSuppDataIndiv</p><p><b>version</b>: 0.0.0</p><p><b>status</b>: draft</p><p><b>experimental</b>: true</p><p><b>date</b>: 2021-07-01</p><p><b>publisher</b>: OpenHIE</p><p><b>library</b>: <a href="https://intrahealth.github.io/simple-hiv-ig/Library-KitchenSink">https://intrahealth.github.io/simple-hiv-ig/Library-KitchenSink</a></p><p><b>scoring</b>: <span title="Codes: {http://terminology.hl7.org/CodeSystem/measure-scoring proportion}">Proportion</span></p><blockquote><p><b>group</b></p><p><b>code</b>: <span title="Codes: {http://ohie.org/CodeSystem cohort}">cohort</span></p><blockquote><p><b>population</b></p><p><b>code</b>: <span title="Codes: {http://terminology.hl7.org/CodeSystem/measure-population initial-population}">Initial Population</span></p><p><b>description</b>: Initial Population</p></blockquote><blockquote><p><b>population</b></p><p><b>code</b>: <span title="Codes: {http://terminology.hl7.org/CodeSystem/measure-population denominator}">Denominator</span></p><p><b>description</b>: Denominator</p></blockquote><blockquote><p><b>population</b></p><p><b>code</b>: <span title="Codes: {http://terminology.hl7.org/CodeSystem/measure-population numerator}">Numerator</span></p><p><b>description</b>: Numerator</p></blockquote></blockquote><blockquote><p><b>supplementalData</b></p><p><b>code</b>: <span title="Codes: ">supplemental-data-example-define-sex</span></p></blockquote><blockquote><p><b>supplementalData</b></p><p><b>code</b>: <span title="Codes: ">supplemental-data-example-define-location</span></p></blockquote></div>
        </text>
        <url value="https://intrahealth.github.io/simple-hiv-ig/Measure/HIVSimpleGenderSuppDataIndiv"/>
        <identifier>
          <system value="https://intrahealth.github.io/simple-hiv-ig/Measure/"/>
          <value value="HIVSimpleGenderSuppDataIndiv"/>
        </identifier>
        <version value="0.0.0"/>
        <status value="draft"/>
        <experimental value="true"/>
        <date value="2021-07-01"/>
        <publisher value="OpenHIE"/>
        <library value="https://intrahealth.github.io/simple-hiv-ig/Library-KitchenSink"/>
        <scoring>
          <coding>
            <system value="http://terminology.hl7.org/CodeSystem/measure-scoring"/>
            <code value="proportion"/>
          </coding>
        </scoring>
        <group>
          <code>
            <coding>
              <system value="http://ohie.org/CodeSystem"/>
              <code value="cohort"/>
              <display value="cohort"/>
            </coding>
          </code>
          <population>
            <code>
              <coding>
                <system value="http://terminology.hl7.org/CodeSystem/measure-population"/>
                <code value="initial-population"/>
              </coding>
            </code>
            <description value="Initial Population"/>
            <criteria>
              <language value="text/cql"/>
              <expression value="Initial Population"/>
            </criteria>
          </population>
          <population>
            <code>
              <coding>
                <system value="http://terminology.hl7.org/CodeSystem/measure-population"/>
                <code value="denominator"/>
              </coding>
            </code>
            <description value="Denominator"/>
            <criteria>
              <language value="text/cql"/>
              <expression value="Denominator"/>
            </criteria>
          </population>
          <population>
            <code>
              <coding>
                <system value="http://terminology.hl7.org/CodeSystem/measure-population"/>
                <code value="numerator"/>
              </coding>
            </code>
            <description value="Numerator"/>
            <criteria>
              <language value="text/cql"/>
              <expression value="Numerator"/>
            </criteria>
          </population>
        </group>
        <supplementalData>
          <code>
            <text value="supplemental-data-example-define-sex"/>
          </code>
          <criteria>
            <language value="text/cql"/>
            <expression value="SDE Sex"/>
          </criteria>
        </supplementalData>
        <supplementalData>
          <code>
            <text value="supplemental-data-example-define-location"/>
          </code>
          <criteria>
            <language value="text/cql"/>
            <expression value="SDE Location"/>
          </criteria>
        </supplementalData>
      </Measure>
    </resource>
    <request>
      <method value="PUT"/>
      <url value="Measure/HIVSimpleGenderSuppDataIndiv"/>
    </request>
  </entry>
  <entry>
    <fullUrl value="http://www.example.org/fhir/Measure/HIVSimpleTestResult"/>
    <resource>
      <Measure>
        <id value="HIVSimpleTestResult"/>
        <text>
          <status value="generated"/><div xmlns="http://www.w3.org/1999/xhtml"><p><b>Generated Narrative</b></p><p><b>url</b>: <code>https://intrahealth.github.io/simple-hiv-ig/Measure/HIVSimpleTestResult</code></p><p><b>identifier</b>: id: HIVSimpleTestResult</p><p><b>version</b>: 0.0.0</p><p><b>status</b>: draft</p><p><b>experimental</b>: true</p><p><b>date</b>: 2021-07-01</p><p><b>publisher</b>: OpenHIE</p><p><b>library</b>: <a href="https://intrahealth.github.io/simple-hiv-ig/Library-KitchenSink">https://intrahealth.github.io/simple-hiv-ig/Library-KitchenSink</a></p><p><b>scoring</b>: <span title="Codes: {http://terminology.hl7.org/CodeSystem/measure-scoring proportion}">Proportion</span></p><blockquote><p><b>group</b></p><p><b>code</b>: <span title="Codes: {http://ohie.org/CodeSystem cohort}">cohort</span></p><blockquote><p><b>population</b></p><p><b>code</b>: <span title="Codes: {http://terminology.hl7.org/CodeSystem/measure-population initial-population}">Initial Population</span></p><p><b>description</b>: Initial Population</p></blockquote><blockquote><p><b>population</b></p><p><b>code</b>: <span title="Codes: {http://terminology.hl7.org/CodeSystem/measure-population denominator}">Denominator</span></p><p><b>description</b>: Denominator</p></blockquote><blockquote><p><b>population</b></p><p><b>code</b>: <span title="Codes: {http://terminology.hl7.org/CodeSystem/measure-population numerator}">Numerator</span></p><p><b>description</b>: Numerator</p></blockquote></blockquote></div>
        </text>
        <url value="https://intrahealth.github.io/simple-hiv-ig/Measure/HIVSimpleTestResult"/>
        <identifier>
          <system value="https://intrahealth.github.io/simple-hiv-ig/Measure/"/>
          <value value="HIVSimpleTestResult"/>
        </identifier>
        <version value="0.0.0"/>
        <status value="draft"/>
        <experimental value="true"/>
        <date value="2021-07-01"/>
        <publisher value="OpenHIE"/>
        <library value="https://intrahealth.github.io/simple-hiv-ig/Library-KitchenSink"/>
        <scoring>
          <coding>
            <system value="http://terminology.hl7.org/CodeSystem/measure-scoring"/>
            <code value="proportion"/>
          </coding>
        </scoring>
        <group>
          <code>
            <coding>
              <system value="http://ohie.org/CodeSystem"/>
              <code value="cohort"/>
              <display value="cohort"/>
            </coding>
          </code>
          <population>
            <code>
              <coding>
                <system value="http://terminology.hl7.org/CodeSystem/measure-population"/>
                <code value="initial-population"/>
              </coding>
            </code>
            <description value="Initial Population"/>
            <criteria>
              <language value="text/cql"/>
              <expression value="Initial Population"/>
            </criteria>
          </population>
          <population>
            <code>
              <coding>
                <system value="http://terminology.hl7.org/CodeSystem/measure-population"/>
                <code value="denominator"/>
              </coding>
            </code>
            <description value="Denominator"/>
            <criteria>
              <language value="text/cql"/>
              <expression value="Denominator"/>
            </criteria>
          </population>
          <population>
            <code>
              <coding>
                <system value="http://terminology.hl7.org/CodeSystem/measure-population"/>
                <code value="numerator"/>
              </coding>
            </code>
            <description value="Numerator"/>
            <criteria>
              <language value="text/cql"/>
              <expression value="Numerator"/>
            </criteria>
          </population>
        </group>
      </Measure>
    </resource>
    <request>
      <method value="PUT"/>
      <url value="Measure/HIVSimpleTestResult"/>
    </request>
  </entry>
</Bundle>