<?xml version="1.0" encoding="UTF-8"?>

<Bundle xmlns="http://hl7.org/fhir">
  <id value="HIVSimple-Measures"/>
  <type value="transaction"/>
  <entry>
    <fullUrl value="http://www.example.org/fhir/Measure/HIVSimpleAgeGroup-Measure"/>
    <resource>
      <Measure>
        <id value="HIVSimpleAgeGroup-Measure"/>
        <text>
          <status value="generated"/><div xmlns="http://www.w3.org/1999/xhtml"><p><b>Generated Narrative</b></p><p><b>url</b>: <code>Measure/HIVSimpleAgeGroup</code></p><p><b>identifier</b>: id: HIVSimpleAgeGroup</p><p><b>version</b>: 0.0.0</p><p><b>status</b>: draft</p><p><b>experimental</b>: true</p><p><b>date</b>: 2021-07-01</p><p><b>publisher</b>: OpenHIE</p><p><b>library</b>: <code>Library/HIVSimpleAgeGroup</code></p><p><b>scoring</b>: <span title="Codes: ">proportion</span></p><p><b>type</b>: <span title="Codes: ">process</span></p><blockquote><p><b>group</b></p><blockquote><p><b>population</b></p><p><b>code</b>: <span title="Codes: {http://terminology.hl7.org/CodeSystem/measure-population initial-population}">Initial Population</span></p><p><b>description</b>: Initial Population</p></blockquote><blockquote><p><b>stratifier</b></p></blockquote></blockquote><blockquote><p><b>group</b></p><blockquote><p><b>population</b></p><p><b>code</b>: <span title="Codes: {http://terminology.hl7.org/CodeSystem/measure-population denominator}">Denominator</span></p><p><b>description</b>: Denominator</p></blockquote><blockquote><p><b>stratifier</b></p></blockquote></blockquote><blockquote><p><b>group</b></p><blockquote><p><b>population</b></p><p><b>code</b>: <span title="Codes: {http://terminology.hl7.org/CodeSystem/measure-population numerator}">Numerator</span></p><p><b>description</b>: Numerator</p></blockquote><blockquote><p><b>stratifier</b></p></blockquote></blockquote></div>
        </text>
        <url value="Measure/HIVSimpleAgeGroup"/>
        <identifier>
          <system value="http://ohie.org/Measure/"/>
          <value value="HIVSimpleAgeGroup"/>
        </identifier>
        <version value="0.0.0"/>
        <status value="draft"/>
        <experimental value="true"/>
        <date value="2021-07-01"/>
        <publisher value="OpenHIE"/>
        <library value="Library/HIVSimpleAgeGroup"/>
        <scoring>
          <coding>
            <code value="proportion"/>
          </coding>
        </scoring>
        <type>
          <coding>
            <code value="process"/>
          </coding>
        </type>
        <group>
          <population>
            <code>
              <coding>
                <system value="http://terminology.hl7.org/CodeSystem/measure-population"/>
                <code value="initial-population"/>
              </coding>
            </code>
            <description value="Initial Population"/>
            <criteria>
              <language value="text/cql"/>
              <expression value="Initial Population"/>
            </criteria>
          </population>
          <stratifier>
            <criteria>
              <language value="text/cql"/>
              <expression value="Age Group"/>
            </criteria>
          </stratifier>
        </group>
        <group>
          <population>
            <code>
              <coding>
                <system value="http://terminology.hl7.org/CodeSystem/measure-population"/>
                <code value="denominator"/>
              </coding>
            </code>
            <description value="Denominator"/>
            <criteria>
              <language value="text/cql"/>
              <expression value="Denominator"/>
            </criteria>
          </population>
          <stratifier>
            <criteria>
              <language value="text/cql"/>
              <expression value="Age Group"/>
            </criteria>
          </stratifier>
        </group>
        <group>
          <population>
            <code>
              <coding>
                <system value="http://terminology.hl7.org/CodeSystem/measure-population"/>
                <code value="numerator"/>
              </coding>
            </code>
            <description value="Numerator"/>
            <criteria>
              <language value="text/cql"/>
              <expression value="Numerator"/>
            </criteria>
          </population>
          <stratifier>
            <criteria>
              <language value="text/cql"/>
              <expression value="Age Group"/>
            </criteria>
          </stratifier>
        </group>
      </Measure>
    </resource>
    <request>
      <method value="PUT"/>
      <url value="Measure"/>
    </request>
  </entry>
  <entry>
    <fullUrl value="http://www.example.org/fhir/Measure/HIVSimpleCondition-Measure"/>
    <resource>
      <Measure>
        <id value="HIVSimpleCondition-Measure"/>
        <text>
          <status value="generated"/><div xmlns="http://www.w3.org/1999/xhtml"><p><b>Generated Narrative</b></p><p><b>url</b>: <code>Measure/HIVSimpleCondition</code></p><p><b>identifier</b>: id: HIVSimpleCondition</p><p><b>version</b>: 0.0.0</p><p><b>status</b>: draft</p><p><b>experimental</b>: true</p><p><b>date</b>: 2021-07-01</p><p><b>publisher</b>: OpenHIE</p><p><b>library</b>: <code>Library/HIVSimpleCondition</code></p><p><b>scoring</b>: <span title="Codes: ">proportion</span></p><p><b>type</b>: <span title="Codes: ">process</span></p><blockquote><p><b>group</b></p><blockquote><p><b>population</b></p><p><b>code</b>: <span title="Codes: {http://terminology.hl7.org/CodeSystem/measure-population initial-population}">Initial Population</span></p><p><b>description</b>: Initial Population</p></blockquote><blockquote><p><b>population</b></p><p><b>code</b>: <span title="Codes: {http://terminology.hl7.org/CodeSystem/measure-population denominator}">Denominator</span></p><p><b>description</b>: Denominator</p></blockquote><blockquote><p><b>population</b></p><p><b>code</b>: <span title="Codes: {http://terminology.hl7.org/CodeSystem/measure-population numerator}">Numerator</span></p><p><b>description</b>: Numerator</p></blockquote><blockquote><p><b>stratifier</b></p></blockquote></blockquote></div>
        </text>
        <url value="Measure/HIVSimpleCondition"/>
        <identifier>
          <system value="http://ohie.org/Measure/"/>
          <value value="HIVSimpleCondition"/>
        </identifier>
        <version value="0.0.0"/>
        <status value="draft"/>
        <experimental value="true"/>
        <date value="2021-07-01"/>
        <publisher value="OpenHIE"/>
        <library value="Library/HIVSimpleCondition"/>
        <scoring>
          <coding>
            <code value="proportion"/>
          </coding>
        </scoring>
        <type>
          <coding>
            <code value="process"/>
          </coding>
        </type>
        <group>
          <population>
            <code>
              <coding>
                <system value="http://terminology.hl7.org/CodeSystem/measure-population"/>
                <code value="initial-population"/>
              </coding>
            </code>
            <description value="Initial Population"/>
            <criteria>
              <language value="text/cql"/>
              <expression value="Initial Population"/>
            </criteria>
          </population>
          <population>
            <code>
              <coding>
                <system value="http://terminology.hl7.org/CodeSystem/measure-population"/>
                <code value="denominator"/>
              </coding>
            </code>
            <description value="Denominator"/>
            <criteria>
              <language value="text/cql"/>
              <expression value="Denominator"/>
            </criteria>
          </population>
          <population>
            <code>
              <coding>
                <system value="http://terminology.hl7.org/CodeSystem/measure-population"/>
                <code value="numerator"/>
              </coding>
            </code>
            <description value="Numerator"/>
            <criteria>
              <language value="text/cql"/>
              <expression value="Numerator"/>
            </criteria>
          </population>
          <stratifier>
            <criteria>
              <language value="text/cql"/>
              <expression value="Age Group"/>
            </criteria>
          </stratifier>
        </group>
      </Measure>
    </resource>
    <request>
      <method value="PUT"/>
      <url value="Measure"/>
    </request>
  </entry>
  <entry>
    <fullUrl value="http://www.example.org/fhir/Measure/HIVSimpleDemog-Measure"/>
    <resource>
      <Measure>
        <id value="HIVSimpleDemog-Measure"/>
        <text>
          <status value="generated"/><div xmlns="http://www.w3.org/1999/xhtml"><p><b>Generated Narrative</b></p><p><b>url</b>: <code>Measure/HIVSimpleDemog</code></p><p><b>identifier</b>: id: HIVSimpleDemog</p><p><b>version</b>: 0.0.0</p><p><b>status</b>: draft</p><p><b>experimental</b>: true</p><p><b>date</b>: 2021-07-01</p><p><b>publisher</b>: OpenHIE</p><p><b>library</b>: <code>Library/HIVSimpleDemog</code></p><p><b>scoring</b>: <span title="Codes: ">proportion</span></p><p><b>type</b>: <span title="Codes: ">process</span></p><blockquote><p><b>group</b></p><blockquote><p><b>population</b></p><p><b>code</b>: <span title="Codes: {http://terminology.hl7.org/CodeSystem/measure-population initial-population}">Initial Population</span></p><p><b>description</b>: Initial Population</p></blockquote><blockquote><p><b>population</b></p><p><b>code</b>: <span title="Codes: {http://terminology.hl7.org/CodeSystem/measure-population denominator}">Denominator</span></p><p><b>description</b>: Denominator</p></blockquote><blockquote><p><b>population</b></p><p><b>code</b>: <span title="Codes: {http://terminology.hl7.org/CodeSystem/measure-population numerator}">Numerator</span></p><p><b>description</b>: Numerator</p></blockquote></blockquote></div>
        </text>
        <url value="Measure/HIVSimpleDemog"/>
        <identifier>
          <system value="http://ohie.org/Measure/"/>
          <value value="HIVSimpleDemog"/>
        </identifier>
        <version value="0.0.0"/>
        <status value="draft"/>
        <experimental value="true"/>
        <date value="2021-07-01"/>
        <publisher value="OpenHIE"/>
        <library value="Library/HIVSimpleDemog"/>
        <scoring>
          <coding>
            <code value="proportion"/>
          </coding>
        </scoring>
        <type>
          <coding>
            <code value="process"/>
          </coding>
        </type>
        <group>
          <population>
            <code>
              <coding>
                <system value="http://terminology.hl7.org/CodeSystem/measure-population"/>
                <code value="initial-population"/>
              </coding>
            </code>
            <description value="Initial Population"/>
            <criteria>
              <language value="text/cql"/>
              <expression value="Initial Population"/>
            </criteria>
          </population>
          <population>
            <code>
              <coding>
                <system value="http://terminology.hl7.org/CodeSystem/measure-population"/>
                <code value="denominator"/>
              </coding>
            </code>
            <description value="Denominator"/>
            <criteria>
              <language value="text/cql"/>
              <expression value="Denominator"/>
            </criteria>
          </population>
          <population>
            <code>
              <coding>
                <system value="http://terminology.hl7.org/CodeSystem/measure-population"/>
                <code value="numerator"/>
              </coding>
            </code>
            <description value="Numerator"/>
            <criteria>
              <language value="text/cql"/>
              <expression value="Numerator"/>
            </criteria>
          </population>
        </group>
      </Measure>
    </resource>
    <request>
      <method value="PUT"/>
      <url value="Measure"/>
    </request>
  </entry>
  <entry>
    <fullUrl value="http://www.example.org/fhir/Measure/HIVSimpleGender-Measure"/>
    <resource>
      <Measure>
        <id value="HIVSimpleGender-Measure"/>
        <text>
          <status value="generated"/><div xmlns="http://www.w3.org/1999/xhtml"><p><b>Generated Narrative</b></p><p><b>url</b>: <code>Measure/HIVSimpleGender</code></p><p><b>identifier</b>: id: HIVSimpleGender</p><p><b>version</b>: 0.0.0</p><p><b>status</b>: draft</p><p><b>experimental</b>: true</p><p><b>date</b>: 2021-07-01</p><p><b>publisher</b>: OpenHIE</p><p><b>library</b>: <code>Library/HIVSimpleGender</code></p><p><b>scoring</b>: <span title="Codes: ">proportion</span></p><p><b>type</b>: <span title="Codes: ">process</span></p><blockquote><p><b>group</b></p><blockquote><p><b>population</b></p><p><b>code</b>: <span title="Codes: {http://terminology.hl7.org/CodeSystem/measure-population initial-population}">Initial Population</span></p><p><b>description</b>: Initial Population</p></blockquote><blockquote><p><b>population</b></p><p><b>code</b>: <span title="Codes: {http://terminology.hl7.org/CodeSystem/measure-population denominator}">Denominator</span></p><p><b>description</b>: Denominator</p></blockquote><blockquote><p><b>population</b></p><p><b>code</b>: <span title="Codes: {http://terminology.hl7.org/CodeSystem/measure-population numerator}">Numerator</span></p><p><b>description</b>: Numerator</p></blockquote></blockquote></div>
        </text>
        <url value="Measure/HIVSimpleGender"/>
        <identifier>
          <system value="http://ohie.org/Measure/"/>
          <value value="HIVSimpleGender"/>
        </identifier>
        <version value="0.0.0"/>
        <status value="draft"/>
        <experimental value="true"/>
        <date value="2021-07-01"/>
        <publisher value="OpenHIE"/>
        <library value="Library/HIVSimpleGender"/>
        <scoring>
          <coding>
            <code value="proportion"/>
          </coding>
        </scoring>
        <type>
          <coding>
            <code value="process"/>
          </coding>
        </type>
        <group>
          <population>
            <code>
              <coding>
                <system value="http://terminology.hl7.org/CodeSystem/measure-population"/>
                <code value="initial-population"/>
              </coding>
            </code>
            <description value="Initial Population"/>
            <criteria>
              <language value="text/cql"/>
              <expression value="Initial Population"/>
            </criteria>
          </population>
          <population>
            <code>
              <coding>
                <system value="http://terminology.hl7.org/CodeSystem/measure-population"/>
                <code value="denominator"/>
              </coding>
            </code>
            <description value="Denominator"/>
            <criteria>
              <language value="text/cql"/>
              <expression value="Denominator"/>
            </criteria>
          </population>
          <population>
            <code>
              <coding>
                <system value="http://terminology.hl7.org/CodeSystem/measure-population"/>
                <code value="numerator"/>
              </coding>
            </code>
            <description value="Numerator"/>
            <criteria>
              <language value="text/cql"/>
              <expression value="Numerator"/>
            </criteria>
          </population>
        </group>
      </Measure>
    </resource>
    <request>
      <method value="PUT"/>
      <url value="Measure"/>
    </request>
  </entry>
  <entry>
    <fullUrl value="http://www.example.org/fhir/Measure/HIVSimpleGender2-Measure"/>
    <resource>
      <Measure>
        <id value="HIVSimpleGender2-Measure"/>
        <text>
          <status value="generated"/><div xmlns="http://www.w3.org/1999/xhtml"><p><b>Generated Narrative</b></p><p><b>url</b>: <code>Measure/HIVSimpleGender2</code></p><p><b>identifier</b>: id: HIVSimpleGender2</p><p><b>version</b>: 0.0.0</p><p><b>status</b>: draft</p><p><b>experimental</b>: true</p><p><b>date</b>: 2021-07-01</p><p><b>publisher</b>: OpenHIE</p><p><b>library</b>: <code>Library/HIVSimpleGender</code></p><p><b>scoring</b>: <span title="Codes: ">proportion</span></p><p><b>type</b>: <span title="Codes: ">process</span></p><blockquote><p><b>group</b></p><blockquote><p><b>population</b></p><p><b>code</b>: <span title="Codes: {http://terminology.hl7.org/CodeSystem/measure-population initial-population}">Initial Population</span></p><p><b>description</b>: Initial Population</p></blockquote><blockquote><p><b>population</b></p><p><b>code</b>: <span title="Codes: {http://terminology.hl7.org/CodeSystem/measure-population denominator}">Denominator</span></p><p><b>description</b>: Denominator</p></blockquote><blockquote><p><b>population</b></p><p><b>code</b>: <span title="Codes: {http://terminology.hl7.org/CodeSystem/measure-population numerator}">Numerator</span></p><p><b>description</b>: Numerator</p></blockquote></blockquote></div>
        </text>
        <url value="Measure/HIVSimpleGender2"/>
        <identifier>
          <system value="http://ohie.org/Measure/"/>
          <value value="HIVSimpleGender2"/>
        </identifier>
        <version value="0.0.0"/>
        <status value="draft"/>
        <experimental value="true"/>
        <date value="2021-07-01"/>
        <publisher value="OpenHIE"/>
        <library value="Library/HIVSimpleGender"/>
        <scoring>
          <coding>
            <code value="proportion"/>
          </coding>
        </scoring>
        <type>
          <coding>
            <code value="process"/>
          </coding>
        </type>
        <group>
          <population>
            <code>
              <coding>
                <system value="http://terminology.hl7.org/CodeSystem/measure-population"/>
                <code value="initial-population"/>
              </coding>
            </code>
            <description value="Initial Population"/>
            <criteria>
              <language value="text/cql"/>
              <expression value="Initial Population"/>
            </criteria>
          </population>
          <population>
            <code>
              <coding>
                <system value="http://terminology.hl7.org/CodeSystem/measure-population"/>
                <code value="denominator"/>
              </coding>
            </code>
            <description value="Denominator"/>
            <criteria>
              <language value="text/cql"/>
              <expression value="Denominator"/>
            </criteria>
          </population>
          <population>
            <code>
              <coding>
                <system value="http://terminology.hl7.org/CodeSystem/measure-population"/>
                <code value="numerator"/>
              </coding>
            </code>
            <description value="Numerator"/>
            <criteria>
              <language value="text/cql"/>
              <expression value="Numerator"/>
            </criteria>
          </population>
        </group>
      </Measure>
    </resource>
    <request>
      <method value="PUT"/>
      <url value="Measure"/>
    </request>
  </entry>
  <entry>
    <fullUrl value="http://www.example.org/fhir/Measure/HIVSimpleGenderCohort-Measure"/>
    <resource>
      <Measure>
        <id value="HIVSimpleGenderCohort-Measure"/>
        <text>
          <status value="generated"/><div xmlns="http://www.w3.org/1999/xhtml"><p><b>Generated Narrative</b></p><p><b>url</b>: <code>Measure/HIVSimpleGenderCohort</code></p><p><b>identifier</b>: id: HIVSimpleGenderCohort</p><p><b>version</b>: 0.0.0</p><p><b>status</b>: draft</p><p><b>experimental</b>: true</p><p><b>date</b>: 2021-07-01</p><p><b>publisher</b>: OpenHIE</p><p><b>library</b>: <code>Library/HIVSimpleGender</code></p><p><b>scoring</b>: <span title="Codes: ">cohort</span></p><blockquote><p><b>group</b></p><blockquote><p><b>population</b></p><p><b>code</b>: <span title="Codes: {http://terminology.hl7.org/CodeSystem/measure-population initial-population}">Initial Population</span></p><p><b>description</b>: Initial Population</p></blockquote></blockquote></div>
        </text>
        <url value="Measure/HIVSimpleGenderCohort"/>
        <identifier>
          <system value="http://ohie.org/Measure/"/>
          <value value="HIVSimpleGenderCohort"/>
        </identifier>
        <version value="0.0.0"/>
        <status value="draft"/>
        <experimental value="true"/>
        <date value="2021-07-01"/>
        <publisher value="OpenHIE"/>
        <library value="Library/HIVSimpleGender"/>
        <scoring>
          <coding>
            <code value="cohort"/>
          </coding>
        </scoring>
        <group>
          <population>
            <code>
              <coding>
                <system value="http://terminology.hl7.org/CodeSystem/measure-population"/>
                <code value="initial-population"/>
              </coding>
            </code>
            <description value="Initial Population"/>
            <criteria>
              <language value="text/cql"/>
              <expression value="Initial Population"/>
            </criteria>
          </population>
        </group>
      </Measure>
    </resource>
    <request>
      <method value="PUT"/>
      <url value="Measure"/>
    </request>
  </entry>
  <entry>
    <fullUrl value="http://www.example.org/fhir/Measure/HIVSimpleGenderSubjectList-Measure"/>
    <resource>
      <Measure>
        <id value="HIVSimpleGenderSubjectList-Measure"/>
        <text>
          <status value="generated"/><div xmlns="http://www.w3.org/1999/xhtml"><p><b>Generated Narrative</b></p><p><b>url</b>: <code>Measure/HIVSimpleGenderSubjectList</code></p><p><b>identifier</b>: id: HIVSimpleGenderSubjectList</p><p><b>version</b>: 0.0.0</p><p><b>status</b>: draft</p><p><b>experimental</b>: true</p><p><b>date</b>: 2021-07-01</p><p><b>publisher</b>: OpenHIE</p><p><b>library</b>: <code>Library/HIVSimpleGender</code></p><p><b>scoring</b>: <span title="Codes: ">cohort</span></p><p><b>type</b>: <span title="Codes: ">subject-list</span></p><blockquote><p><b>group</b></p><blockquote><p><b>population</b></p><p><b>code</b>: <span title="Codes: {http://terminology.hl7.org/CodeSystem/measure-population initial-population}">Initial Population</span></p><p><b>description</b>: Initial Population</p></blockquote></blockquote></div>
        </text>
        <url value="Measure/HIVSimpleGenderSubjectList"/>
        <identifier>
          <system value="http://ohie.org/Measure/"/>
          <value value="HIVSimpleGenderSubjectList"/>
        </identifier>
        <version value="0.0.0"/>
        <status value="draft"/>
        <experimental value="true"/>
        <date value="2021-07-01"/>
        <publisher value="OpenHIE"/>
        <library value="Library/HIVSimpleGender"/>
        <scoring>
          <coding>
            <code value="cohort"/>
          </coding>
        </scoring>
        <type>
          <coding>
            <code value="subject-list"/>
          </coding>
        </type>
        <group>
          <population>
            <code>
              <coding>
                <system value="http://terminology.hl7.org/CodeSystem/measure-population"/>
                <code value="initial-population"/>
              </coding>
            </code>
            <description value="Initial Population"/>
            <criteria>
              <language value="text/cql"/>
              <expression value="Initial Population"/>
            </criteria>
          </population>
        </group>
      </Measure>
    </resource>
    <request>
      <method value="PUT"/>
      <url value="Measure"/>
    </request>
  </entry>
  <entry>
    <fullUrl value="http://www.example.org/fhir/Measure/HIVSimpleGenderSuppData-Measure"/>
    <resource>
      <Measure>
        <id value="HIVSimpleGenderSuppData-Measure"/>
        <text>
          <status value="generated"/><div xmlns="http://www.w3.org/1999/xhtml"><p><b>Generated Narrative</b></p><p><b>url</b>: <code>Measure/HIVSimpleGenderSuppData</code></p><p><b>identifier</b>: id: HIVSimpleGenderSuppData</p><p><b>version</b>: 0.0.0</p><p><b>status</b>: draft</p><p><b>experimental</b>: true</p><p><b>date</b>: 2021-07-01</p><p><b>publisher</b>: OpenHIE</p><p><b>library</b>: <code>Library/HIVSimpleGender</code></p><p><b>scoring</b>: <span title="Codes: ">proportion</span></p><p><b>type</b>: <span title="Codes: ">process</span></p><blockquote><p><b>group</b></p><blockquote><p><b>population</b></p><p><b>code</b>: <span title="Codes: {http://terminology.hl7.org/CodeSystem/measure-population initial-population}">Initial Population</span></p><p><b>description</b>: Initial Population</p></blockquote><blockquote><p><b>population</b></p><p><b>code</b>: <span title="Codes: {http://terminology.hl7.org/CodeSystem/measure-population denominator}">Denominator</span></p><p><b>description</b>: Denominator</p></blockquote><blockquote><p><b>population</b></p><p><b>code</b>: <span title="Codes: {http://terminology.hl7.org/CodeSystem/measure-population numerator}">Numerator</span></p><p><b>description</b>: Numerator</p></blockquote></blockquote><blockquote><p><b>supplementalData</b></p><p><b>code</b>: <span title="Codes: ">supplemental-data-example-define</span></p></blockquote></div>
        </text>
        <url value="Measure/HIVSimpleGenderSuppData"/>
        <identifier>
          <system value="http://ohie.org/Measure/"/>
          <value value="HIVSimpleGenderSuppData"/>
        </identifier>
        <version value="0.0.0"/>
        <status value="draft"/>
        <experimental value="true"/>
        <date value="2021-07-01"/>
        <publisher value="OpenHIE"/>
        <library value="Library/HIVSimpleGender"/>
        <scoring>
          <coding>
            <code value="proportion"/>
          </coding>
        </scoring>
        <type>
          <coding>
            <code value="process"/>
          </coding>
        </type>
        <group>
          <population>
            <code>
              <coding>
                <system value="http://terminology.hl7.org/CodeSystem/measure-population"/>
                <code value="initial-population"/>
              </coding>
            </code>
            <description value="Initial Population"/>
            <criteria>
              <language value="text/cql"/>
              <expression value="Initial Population"/>
            </criteria>
          </population>
          <population>
            <code>
              <coding>
                <system value="http://terminology.hl7.org/CodeSystem/measure-population"/>
                <code value="denominator"/>
              </coding>
            </code>
            <description value="Denominator"/>
            <criteria>
              <language value="text/cql"/>
              <expression value="Denominator"/>
            </criteria>
          </population>
          <population>
            <code>
              <coding>
                <system value="http://terminology.hl7.org/CodeSystem/measure-population"/>
                <code value="numerator"/>
              </coding>
            </code>
            <description value="Numerator"/>
            <criteria>
              <language value="text/cql"/>
              <expression value="Numerator"/>
            </criteria>
          </population>
        </group>
        <supplementalData>
          <code>
            <text value="supplemental-data-example-define"/>
          </code>
          <criteria>
            <language value="text/cql"/>
            <expression value="SDE Sex"/>
          </criteria>
        </supplementalData>
      </Measure>
    </resource>
    <request>
      <method value="PUT"/>
      <url value="Measure"/>
    </request>
  </entry>
  <entry>
    <fullUrl value="http://www.example.org/fhir/Measure/HIVSimpleGenderSuppDataIndiv-Measure"/>
    <resource>
      <Measure>
        <id value="HIVSimpleGenderSuppDataIndiv-Measure"/>
        <text>
          <status value="generated"/><div xmlns="http://www.w3.org/1999/xhtml"><p><b>Generated Narrative</b></p><p><b>url</b>: <code>Measure/HIVSimpleGenderSuppDataIndiv</code></p><p><b>identifier</b>: id: HIVSimpleGenderSuppDataIndiv</p><p><b>version</b>: 0.0.0</p><p><b>status</b>: draft</p><p><b>experimental</b>: true</p><p><b>date</b>: 2021-07-01</p><p><b>publisher</b>: OpenHIE</p><p><b>library</b>: <code>Library/HIVSimpleGenderIndiv</code></p><p><b>scoring</b>: <span title="Codes: ">proportion</span></p><p><b>type</b>: <span title="Codes: ">individual</span></p><blockquote><p><b>group</b></p><blockquote><p><b>population</b></p><p><b>code</b>: <span title="Codes: {http://terminology.hl7.org/CodeSystem/measure-population initial-population}">Initial Population</span></p><p><b>description</b>: Initial Population</p></blockquote><blockquote><p><b>population</b></p><p><b>code</b>: <span title="Codes: {http://terminology.hl7.org/CodeSystem/measure-population denominator}">Denominator</span></p><p><b>description</b>: Denominator</p></blockquote><blockquote><p><b>population</b></p><p><b>code</b>: <span title="Codes: {http://terminology.hl7.org/CodeSystem/measure-population numerator}">Numerator</span></p><p><b>description</b>: Numerator</p></blockquote></blockquote><blockquote><p><b>supplementalData</b></p><p><b>code</b>: <span title="Codes: ">supplemental-data-example-define-sex</span></p></blockquote><blockquote><p><b>supplementalData</b></p><p><b>code</b>: <span title="Codes: ">supplemental-data-example-define-location</span></p></blockquote></div>
        </text>
        <url value="Measure/HIVSimpleGenderSuppDataIndiv"/>
        <identifier>
          <system value="http://ohie.org/Measure/"/>
          <value value="HIVSimpleGenderSuppDataIndiv"/>
        </identifier>
        <version value="0.0.0"/>
        <status value="draft"/>
        <experimental value="true"/>
        <date value="2021-07-01"/>
        <publisher value="OpenHIE"/>
        <library value="Library/HIVSimpleGenderIndiv"/>
        <scoring>
          <coding>
            <code value="proportion"/>
          </coding>
        </scoring>
        <type>
          <coding>
            <code value="individual"/>
          </coding>
        </type>
        <group>
          <population>
            <code>
              <coding>
                <system value="http://terminology.hl7.org/CodeSystem/measure-population"/>
                <code value="initial-population"/>
              </coding>
            </code>
            <description value="Initial Population"/>
            <criteria>
              <language value="text/cql"/>
              <expression value="Initial Population"/>
            </criteria>
          </population>
          <population>
            <code>
              <coding>
                <system value="http://terminology.hl7.org/CodeSystem/measure-population"/>
                <code value="denominator"/>
              </coding>
            </code>
            <description value="Denominator"/>
            <criteria>
              <language value="text/cql"/>
              <expression value="Denominator"/>
            </criteria>
          </population>
          <population>
            <code>
              <coding>
                <system value="http://terminology.hl7.org/CodeSystem/measure-population"/>
                <code value="numerator"/>
              </coding>
            </code>
            <description value="Numerator"/>
            <criteria>
              <language value="text/cql"/>
              <expression value="Numerator"/>
            </criteria>
          </population>
        </group>
        <supplementalData>
          <code>
            <text value="supplemental-data-example-define-sex"/>
          </code>
          <criteria>
            <language value="text/cql"/>
            <expression value="SDE Sex"/>
          </criteria>
        </supplementalData>
        <supplementalData>
          <code>
            <text value="supplemental-data-example-define-location"/>
          </code>
          <criteria>
            <language value="text/cql"/>
            <expression value="SDE Location"/>
          </criteria>
        </supplementalData>
      </Measure>
    </resource>
    <request>
      <method value="PUT"/>
      <url value="Measure"/>
    </request>
  </entry>
  <entry>
    <fullUrl value="http://www.example.org/fhir/Measure/HIVSimpleTestResult-Measure"/>
    <resource>
      <Measure>
        <id value="HIVSimpleTestResult-Measure"/>
        <text>
          <status value="generated"/><div xmlns="http://www.w3.org/1999/xhtml"><p><b>Generated Narrative</b></p><p><b>url</b>: <code>Measure/HIVSimpleTestResult</code></p><p><b>identifier</b>: id: HIVSimpleTestResult</p><p><b>version</b>: 0.0.0</p><p><b>status</b>: draft</p><p><b>experimental</b>: true</p><p><b>date</b>: 2021-07-01</p><p><b>publisher</b>: OpenHIE</p><p><b>library</b>: <code>Library/HIVSimpleTestResult</code></p><p><b>scoring</b>: <span title="Codes: ">proportion</span></p><p><b>type</b>: <span title="Codes: ">process</span></p><blockquote><p><b>group</b></p><blockquote><p><b>population</b></p><p><b>code</b>: <span title="Codes: {http://terminology.hl7.org/CodeSystem/measure-population initial-population}">Initial Population</span></p><p><b>description</b>: Initial Population</p></blockquote><blockquote><p><b>population</b></p><p><b>code</b>: <span title="Codes: {http://terminology.hl7.org/CodeSystem/measure-population denominator}">Denominator</span></p><p><b>description</b>: Denominator</p></blockquote><blockquote><p><b>population</b></p><p><b>code</b>: <span title="Codes: {http://terminology.hl7.org/CodeSystem/measure-population numerator}">Numerator</span></p><p><b>description</b>: Numerator</p></blockquote></blockquote></div>
        </text>
        <url value="Measure/HIVSimpleTestResult"/>
        <identifier>
          <system value="http://ohie.org/Measure/"/>
          <value value="HIVSimpleTestResult"/>
        </identifier>
        <version value="0.0.0"/>
        <status value="draft"/>
        <experimental value="true"/>
        <date value="2021-07-01"/>
        <publisher value="OpenHIE"/>
        <library value="Library/HIVSimpleTestResult"/>
        <scoring>
          <coding>
            <code value="proportion"/>
          </coding>
        </scoring>
        <type>
          <coding>
            <code value="process"/>
          </coding>
        </type>
        <group>
          <population>
            <code>
              <coding>
                <system value="http://terminology.hl7.org/CodeSystem/measure-population"/>
                <code value="initial-population"/>
              </coding>
            </code>
            <description value="Initial Population"/>
            <criteria>
              <language value="text/cql"/>
              <expression value="Initial Population"/>
            </criteria>
          </population>
          <population>
            <code>
              <coding>
                <system value="http://terminology.hl7.org/CodeSystem/measure-population"/>
                <code value="denominator"/>
              </coding>
            </code>
            <description value="Denominator"/>
            <criteria>
              <language value="text/cql"/>
              <expression value="Denominator"/>
            </criteria>
          </population>
          <population>
            <code>
              <coding>
                <system value="http://terminology.hl7.org/CodeSystem/measure-population"/>
                <code value="numerator"/>
              </coding>
            </code>
            <description value="Numerator"/>
            <criteria>
              <language value="text/cql"/>
              <expression value="Numerator"/>
            </criteria>
          </population>
        </group>
      </Measure>
    </resource>
    <request>
      <method value="PUT"/>
      <url value="Measure"/>
    </request>
  </entry>
  <entry>
    <fullUrl value="http://www.example.org/fhir/Measure/HIVSimpleViralLoad-Measure"/>
    <resource>
      <Measure>
        <id value="HIVSimpleViralLoad-Measure"/>
        <text>
          <status value="generated"/><div xmlns="http://www.w3.org/1999/xhtml"><p><b>Generated Narrative</b></p><p><b>url</b>: <code>Measure/HIVSimpleViralLoad</code></p><p><b>identifier</b>: id: HIVSimpleViralLoad</p><p><b>version</b>: 0.0.0</p><p><b>status</b>: draft</p><p><b>experimental</b>: true</p><p><b>date</b>: 2021-07-01</p><p><b>publisher</b>: OpenHIE</p><p><b>library</b>: <code>Library/HIVSimpleViralLoad</code></p><p><b>scoring</b>: <span title="Codes: ">proportion</span></p><p><b>type</b>: <span title="Codes: ">process</span></p><blockquote><p><b>group</b></p><blockquote><p><b>population</b></p><p><b>code</b>: <span title="Codes: {http://terminology.hl7.org/CodeSystem/measure-population initial-population}">Initial Population</span></p><p><b>description</b>: Initial Population</p></blockquote><blockquote><p><b>population</b></p><p><b>code</b>: <span title="Codes: {http://terminology.hl7.org/CodeSystem/measure-population denominator}">Denominator</span></p><p><b>description</b>: Denominator</p></blockquote><blockquote><p><b>population</b></p><p><b>code</b>: <span title="Codes: {http://terminology.hl7.org/CodeSystem/measure-population numerator}">Numerator</span></p><p><b>description</b>: Numerator</p></blockquote></blockquote></div>
        </text>
        <url value="Measure/HIVSimpleViralLoad"/>
        <identifier>
          <system value="http://ohie.org/Measure/"/>
          <value value="HIVSimpleViralLoad"/>
        </identifier>
        <version value="0.0.0"/>
        <status value="draft"/>
        <experimental value="true"/>
        <date value="2021-07-01"/>
        <publisher value="OpenHIE"/>
        <library value="Library/HIVSimpleViralLoad"/>
        <scoring>
          <coding>
            <code value="proportion"/>
          </coding>
        </scoring>
        <type>
          <coding>
            <code value="process"/>
          </coding>
        </type>
        <group>
          <population>
            <code>
              <coding>
                <system value="http://terminology.hl7.org/CodeSystem/measure-population"/>
                <code value="initial-population"/>
              </coding>
            </code>
            <description value="Initial Population"/>
            <criteria>
              <language value="text/cql"/>
              <expression value="Initial Population"/>
            </criteria>
          </population>
          <population>
            <code>
              <coding>
                <system value="http://terminology.hl7.org/CodeSystem/measure-population"/>
                <code value="denominator"/>
              </coding>
            </code>
            <description value="Denominator"/>
            <criteria>
              <language value="text/cql"/>
              <expression value="Denominator"/>
            </criteria>
          </population>
          <population>
            <code>
              <coding>
                <system value="http://terminology.hl7.org/CodeSystem/measure-population"/>
                <code value="numerator"/>
              </coding>
            </code>
            <description value="Numerator"/>
            <criteria>
              <language value="text/cql"/>
              <expression value="Numerator"/>
            </criteria>
          </population>
        </group>
      </Measure>
    </resource>
    <request>
      <method value="PUT"/>
      <url value="Measure"/>
    </request>
  </entry>
</Bundle>