<?xml version="1.0" encoding="UTF-8"?>

<Condition xmlns="http://hl7.org/fhir">
  <id value="Condition-Pregnancy"/>
  <text>
    <status value="generated"/><div xmlns="http://www.w3.org/1999/xhtml"><p><b>Generated Narrative</b></p><p><b>clinicalStatus</b>: <span title="Codes: ">active</span></p><p><b>verificationStatus</b>: <span title="Codes: ">confirmed</span></p><p><b>code</b>: <span title="Codes: {http://snomed.info/sct 77386006}">Pregnant (finding)</span></p><p><b>subject</b>: <a href="Patient-Patient-HIVSimple.html">Generated Summary: Mittens Cat; gender: female; birthDate: 1985-01-01</a></p><p><b>onset</b>: 2020-01-01</p><p><b>abatement</b>: 2020-09-30</p></div>
  </text>
  <clinicalStatus>
    <coding>
      <code value="active"/>
    </coding>
  </clinicalStatus>
  <verificationStatus>
    <coding>
      <code value="confirmed"/>
    </coding>
  </verificationStatus>
  <code>
    <coding>
      <system value="http://snomed.info/sct"/>
      <code value="77386006"/>
      <display value="Pregnant (finding)"/>
    </coding>
  </code>
  <subject>
    <reference value="Patient/Patient-HIVSimple"/>
  </subject>
  <onsetDateTime value="2020-01-01"/>
  <abatementDateTime value="2020-09-30"/>
</Condition>