<?xml version="1.0" encoding="UTF-8"?>

<Condition xmlns="http://hl7.org/fhir">
  <id value="Condition-HIVSimple2"/>
  <text>
    <status value="generated"/><div xmlns="http://www.w3.org/1999/xhtml"><p><b>Generated Narrative</b></p><p><b>clinicalStatus</b>: <span title="Codes: {http://terminology.hl7.org/CodeSystem/condition-clinical active}">Active</span></p><p><b>verificationStatus</b>: <span title="Codes: {http://terminology.hl7.org/CodeSystem/condition-ver-status confirmed}">Confirmed</span></p><p><b>code</b>: <span title="Codes: {http://snomed.info/sct 86406008}">HIV - Human immunodeficiency virus infection</span></p><p><b>subject</b>: <a href="Patient-Patient-HIVSimple2.html">Generated Summary: Mittens Cat; gender: female; birthDate: 1985-01-01</a></p><p><b>onset</b>: 2010-01-01</p></div>
  </text>
  <clinicalStatus>
    <coding>
      <system value="http://terminology.hl7.org/CodeSystem/condition-clinical"/>
      <code value="active"/>
    </coding>
  </clinicalStatus>
  <verificationStatus>
    <coding>
      <system value="http://terminology.hl7.org/CodeSystem/condition-ver-status"/>
      <code value="confirmed"/>
    </coding>
  </verificationStatus>
  <code>
    <coding>
      <system value="http://snomed.info/sct"/>
      <code value="86406008"/>
      <display value="HIV - Human immunodeficiency virus infection"/>
    </coding>
  </code>
  <subject>
    <reference value="Patient/Patient-HIVSimple2"/>
  </subject>
  <onsetDateTime value="2010-01-01"/>
</Condition>