<?xml version="1.0" encoding="UTF-8"?>

<Contract xmlns="http://hl7.org/fhir">
  <id value="Contract-HIVSimple"/>
  <text>
    <status value="generated"/><div xmlns="http://www.w3.org/1999/xhtml"><p><b>Generated Narrative</b></p><div style="display: inline-block; background-color: #d9e0e7; padding: 6px; margin: 4px; border: 1px solid #8da1b4; border-radius: 5px; line-height: 60%"><p style="margin-bottom: 0px">Resource "Contract-HIVSimple" </p></div><blockquote><p><b>term</b></p><blockquote><p><b>offer</b></p><h3>Parties</h3><table class="grid"><tr><td>-</td><td><b>Reference</b></td><td><b>Role</b></td></tr><tr><td>*</td><td><a href="Organization-IntraHealth.html">Organization/IntraHealth</a> "IntraHealth"</td><td>FLunky <span style="background: LightGoldenRodYellow; margin: 4px; border: 1px solid khaki"> (<a href="http://hl7.org/fhir/R4/codesystem-contract-party-role.html">Contract Resource Party Role codes</a>#flunky)</span></td></tr></table></blockquote></blockquote></div>
  </text>
  <term>
    <offer>
      <party>
        <reference>
          <reference value="Organization/IntraHealth"/>
        </reference>
        <role>
          <coding>
            <system value="http://hl7.org/fhir/contract-party-role"/>
            <code value="flunky"/>
          </coding>
        </role>
      </party>
    </offer>
  </term>
</Contract>