<?xml version="1.0" encoding="UTF-8"?>

<Coverage xmlns="http://hl7.org/fhir">
  <id value="Coverage-HIVSimple"/>
  <text>
    <status value="generated"/><div xmlns="http://www.w3.org/1999/xhtml"><p><b>Generated Narrative</b></p><div style="display: inline-block; background-color: #d9e0e7; padding: 6px; margin: 4px; border: 1px solid #8da1b4; border-radius: 5px; line-height: 60%"><p style="margin-bottom: 0px">Resource "Coverage-HIVSimple" </p></div><p><b>status</b>: active</p><p><b>beneficiary</b>: <a href="Patient-Patient-HIVSimple.html">Patient/Patient-HIVSimple</a> " CAT"</p><p><b>payor</b>: <a href="Organization-Organization-HIVSimple.html">Organization/Organization-HIVSimple</a> "Government Hospital"</p><p><b>contract</b>: <a href="Contract-Contract-HIVSimple.html">Contract/Contract-HIVSimple</a></p></div>
  </text>
  <status value="active"/>
  <beneficiary>
    <reference value="Patient/Patient-HIVSimple"/>
  </beneficiary>
  <payor>
    <reference value="Organization/Organization-HIVSimple"/>
  </payor>
  <contract>
    <reference value="Contract/Contract-HIVSimple"/>
  </contract>
</Coverage>