<?xml version="1.0" encoding="UTF-8"?>

<Encounter xmlns="http://hl7.org/fhir">
  <id value="Encounter-HIVSimple"/>
  <text>
    <status value="generated"/><div xmlns="http://www.w3.org/1999/xhtml"><p><b>Generated Narrative</b></p><p><b>status</b>: finished</p><p><b>class</b>: <span title="{http://terminology.hl7.org/CodeSystem/v3-ActCode ACUTE}">inpatient acute</span></p><p><b>subject</b>: <a href="Patient-Patient-HIVSimple.html">Generated Summary: Mittens Cat; gender: female; birthDate: 1985-01-01</a></p><p><b>period</b>: 2011-01-01 --&gt; 2011-01-01</p><h3>Locations</h3><table class="grid"><tr><td>-</td><td><b>Location</b></td></tr><tr><td>*</td><td><a href="Location-Location-HIVSimple.html">Generated Summary: id: Location-HIVSimple, id: Location-HIVSimple</a></td></tr></table><p><b>serviceProvider</b>: <a href="Organization-Organization-HIVSimple.html">Generated Summary: name: Government Hospital</a></p></div>
  </text>
  <status value="finished"/>
  <class>
    <system value="http://terminology.hl7.org/CodeSystem/v3-ActCode"/>
    <code value="ACUTE"/>
  </class>
  <subject>
    <reference value="Patient/Patient-HIVSimple"/>
  </subject>
  <period>
    <start value="2011-01-01"/>
    <end value="2011-01-01"/>
  </period>
  <location>
    <location>
      <reference value="Location/Location-HIVSimple"/>
    </location>
  </location>
  <serviceProvider>
    <reference value="Organization/Organization-HIVSimple"/>
  </serviceProvider>
</Encounter>