<?xml version="1.0" encoding="UTF-8"?>

<ImplementationGuide xmlns="http://hl7.org/fhir">
  <id value="simple.hiv.ig"/>
  <text>
    <status value="extensions"/><div xmlns="http://www.w3.org/1999/xhtml"><h2>SimpleHIVIG</h2><p>The official URL for this implementation guide is: </p><pre>https://intrahealth.github.io/simple-hiv-ig/ImplementationGuide/simple.hiv.ig</pre><div><p>A simple IG using HIV epidemic control as a an example for learners</p>
</div></div>
  </text>
  <url value="https://intrahealth.github.io/simple-hiv-ig/ImplementationGuide/simple.hiv.ig"/>
  <version value="0.1.0"/>
  <name value="SimpleHIVIG"/>
  <title value="Simple HIV IG"/>
  <status value="draft"/>
  <experimental value="false"/>
  <date value="2021-11-17T13:07:12+00:00"/>
  <publisher value="IntraHealth International"/>
  <contact>
    <telecom>
      <system value="url"/>
      <value value="http://hl7.org/Special/committees/[something]"/>
    </telecom>
  </contact>
  <description value="A simple IG using HIV epidemic control as a an example for learners"/>
  <packageId value="simple.hiv.ig"/>
  <license value="CC0-1.0"/>
  <fhirVersion value="4.0.1"/>
  <dependsOn>
    <uri value="http://somewhere.org/fhir/uv/mycontentig/ImplementationGuide/example.fhir.uv.mycontentig"/>
    <packageId value="example.fhir.uv.myig"/>
    <version value="dev"/>
  </dependsOn>
  <dependsOn id="cpg">
    <uri value="http://hl7.org/fhir/uv/cpg/ImplementationGuide/hl7.fhir.uv.cpg"/>
    <packageId value="hl7.fhir.uv.cpg"/>
    <version value="1.0.0"/>
  </dependsOn>
  <dependsOn id="cqfm">
    <uri value="http://hl7.org/fhir/us/cqfmeasures/ImplementationGuide/hl7.fhir.us.cqfmeasures"/>
    <packageId value="hl7.fhir.us.cqfmeasures"/>
    <version value="current"/>
  </dependsOn>
  <dependsOn id="cqf">
    <uri value="http://fhir.org/guides/cqf/ImplementationGuide/cqf.fhir.common"/>
    <packageId value="cqf.fhir.common"/>
    <version value="dev"/>
  </dependsOn>
  <definition>
    <extension url="http://hl7.org/fhir/tools/StructureDefinition/ig-parameter">
      <extension url="code">
        <valueString value="copyrightyear"/>
      </extension>
      <extension url="value">
        <valueString value="2020+"/>
      </extension>
    </extension>
    <extension url="http://hl7.org/fhir/tools/StructureDefinition/ig-parameter">
      <extension url="code">
        <valueString value="releaselabel"/>
      </extension>
      <extension url="value">
        <valueString value="CI Build"/>
      </extension>
    </extension>
    <extension url="http://hl7.org/fhir/tools/StructureDefinition/ig-parameter">
      <extension url="code">
        <valueString value="path-liquid"/>
      </extension>
      <extension url="value">
        <valueString value="templates\liquid"/>
      </extension>
    </extension>
    <extension url="http://hl7.org/fhir/tools/StructureDefinition/ig-parameter">
      <extension url="code">
        <valueString value="autoload-resources"/>
      </extension>
      <extension url="value">
        <valueString value="true"/>
      </extension>
    </extension>
    <extension url="http://hl7.org/fhir/tools/StructureDefinition/ig-parameter">
      <extension url="code">
        <valueString value="path-liquid"/>
      </extension>
      <extension url="value">
        <valueString value="template/liquid"/>
      </extension>
    </extension>
    <extension url="http://hl7.org/fhir/tools/StructureDefinition/ig-parameter">
      <extension url="code">
        <valueString value="path-liquid"/>
      </extension>
      <extension url="value">
        <valueString value="input/liquid"/>
      </extension>
    </extension>
    <extension url="http://hl7.org/fhir/tools/StructureDefinition/ig-parameter">
      <extension url="code">
        <valueString value="path-qa"/>
      </extension>
      <extension url="value">
        <valueString value="temp/qa"/>
      </extension>
    </extension>
    <extension url="http://hl7.org/fhir/tools/StructureDefinition/ig-parameter">
      <extension url="code">
        <valueString value="path-temp"/>
      </extension>
      <extension url="value">
        <valueString value="temp/pages"/>
      </extension>
    </extension>
    <extension url="http://hl7.org/fhir/tools/StructureDefinition/ig-parameter">
      <extension url="code">
        <valueString value="path-output"/>
      </extension>
      <extension url="value">
        <valueString value="output"/>
      </extension>
    </extension>
    <extension url="http://hl7.org/fhir/tools/StructureDefinition/ig-parameter">
      <extension url="code">
        <valueString value="path-suppressed-warnings"/>
      </extension>
      <extension url="value">
        <valueString value="input/ignoreWarnings.txt"/>
      </extension>
    </extension>
    <extension url="http://hl7.org/fhir/tools/StructureDefinition/ig-parameter">
      <extension url="code">
        <valueString value="path-history"/>
      </extension>
      <extension url="value">
        <valueString value="https://intrahealth.github.io/simple-hiv-ig/history.html"/>
      </extension>
    </extension>
    <extension url="http://hl7.org/fhir/tools/StructureDefinition/ig-parameter">
      <extension url="code">
        <valueString value="template-html"/>
      </extension>
      <extension url="value">
        <valueString value="template-page.html"/>
      </extension>
    </extension>
    <extension url="http://hl7.org/fhir/tools/StructureDefinition/ig-parameter">
      <extension url="code">
        <valueString value="template-md"/>
      </extension>
      <extension url="value">
        <valueString value="template-page-md.html"/>
      </extension>
    </extension>
    <extension url="http://hl7.org/fhir/tools/StructureDefinition/ig-parameter">
      <extension url="code">
        <valueString value="apply-contact"/>
      </extension>
      <extension url="value">
        <valueString value="true"/>
      </extension>
    </extension>
    <extension url="http://hl7.org/fhir/tools/StructureDefinition/ig-parameter">
      <extension url="code">
        <valueString value="apply-context"/>
      </extension>
      <extension url="value">
        <valueString value="true"/>
      </extension>
    </extension>
    <extension url="http://hl7.org/fhir/tools/StructureDefinition/ig-parameter">
      <extension url="code">
        <valueString value="apply-copyright"/>
      </extension>
      <extension url="value">
        <valueString value="true"/>
      </extension>
    </extension>
    <extension url="http://hl7.org/fhir/tools/StructureDefinition/ig-parameter">
      <extension url="code">
        <valueString value="apply-jurisdiction"/>
      </extension>
      <extension url="value">
        <valueString value="true"/>
      </extension>
    </extension>
    <extension url="http://hl7.org/fhir/tools/StructureDefinition/ig-parameter">
      <extension url="code">
        <valueString value="apply-license"/>
      </extension>
      <extension url="value">
        <valueString value="true"/>
      </extension>
    </extension>
    <extension url="http://hl7.org/fhir/tools/StructureDefinition/ig-parameter">
      <extension url="code">
        <valueString value="apply-publisher"/>
      </extension>
      <extension url="value">
        <valueString value="true"/>
      </extension>
    </extension>
    <extension url="http://hl7.org/fhir/tools/StructureDefinition/ig-parameter">
      <extension url="code">
        <valueString value="apply-version"/>
      </extension>
      <extension url="value">
        <valueString value="true"/>
      </extension>
    </extension>
    <extension url="http://hl7.org/fhir/tools/StructureDefinition/ig-parameter">
      <extension url="code">
        <valueString value="active-tables"/>
      </extension>
      <extension url="value">
        <valueString value="true"/>
      </extension>
    </extension>
    <resource>
      <extension url="http://hl7.org/fhir/tools/StructureDefinition/resource-information">
        <valueString value="Device"/>
      </extension>
      <reference>
        <reference value="Device/cqf-tooling"/>
      </reference>
      <name value="Device/cqf-tooling"/>
      <description value="A simple example showing how examples are defined and referenced"/>
    </resource>
    <resource>
      <extension url="http://hl7.org/fhir/tools/StructureDefinition/resource-information">
        <valueString value="Library"/>
      </extension>
      <reference>
        <reference value="Library/FHIRHelpers"/>
      </reference>
      <name value="Library/FHIRHelpers"/>
      <description value="A simple example showing how examples are defined and referenced"/>
    </resource>
    <resource>
      <extension url="http://hl7.org/fhir/tools/StructureDefinition/resource-information">
        <valueString value="Library"/>
      </extension>
      <reference>
        <reference value="Library/FHIRCommon"/>
      </reference>
      <name value="Library/FHIRCommon"/>
      <description value="A simple example showing how examples are defined and referenced"/>
    </resource>
    <resource>
      <extension url="http://hl7.org/fhir/tools/StructureDefinition/resource-information">
        <valueString value="Library"/>
      </extension>
      <reference>
        <reference value="Library/AgeRanges"/>
      </reference>
      <name value="Library/AgeRanges"/>
      <description value="A simple example showing how examples are defined and referenced"/>
    </resource>
    <resource>
      <extension url="http://hl7.org/fhir/tools/StructureDefinition/resource-information">
        <valueString value="Library"/>
      </extension>
      <reference>
        <reference value="Library/KitchenSink"/>
      </reference>
      <name value="Library/KitchenSink"/>
      <description value="A simple example showing how examples are defined and referenced"/>
    </resource>
    <resource>
      <extension url="http://hl7.org/fhir/tools/StructureDefinition/resource-information">
        <valueString value="Library"/>
      </extension>
      <reference>
        <reference value="Library/GoldenRecord"/>
      </reference>
      <name value="Library/GoldenRecord"/>
      <description value="A simple example showing how examples are defined and referenced"/>
    </resource>
    <resource>
      <extension url="http://hl7.org/fhir/tools/StructureDefinition/resource-information">
        <valueString value="Library"/>
      </extension>
      <reference>
        <reference value="Library/Blaze"/>
      </reference>
      <name value="Library/Blaze"/>
      <description value="A simple example showing how examples are defined and referenced"/>
    </resource>
    <resource>
      <extension url="http://hl7.org/fhir/tools/StructureDefinition/resource-information">
        <valueString value="Patient"/>
      </extension>
      <reference>
        <reference value="Patient/Patient-GoldenRecord"/>
      </reference>
      <name value="Patient/Patient-GoldenRecord"/>
      <description value="A simple example showing how examples are defined and referenced"/>
    </resource>
    <resource>
      <extension url="http://hl7.org/fhir/tools/StructureDefinition/resource-information">
        <valueString value="Patient"/>
      </extension>
      <reference>
        <reference value="Patient/Patient-HIVSimple"/>
      </reference>
      <name value="Patient/Patient-HIVSimple"/>
      <description value="A simple example showing how examples are defined and referenced"/>
    </resource>
    <resource>
      <extension url="http://hl7.org/fhir/tools/StructureDefinition/resource-information">
        <valueString value="Patient"/>
      </extension>
      <reference>
        <reference value="Patient/Patient-HIVSimple2"/>
      </reference>
      <name value="Patient/Patient-HIVSimple2"/>
      <description value="A simple example showing how examples are defined and referenced"/>
    </resource>
    <resource>
      <extension url="http://hl7.org/fhir/tools/StructureDefinition/resource-information">
        <valueString value="Location"/>
      </extension>
      <reference>
        <reference value="Location/Location-HIVSimple"/>
      </reference>
      <name value="Location/Location-HIVSimple"/>
      <description value="A simple example showing how examples are defined and referenced"/>
    </resource>
    <resource>
      <extension url="http://hl7.org/fhir/tools/StructureDefinition/resource-information">
        <valueString value="Location"/>
      </extension>
      <reference>
        <reference value="Location/Location-HIVSimple2"/>
      </reference>
      <name value="Location/Location-HIVSimple2"/>
      <description value="A simple example showing how examples are defined and referenced"/>
    </resource>
    <resource>
      <extension url="http://hl7.org/fhir/tools/StructureDefinition/resource-information">
        <valueString value="Measure"/>
      </extension>
      <reference>
        <reference value="Measure/JustAgeGroup"/>
      </reference>
      <name value="Measure/JustAgeGroup"/>
      <description value="A simple example showing how examples are defined and referenced"/>
    </resource>
    <resource>
      <extension url="http://hl7.org/fhir/tools/StructureDefinition/resource-information">
        <valueString value="Bundle"/>
      </extension>
      <reference>
        <reference value="Bundle/Example-HIVSimple"/>
      </reference>
      <name value="Bundle/Example-HIVSimple"/>
      <description value="A simple example showing how examples are defined and referenced"/>
    </resource>
    <resource>
      <extension url="http://hl7.org/fhir/tools/StructureDefinition/resource-information">
        <valueString value="Encounter"/>
      </extension>
      <reference>
        <reference value="Encounter/Encounter-HIVSimple"/>
      </reference>
      <name value="Encounter/Encounter-HIVSimple"/>
      <description value="A simple example showing how examples are defined and referenced"/>
    </resource>
    <resource>
      <extension url="http://hl7.org/fhir/tools/StructureDefinition/resource-information">
        <valueString value="Encounter"/>
      </extension>
      <reference>
        <reference value="Encounter/Encounter-HIVSimple2"/>
      </reference>
      <name value="Encounter/Encounter-HIVSimple2"/>
      <description value="A simple example showing how examples are defined and referenced"/>
    </resource>
    <resource>
      <extension url="http://hl7.org/fhir/tools/StructureDefinition/resource-information">
        <valueString value="Measure"/>
      </extension>
      <reference>
        <reference value="Measure/BlazeStratifierTest"/>
      </reference>
      <name value="Measure/BlazeStratifierTest"/>
      <description value="A simple example showing how examples are defined and referenced"/>
    </resource>
    <resource>
      <extension url="http://hl7.org/fhir/tools/StructureDefinition/resource-information">
        <valueString value="DiagnosticReport"/>
      </extension>
      <reference>
        <reference value="DiagnosticReport/DiagnosticReport-HIVSimple"/>
      </reference>
      <name value="DiagnosticReport/DiagnosticReport-HIVSimple"/>
      <description value="A simple example showing how examples are defined and referenced"/>
    </resource>
    <resource>
      <extension url="http://hl7.org/fhir/tools/StructureDefinition/resource-information">
        <valueString value="DiagnosticReport"/>
      </extension>
      <reference>
        <reference value="DiagnosticReport/DiagnosticReport-HIVSimple2"/>
      </reference>
      <name value="DiagnosticReport/DiagnosticReport-HIVSimple2"/>
      <description value="A simple example showing how examples are defined and referenced"/>
    </resource>
    <resource>
      <extension url="http://hl7.org/fhir/tools/StructureDefinition/resource-information">
        <valueString value="Condition"/>
      </extension>
      <reference>
        <reference value="Condition/Condition-HIVSimple2"/>
      </reference>
      <name value="Condition/Condition-HIVSimple2"/>
      <description value="A simple example showing how examples are defined and referenced"/>
    </resource>
    <resource>
      <extension url="http://hl7.org/fhir/tools/StructureDefinition/resource-information">
        <valueString value="Condition"/>
      </extension>
      <reference>
        <reference value="Condition/Condition-HIVSimple"/>
      </reference>
      <name value="Condition/Condition-HIVSimple"/>
      <description value="A simple example showing how examples are defined and referenced"/>
    </resource>
    <resource>
      <extension url="http://hl7.org/fhir/tools/StructureDefinition/resource-information">
        <valueString value="Organization"/>
      </extension>
      <reference>
        <reference value="Organization/Organization-HIVSimple"/>
      </reference>
      <name value="Organization/Organization-HIVSimple"/>
      <description value="A simple example showing how examples are defined and referenced"/>
    </resource>
    <resource>
      <extension url="http://hl7.org/fhir/tools/StructureDefinition/resource-information">
        <valueString value="Organization"/>
      </extension>
      <reference>
        <reference value="Organization/Organization-HIVSimple2"/>
      </reference>
      <name value="Organization/Organization-HIVSimple2"/>
      <description value="A simple example showing how examples are defined and referenced"/>
    </resource>
    <resource>
      <extension url="http://hl7.org/fhir/tools/StructureDefinition/resource-information">
        <valueString value="Condition"/>
      </extension>
      <reference>
        <reference value="Condition/Condition-Pregnancy"/>
      </reference>
      <name value="Condition/Condition-Pregnancy"/>
      <description value="A simple example showing how examples are defined and referenced"/>
    </resource>
    <resource>
      <extension url="http://hl7.org/fhir/tools/StructureDefinition/resource-information">
        <valueString value="Condition"/>
      </extension>
      <reference>
        <reference value="Condition/Condition-Pregnancy2"/>
      </reference>
      <name value="Condition/Condition-Pregnancy2"/>
      <description value="A simple example showing how examples are defined and referenced"/>
    </resource>
    <resource>
      <extension url="http://hl7.org/fhir/tools/StructureDefinition/resource-information">
        <valueString value="Observation"/>
      </extension>
      <reference>
        <reference value="Observation/Observation-ViralLoad"/>
      </reference>
      <name value="Observation/Observation-ViralLoad"/>
      <description value="A simple example showing how examples are defined and referenced"/>
    </resource>
    <resource>
      <extension url="http://hl7.org/fhir/tools/StructureDefinition/resource-information">
        <valueString value="Observation"/>
      </extension>
      <reference>
        <reference value="Observation/Observation-ViralLoad2"/>
      </reference>
      <name value="Observation/Observation-ViralLoad2"/>
      <description value="A simple example showing how examples are defined and referenced"/>
    </resource>
    <resource>
      <extension url="http://hl7.org/fhir/tools/StructureDefinition/resource-information">
        <valueString value="DiagnosticReport"/>
      </extension>
      <reference>
        <reference value="DiagnosticReport/DiagnosticReport-ViralLoad"/>
      </reference>
      <name value="ODiagnosticReport/DiagnosticReport-ViralLoad"/>
      <description value="A simple example showing how examples are defined and referenced"/>
    </resource>
    <resource>
      <extension url="http://hl7.org/fhir/tools/StructureDefinition/resource-information">
        <valueString value="DiagnosticReport"/>
      </extension>
      <reference>
        <reference value="DiagnosticReport/DiagnosticReport-ViralLoad2"/>
      </reference>
      <name value="DiagnosticReport/DiagnosticReport-ViralLoad2"/>
      <description value="A simple example showing how examples are defined and referenced"/>
    </resource>
    <resource>
      <extension url="http://hl7.org/fhir/tools/StructureDefinition/resource-information">
        <valueString value="Encounter"/>
      </extension>
      <reference>
        <reference value="Encounter/Encounter-ViralLoad"/>
      </reference>
      <name value="Encounter/Encounter-ViralLoad"/>
      <description value="A simple example showing how examples are defined and referenced"/>
    </resource>
    <resource>
      <extension url="http://hl7.org/fhir/tools/StructureDefinition/resource-information">
        <valueString value="Encounter"/>
      </extension>
      <reference>
        <reference value="Encounter/Encounter-ViralLoad2"/>
      </reference>
      <name value="Encounter/Encounter-ViralLoad2"/>
      <description value="A simple example showing how examples are defined and referenced"/>
    </resource>
    <resource>
      <extension url="http://hl7.org/fhir/tools/StructureDefinition/resource-information">
        <valueString value="Observation"/>
      </extension>
      <reference>
        <reference value="Observation/Observation-HIVSimple"/>
      </reference>
      <name value="Observation/Observation-HIVSimple"/>
      <description value="A simple example showing how examples are defined and referenced"/>
    </resource>
    <resource>
      <extension url="http://hl7.org/fhir/tools/StructureDefinition/resource-information">
        <valueString value="Observation"/>
      </extension>
      <reference>
        <reference value="Observation/Observation-HIVSimple2"/>
      </reference>
      <name value="Observation/Observation-HIVSimple2"/>
      <description value="A simple example showing how examples are defined and referenced"/>
    </resource>
    <resource>
      <extension url="http://hl7.org/fhir/tools/StructureDefinition/resource-information">
        <valueString value="Bundle"/>
      </extension>
      <reference>
        <reference value="Bundle/Example-HIVSimple2"/>
      </reference>
      <name value="Bundle/Example-HIVSimple2"/>
      <description value="A simple example showing how examples are defined and referenced"/>
    </resource>
    <resource>
      <extension url="http://hl7.org/fhir/tools/StructureDefinition/resource-information">
        <valueString value="Measure"/>
      </extension>
      <reference>
        <reference value="Measure/Cohort"/>
      </reference>
      <name value="Measure/Cohort"/>
      <description value="A simple example showing how examples are defined and referenced"/>
    </resource>
    <resource>
      <extension url="http://hl7.org/fhir/tools/StructureDefinition/resource-information">
        <valueString value="Measure"/>
      </extension>
      <reference>
        <reference value="Measure/JustGender"/>
      </reference>
      <name value="Measure/JustGender"/>
      <description value="A simple example showing how examples are defined and referenced"/>
    </resource>
    <resource>
      <extension url="http://hl7.org/fhir/tools/StructureDefinition/resource-information">
        <valueString value="Measure"/>
      </extension>
      <reference>
        <reference value="Measure/JustLocation"/>
      </reference>
      <name value="Measure/JustLocation"/>
      <description value="A simple example showing how examples are defined and referenced"/>
    </resource>
    <resource>
      <extension url="http://hl7.org/fhir/tools/StructureDefinition/resource-information">
        <valueString value="Measure"/>
      </extension>
      <reference>
        <reference value="Measure/AgeGroupGender"/>
      </reference>
      <name value="Measure/AgeGroupGender"/>
      <description value="A simple example showing how examples are defined and referenced"/>
    </resource>
    <resource>
      <extension url="http://hl7.org/fhir/tools/StructureDefinition/resource-information">
        <valueString value="Measure"/>
      </extension>
      <reference>
        <reference value="Measure/AgeGroupGenderLocation"/>
      </reference>
      <name value="Measure/AgeGroupGenderLocation"/>
      <description value="A simple example showing how examples are defined and referenced"/>
    </resource>
    <resource>
      <extension url="http://hl7.org/fhir/tools/StructureDefinition/resource-information">
        <valueString value="Measure"/>
      </extension>
      <reference>
        <reference value="Measure/SuppData"/>
      </reference>
      <name value="Measure/SuppData"/>
      <description value="A simple example showing how examples are defined and referenced"/>
    </resource>
    <resource>
      <extension url="http://hl7.org/fhir/tools/StructureDefinition/resource-information">
        <valueString value="Measure"/>
      </extension>
      <reference>
        <reference value="Measure/BlazeStratifierAgeGroup"/>
      </reference>
      <name value="Measure/BlazeStratifierAgeGroup"/>
      <description value="A simple example showing how examples are defined and referenced"/>
    </resource>
    <resource>
      <extension url="http://hl7.org/fhir/tools/StructureDefinition/resource-information">
        <valueString value="Measure"/>
      </extension>
      <reference>
        <reference value="Measure/BlazeAgeGroupLocation"/>
      </reference>
      <name value="Measure/BlazeAgeGroupLocation"/>
      <description value="A simple example showing how examples are defined and referenced"/>
    </resource>
    <resource>
      <extension url="http://hl7.org/fhir/tools/StructureDefinition/resource-information">
        <valueString value="Measure"/>
      </extension>
      <reference>
        <reference value="Measure/BlazeGenderLocation"/>
      </reference>
      <name value="Measure/BlazeGenderLocation"/>
      <description value="A simple example showing how examples are defined and referenced"/>
    </resource>
    <resource>
      <extension url="http://hl7.org/fhir/tools/StructureDefinition/resource-information">
        <valueString value="CodeSystem"/>
      </extension>
      <reference>
        <reference value="CodeSystem/OpenCR"/>
      </reference>
      <name value="OpenCR CodeSystem"/>
      <description value="OpenCR CodeSystem"/>
    </resource>
    <resource>
      <extension url="http://hl7.org/fhir/tools/StructureDefinition/resource-information">
        <valueString value="Library"/>
      </extension>
      <reference>
        <reference value="Library/Dedupe"/>
      </reference>
      <name value="Dedupe"/>
      <description value="Dedupe"/>
    </resource>
    <resource>
      <extension url="http://hl7.org/fhir/tools/StructureDefinition/resource-information">
        <valueString value="CodeSystem"/>
      </extension>
      <reference>
        <reference value="CodeSystem/OpenHIE"/>
      </reference>
      <name value="OpenHIE CodeSystem"/>
      <description value="OpenHIE CodeSystem"/>
    </resource>
    <resource>
      <extension url="http://hl7.org/fhir/tools/StructureDefinition/resource-information">
        <valueString value="Measure"/>
      </extension>
      <reference>
        <reference value="Measure/TXPVLS"/>
      </reference>
      <name value="TXPVLS"/>
      <description value="TXPVLS"/>
    </resource>
    <page>
      <nameUrl value="toc.html"/>
      <title value="Table of Contents"/>
      <generation value="html"/>
      <page>
        <nameUrl value="index.html"/>
        <title value="MyIG Home Page"/>
        <generation value="html"/>
      </page>
      <page>
        <nameUrl value="background.html"/>
        <title value="Background"/>
        <generation value="html"/>
      </page>
      <page>
        <nameUrl value="spec.html"/>
        <title value="Detailed Specification"/>
        <generation value="markdown"/>
      </page>
      <page>
        <nameUrl value="downloads.html"/>
        <title value="Useful Downloads"/>
        <generation value="html"/>
      </page>
      <page>
        <nameUrl value="changes.html"/>
        <title value="IG Change History"/>
        <generation value="html"/>
      </page>
    </page>
    <parameter>
      <code value="path-resource"/>
      <value value="input\history"/>
    </parameter>
    <parameter>
      <code value="path-resource"/>
      <value value="input/resources/device"/>
    </parameter>
    <parameter>
      <code value="path-resource"/>
      <value value="input/capabilities"/>
    </parameter>
    <parameter>
      <code value="path-resource"/>
      <value value="input/examples"/>
    </parameter>
    <parameter>
      <code value="path-resource"/>
      <value value="input/extensions"/>
    </parameter>
    <parameter>
      <code value="path-resource"/>
      <value value="input/models"/>
    </parameter>
    <parameter>
      <code value="path-resource"/>
      <value value="input/operations"/>
    </parameter>
    <parameter>
      <code value="path-resource"/>
      <value value="input/profiles"/>
    </parameter>
    <parameter>
      <code value="path-resource"/>
      <value value="input/resources"/>
    </parameter>
    <parameter>
      <code value="path-resource"/>
      <value value="input/vocabulary"/>
    </parameter>
    <parameter>
      <code value="path-resource"/>
      <value value="input/testing"/>
    </parameter>
    <parameter>
      <code value="path-resource"/>
      <value value="input/history"/>
    </parameter>
    <parameter>
      <code value="path-resource"/>
      <value value="fsh-generated/resources"/>
    </parameter>
    <parameter>
      <code value="path-pages"/>
      <value value="template/config"/>
    </parameter>
    <parameter>
      <code value="path-pages"/>
      <value value="input/images"/>
    </parameter>
    <parameter>
      <code value="path-tx-cache"/>
      <value value="input-cache/txcache"/>
    </parameter>
  </definition>
</ImplementationGuide>