<?xml version="1.0" encoding="UTF-8"?>

<Location xmlns="http://hl7.org/fhir">
  <id value="Location-HIVSimple"/>
  <text>
    <status value="generated"/><div xmlns="http://www.w3.org/1999/xhtml"><p><b>Generated Narrative</b></p><p><b>managingOrganization</b>: <a href="Organization-Organization-HIVSimple.html">Generated Summary: name: Government Hospital</a></p></div>
  </text>
  <managingOrganization>
    <reference value="Organization/Organization-HIVSimple"/>
  </managingOrganization>
</Location>