<?xml version="1.0" encoding="UTF-8"?>

<Location xmlns="http://hl7.org/fhir">
  <id value="Location-HIVSimple1"/>
  <text>
    <status value="generated"/><div xmlns="http://www.w3.org/1999/xhtml"><p><b>Generated Narrative</b></p><div style="display: inline-block; background-color: #d9e0e7; padding: 6px; margin: 4px; border: 1px solid #8da1b4; border-radius: 5px; line-height: 60%"><p style="margin-bottom: 0px">Resource "Location-HIVSimple1" </p></div><p><b>identifier</b>: id: Location-HIVSimple1</p><p><b>managingOrganization</b>: <span></span></p></div>
  </text>
  <identifier>
    <system value="https://github.com/synthetichealth/synthea"/>
    <value value="Location-HIVSimple1"/>
  </identifier>
  <managingOrganization>
    <identifier>
      <system value="https://github.com/synthetichealth/synthea"/>
      <value value="Organization-HIVSimple1"/>
    </identifier>
  </managingOrganization>
</Location>