<?xml version="1.0" encoding="UTF-8"?>

<Measure xmlns="http://hl7.org/fhir">
  <id value="HIVSimpleAgeGroup"/>
  <text>
    <status value="generated"/><div xmlns="http://www.w3.org/1999/xhtml"><p><b>Generated Narrative</b></p><p><b>url</b>: <code>Measure/HIVSimpleAgeGroup</code></p><p><b>identifier</b>: id: HIVSimpleAgeGroup</p><p><b>version</b>: 0.1.0</p><p><b>name</b>: HIVSimpleAgeGroup</p><p><b>title</b>: HIVSimpleAgeGroup</p><p><b>status</b>: draft</p><p><b>experimental</b>: true</p><p><b>date</b>: 2018-03-08</p><p><b>publisher</b>: HL7 International - [Some] Work Group</p><p><b>contact</b>: <a href="http://hl7.org/Special/committees/[something]">http://hl7.org/Special/committees/[something]</a></p><p><b>description</b>: HIVSimpleAgeGroup</p><p><b>jurisdiction</b>: <span title="Codes: {http://unstats.un.org/unsd/methods/m49/m49.htm 001}">World</span></p><h3>RelatedArtifacts</h3><table class="grid"><tr><td>-</td></tr><tr><td>*</td></tr></table><p><b>library</b>: <code>Library/HIVSimpleAgeGroup</code></p><p><b>scoring</b>: <span title="Codes: ">proportion</span></p><p><b>type</b>: <span title="Codes: ">process</span></p><blockquote><p><b>group</b></p><p><b>code</b>: <span title="Codes: ">cohort</span></p><p><b>description</b>: HIVSimpleAgeGroup Cohort</p><blockquote><p><b>population</b></p><p><b>code</b>: <span title="Codes: {http://terminology.hl7.org/CodeSystem/measure-population initial-population}">Initial Population</span></p><p><b>description</b>: HIVSimpleAgeGroup Initial Population</p><h3>Criteria</h3><table class="grid"><tr><td>-</td></tr><tr><td>*</td></tr></table></blockquote><blockquote><p><b>population</b></p><p><b>code</b>: <span title="Codes: {http://terminology.hl7.org/CodeSystem/measure-population numerator}">Numerator</span></p><p><b>description</b>: HIVSimpleAgeGroup Numerator</p><h3>Criteria</h3><table class="grid"><tr><td>-</td></tr><tr><td>*</td></tr></table></blockquote><blockquote><p><b>population</b></p><p><b>code</b>: <span title="Codes: {http://terminology.hl7.org/CodeSystem/measure-population denominator}">Denominator</span></p><p><b>description</b>: HIVSimpleAgeGroup Denominator</p><h3>Criteria</h3><table class="grid"><tr><td>-</td></tr><tr><td>*</td></tr></table></blockquote></blockquote></div>
  </text>
  <url value="Measure/HIVSimpleAgeGroup"/>
  <identifier>
    <system value="http://ohie.org/Measure/"/>
    <value value="HIVSimpleAgeGroup"/>
  </identifier>
  <version value="0.1.0"/>
  <name value="HIVSimpleAgeGroup"/>
  <title value="HIVSimpleAgeGroup"/>
  <status value="draft"/>
  <experimental value="true"/>
  <date value="2018-03-08"/>
  <publisher value="HL7 International - [Some] Work Group"/>
  <contact>
    <telecom>
      <system value="url"/>
      <value value="http://hl7.org/Special/committees/[something]"/>
    </telecom>
  </contact>
  <description value="HIVSimpleAgeGroup"/>
  <jurisdiction>
    <coding>
      <system value="http://unstats.un.org/unsd/methods/m49/m49.htm"/>
      <code value="001"/>
    </coding>
  </jurisdiction>
  <relatedArtifact>
    <type value="derived-from"/>
    <url value="http://wiki.ihe.net/index.php/Aggregate_Data_Exchange_-_HIV"/>
  </relatedArtifact>
  <library value="Library/HIVSimpleAgeGroup"/>
  <scoring>
    <coding>
      <code value="proportion"/>
    </coding>
  </scoring>
  <type>
    <coding>
      <code value="process"/>
    </coding>
  </type>
  <group>
    <code>
      <text value="cohort"/>
    </code>
    <description value="HIVSimpleAgeGroup Cohort"/>
    <population>
      <code>
        <coding>
          <system value="http://terminology.hl7.org/CodeSystem/measure-population"/>
          <code value="initial-population"/>
        </coding>
      </code>
      <description value="HIVSimpleAgeGroup Initial Population"/>
      <criteria>
        <language value="text/cql"/>
        <expression value="Initial Population"/>
      </criteria>
    </population>
    <population>
      <code>
        <coding>
          <system value="http://terminology.hl7.org/CodeSystem/measure-population"/>
          <code value="numerator"/>
        </coding>
      </code>
      <description value="HIVSimpleAgeGroup Numerator"/>
      <criteria>
        <language value="text/cql"/>
        <expression value="Numerator"/>
      </criteria>
    </population>
    <population>
      <code>
        <coding>
          <system value="http://terminology.hl7.org/CodeSystem/measure-population"/>
          <code value="denominator"/>
        </coding>
      </code>
      <description value="HIVSimpleAgeGroup Denominator"/>
      <criteria>
        <language value="text/cql"/>
        <expression value="Denominator"/>
      </criteria>
    </population>
  </group>
</Measure>