<?xml version="1.0" encoding="UTF-8"?>

<Measure xmlns="http://hl7.org/fhir">
  <id value="HIVSimpleGender"/>
  <text>
    <status value="generated"/><div xmlns="http://www.w3.org/1999/xhtml"><p><b>Generated Narrative</b></p><p><b>url</b>: <code>https://intrahealth.github.io/simple-hiv-ig/Measure/HIVSimpleGender</code></p><p><b>identifier</b>: id: HIVSimpleGender</p><p><b>version</b>: 0.1.0</p><p><b>status</b>: draft</p><p><b>experimental</b>: true</p><p><b>date</b>: 2021-07-01</p><p><b>publisher</b>: Digital Health Team</p><p><b>contact</b>: Digital Health Team: <a href="https://www.intrahealth.org">https://www.intrahealth.org</a>,<a href="mailto:digitalhealth@intrahealth.org">digitalhealth@intrahealth.org</a>, Digital Health Team: <a href="mailto:digitalhealth@intrahealth.org">digitalhealth@intrahealth.org</a></p><p><b>library</b>: <a href="https://intrahealth.github.io/simple-hiv-ig/Library-KitchenSink">https://intrahealth.github.io/simple-hiv-ig/Library-KitchenSink</a></p><p><b>scoring</b>: <span title="Codes: {http://terminology.hl7.org/CodeSystem/measure-scoring proportion}">Proportion</span></p><blockquote><p><b>group</b></p><p><b>code</b>: <span title="Codes: {http://ohie.org/CodeSystem cohort}">cohort</span></p><blockquote><p><b>population</b></p><p><b>code</b>: <span title="Codes: {http://terminology.hl7.org/CodeSystem/measure-population initial-population}">Initial Population</span></p><p><b>description</b>: Initial Population</p></blockquote><blockquote><p><b>population</b></p><p><b>code</b>: <span title="Codes: {http://terminology.hl7.org/CodeSystem/measure-population denominator}">Denominator</span></p><p><b>description</b>: Denominator</p></blockquote><blockquote><p><b>population</b></p><p><b>code</b>: <span title="Codes: {http://terminology.hl7.org/CodeSystem/measure-population numerator}">Numerator</span></p><p><b>description</b>: Numerator</p></blockquote></blockquote></div>
  </text>
  <url value="https://intrahealth.github.io/simple-hiv-ig/Measure/HIVSimpleGender"/>
  <identifier>
    <system value="https://intrahealth.github.io/simple-hiv-ig/Measure/"/>
    <value value="HIVSimpleGender"/>
  </identifier>
  <version value="0.1.0"/>
  <status value="draft"/>
  <experimental value="true"/>
  <date value="2021-07-01"/>
  <publisher value="Digital Health Team"/>
  <contact>
    <name value="Digital Health Team"/>
    <telecom>
      <system value="url"/>
      <value value="https://www.intrahealth.org"/>
    </telecom>
    <telecom>
      <system value="email"/>
      <value value="digitalhealth@intrahealth.org"/>
    </telecom>
  </contact>
  <contact>
    <name value="Digital Health Team"/>
    <telecom>
      <system value="email"/>
      <value value="digitalhealth@intrahealth.org"/>
      <use value="work"/>
    </telecom>
  </contact>
  <library value="https://intrahealth.github.io/simple-hiv-ig/Library-KitchenSink"/>
  <scoring>
    <coding>
      <system value="http://terminology.hl7.org/CodeSystem/measure-scoring"/>
      <code value="proportion"/>
    </coding>
  </scoring>
  <group>
    <code>
      <coding>
        <system value="http://ohie.org/CodeSystem"/>
        <code value="cohort"/>
        <display value="cohort"/>
      </coding>
    </code>
    <population>
      <code>
        <coding>
          <system value="http://terminology.hl7.org/CodeSystem/measure-population"/>
          <code value="initial-population"/>
        </coding>
      </code>
      <description value="Initial Population"/>
      <criteria>
        <language value="text/cql"/>
        <expression value="Initial Population"/>
      </criteria>
    </population>
    <population>
      <code>
        <coding>
          <system value="http://terminology.hl7.org/CodeSystem/measure-population"/>
          <code value="denominator"/>
        </coding>
      </code>
      <description value="Denominator"/>
      <criteria>
        <language value="text/cql"/>
        <expression value="Denominator"/>
      </criteria>
    </population>
    <population>
      <code>
        <coding>
          <system value="http://terminology.hl7.org/CodeSystem/measure-population"/>
          <code value="numerator"/>
        </coding>
      </code>
      <description value="Numerator"/>
      <criteria>
        <language value="text/cql"/>
        <expression value="Numerator"/>
      </criteria>
    </population>
  </group>
</Measure>