<?xml version="1.0" encoding="UTF-8"?>

<Organization xmlns="http://hl7.org/fhir">
  <id value="Organization-HIVSimple1"/>
  <text>
    <status value="generated"/><div xmlns="http://www.w3.org/1999/xhtml"><p><b>Generated Narrative</b></p><div style="display: inline-block; background-color: #d9e0e7; padding: 6px; margin: 4px; border: 1px solid #8da1b4; border-radius: 5px; line-height: 60%"><p style="margin-bottom: 0px">Resource "Organization-HIVSimple1" </p></div><p><b>identifier</b>: id: Organization-HIVSimple1</p><p><b>name</b>: Organization-HIVSimple Government Hospital</p></div>
  </text>
  <identifier>
    <system value="https://github.com/synthetichealth/synthea"/>
    <value value="Organization-HIVSimple1"/>
  </identifier>
  <name value="Organization-HIVSimple Government Hospital"/>
</Organization>