<?xml version="1.0" encoding="UTF-8"?>

<Patient xmlns="http://hl7.org/fhir">
  <id value="Patient-HIVSimple"/>
  <text>
    <status value="generated"/><div xmlns="http://www.w3.org/1999/xhtml"><p><b>Generated Narrative</b></p><div style="display: inline-block; background-color: #d9e0e7; padding: 6px; margin: 4px; border: 1px solid #8da1b4; border-radius: 5px; line-height: 60%"><p style="margin-bottom: 0px">Resource "Patient-HIVSimple" </p></div><p><b>identifier</b>: id: 1234</p><p><b>name</b>: Mittens Cat</p><p><b>gender</b>: female</p><p><b>birthDate</b>: 1985-01-01</p></div>
  </text>
  <identifier>
    <system value="https://intrahealth.github.io/simple-hiv-ig/CodeSystem/OpenCR"/>
    <value value="1234"/>
  </identifier>
  <name>
    <text value="Mittens Cat"/>
    <family value="Cat"/>
    <given value="Mittens"/>
  </name>
  <gender value="female"/>
  <birthDate value="1985-01-01"/>
</Patient>