<?xml version="1.0" encoding="UTF-8"?><CodeSystem xmlns="http://hl7.org/fhir"><id value="OpenCR"/><text><status value="generated"/><div xmlns="http://www.w3.org/1999/xhtml"><p>This code system https://intrahealth.github.io/simple-hiv-ig/CodeSystem/OpenCR defines the following codes:</p><table class="codes"><tr><td style="white-space:nowrap"><b>Code</b></td><td><b>Display</b></td></tr><tr><td style="white-space:nowrap">1234<a name="OpenCR-1234"> </a></td><td>Golden Record</td></tr></table></div></text><url value="https://intrahealth.github.io/simple-hiv-ig/CodeSystem/OpenCR"/><version value="0.1.0"/><name value="OpenCR"/><title value="OpenCR CodeSystem"/><status value="active"/><date value="2021-08-12T18:32:47+00:00"/><publisher value="Digital Health Team"/><contact><name value="Digital Health Team"/><telecom><system value="url"/><value value="https://www.intrahealth.org"/></telecom><telecom><system value="email"/><value value="digitalhealth@intrahealth.org"/></telecom></contact><contact><name value="Digital Health Team"/><telecom><system value="email"/><value value="digitalhealth@intrahealth.org"/><use value="work"/></telecom></contact><description value="OpenCR CodeSystem"/><content value="complete"/><count value="1"/><concept><code value="1234"/><display value="Golden Record"/></concept></CodeSystem>