<?xml version="1.0" encoding="UTF-8"?><CodeSystem xmlns="http://hl7.org/fhir"><id value="OpenHIE"/><text><status value="generated"/><div xmlns="http://www.w3.org/1999/xhtml"><p>This code system https://intrahealth.github.io/simple-hiv-ig/CodeSystem/OpenHIE defines the following codes:</p><table class="codes"><tr><td style="white-space:nowrap"><b>Code</b></td><td><b>Display</b></td></tr><tr><td style="white-space:nowrap">cohort<a name="OpenHIE-cohort"> </a></td><td>cohort</td></tr></table></div></text><url value="https://intrahealth.github.io/simple-hiv-ig/CodeSystem/OpenHIE"/><version value="0.1.0"/><name value="OpenHIE"/><title value="OpenHIE CodeSystem"/><status value="active"/><date value="2022-01-11T19:35:20+00:00"/><publisher value="IntraHealth International"/><contact><telecom><system value="url"/><value value="http://hl7.org/Special/committees/[something]"/></telecom></contact><description value="OpenHIE CodeSystem"/><content value="complete"/><count value="1"/><concept><code value="cohort"/><display value="cohort"/></concept></CodeSystem>