<?xml version="1.0" encoding="UTF-8"?><ImplementationGuide xmlns="http://hl7.org/fhir"><id value="simple-hiv-ig"/><text><status value="extensions"/><div xmlns="http://www.w3.org/1999/xhtml"><h2>simple-hiv-ig</h2><p>The official URL for this implementation guide is: </p><pre>https://github.com/intrahealth/simple-hiv-ig</pre><div><p>A simple IG using HIV epidemic control as a an example for learners</p>
</div></div></text><url value="https://github.com/intrahealth/simple-hiv-ig"/><version value="0.1.0"/><name value="simple-hiv-ig"/><title value="Simple HIV IG"/><status value="draft"/><experimental value="false"/><date value="2021-06-29T01:19:24+00:00"/><publisher value="IntraHealth International"/><contact><telecom><system value="url"/><value value="http://hl7.org/Special/committees/[something]"/></telecom></contact><description value="A simple IG using HIV epidemic control as a an example for learners"/><packageId value="simple-hiv-ig"/><license value="CC0-1.0"/><fhirVersion value="4.0.1"/><definition><extension url="http://hl7.org/fhir/tools/StructureDefinition/ig-parameter"><extension url="code"><valueString value="copyrightyear"/></extension><extension url="value"><valueString value="2020+"/></extension></extension><extension url="http://hl7.org/fhir/tools/StructureDefinition/ig-parameter"><extension url="code"><valueString value="releaselabel"/></extension><extension url="value"><valueString value="CI Build"/></extension></extension><extension url="http://hl7.org/fhir/tools/StructureDefinition/ig-parameter"><extension url="code"><valueString value="path-binary"/></extension><extension url="value"><valueString value="input\cql"/></extension></extension><extension url="http://hl7.org/fhir/tools/StructureDefinition/ig-parameter"><extension url="code"><valueString value="path-liquid"/></extension><extension url="value"><valueString value="templates\liquid"/></extension></extension><extension url="http://hl7.org/fhir/tools/StructureDefinition/ig-parameter"><extension url="code"><valueString value="autoload-resources"/></extension><extension url="value"><valueString value="true"/></extension></extension><extension url="http://hl7.org/fhir/tools/StructureDefinition/ig-parameter"><extension url="code"><valueString value="path-liquid"/></extension><extension url="value"><valueString value="template/liquid"/></extension></extension><extension url="http://hl7.org/fhir/tools/StructureDefinition/ig-parameter"><extension url="code"><valueString value="path-liquid"/></extension><extension url="value"><valueString value="input/liquid"/></extension></extension><extension url="http://hl7.org/fhir/tools/StructureDefinition/ig-parameter"><extension url="code"><valueString value="path-qa"/></extension><extension url="value"><valueString value="temp/qa"/></extension></extension><extension url="http://hl7.org/fhir/tools/StructureDefinition/ig-parameter"><extension url="code"><valueString value="path-temp"/></extension><extension url="value"><valueString value="temp/pages"/></extension></extension><extension url="http://hl7.org/fhir/tools/StructureDefinition/ig-parameter"><extension url="code"><valueString value="path-output"/></extension><extension url="value"><valueString value="output"/></extension></extension><extension url="http://hl7.org/fhir/tools/StructureDefinition/ig-parameter"><extension url="code"><valueString value="path-suppressed-warnings"/></extension><extension url="value"><valueString value="input/ignoreWarnings.txt"/></extension></extension><extension url="http://hl7.org/fhir/tools/StructureDefinition/ig-parameter"><extension url="code"><valueString value="path-history"/></extension><extension url="value"><valueString value="history.html"/></extension></extension><extension url="http://hl7.org/fhir/tools/StructureDefinition/ig-parameter"><extension url="code"><valueString value="template-html"/></extension><extension url="value"><valueString value="template-page.html"/></extension></extension><extension url="http://hl7.org/fhir/tools/StructureDefinition/ig-parameter"><extension url="code"><valueString value="template-md"/></extension><extension url="value"><valueString value="template-page-md.html"/></extension></extension><extension url="http://hl7.org/fhir/tools/StructureDefinition/ig-parameter"><extension url="code"><valueString value="apply-contact"/></extension><extension url="value"><valueString value="true"/></extension></extension><extension url="http://hl7.org/fhir/tools/StructureDefinition/ig-parameter"><extension url="code"><valueString value="apply-context"/></extension><extension url="value"><valueString value="true"/></extension></extension><extension url="http://hl7.org/fhir/tools/StructureDefinition/ig-parameter"><extension url="code"><valueString value="apply-copyright"/></extension><extension url="value"><valueString value="true"/></extension></extension><extension url="http://hl7.org/fhir/tools/StructureDefinition/ig-parameter"><extension url="code"><valueString value="apply-jurisdiction"/></extension><extension url="value"><valueString value="true"/></extension></extension><extension url="http://hl7.org/fhir/tools/StructureDefinition/ig-parameter"><extension url="code"><valueString value="apply-license"/></extension><extension url="value"><valueString value="true"/></extension></extension><extension url="http://hl7.org/fhir/tools/StructureDefinition/ig-parameter"><extension url="code"><valueString value="apply-publisher"/></extension><extension url="value"><valueString value="true"/></extension></extension><extension url="http://hl7.org/fhir/tools/StructureDefinition/ig-parameter"><extension url="code"><valueString value="apply-version"/></extension><extension url="value"><valueString value="true"/></extension></extension><extension url="http://hl7.org/fhir/tools/StructureDefinition/ig-parameter"><extension url="code"><valueString value="active-tables"/></extension><extension url="value"><valueString value="true"/></extension></extension><grouping id="-ka-library"><name value="Knowledge Artifacts: Libraries"/><description value="These define logic, asset collections and other libraries as part of content in this implementation guide"/></grouping><grouping id="-ka-measure"><name value="Knowledge Artifacts: Measure"/><description value="These define measures as part of content in this implementation guide"/></grouping><resource><extension url="http://hl7.org/fhir/StructureDefinition/implementationguide-page"><valueUri value="Measure-HIVSimpleGenderSubjectList.html"/></extension><reference><reference value="Measure/HIVSimpleGenderSubjectList"/></reference><name value="HIVSimpleGenderSubjectList"/><description value="HIVSimpleGenderSubjectList"/><groupingId value="-ka-measure"/></resource><resource><extension url="http://hl7.org/fhir/StructureDefinition/implementationguide-page"><valueUri value="Library-HIVSimpleCondition.html"/></extension><reference><reference value="Library/HIVSimpleCondition"/></reference><name value="HIVSimpleCondition"/><groupingId value="-ka-library"/></resource><resource><extension url="http://hl7.org/fhir/StructureDefinition/implementationguide-page"><valueUri value="Measure-HIVSimpleGender.html"/></extension><reference><reference value="Measure/HIVSimpleGender"/></reference><name value="HIVSimpleGender"/><description value="HIVSimpleGender"/><groupingId value="-ka-measure"/></resource><resource><extension url="http://hl7.org/fhir/StructureDefinition/implementationguide-page"><valueUri value="Measure-HIVSimpleDemog.html"/></extension><reference><reference value="Measure/HIVSimpleDemog"/></reference><name value="HIVSimpleDemog"/><description value="HIVSimpleDemog"/><groupingId value="-ka-measure"/></resource><resource><extension url="http://hl7.org/fhir/StructureDefinition/implementationguide-page"><valueUri value="Library-HIVSimpleGender.html"/></extension><reference><reference value="Library/HIVSimpleGender"/></reference><name value="HIVSimpleGender"/><groupingId value="-ka-library"/></resource><resource><extension url="http://hl7.org/fhir/StructureDefinition/implementationguide-page"><valueUri value="Measure-HIVSimpleCondition.html"/></extension><reference><reference value="Measure/HIVSimpleCondition"/></reference><name value="HIVSimpleCondition"/><description value="HIVSimpleCondition"/><groupingId value="-ka-measure"/></resource><resource><extension url="http://hl7.org/fhir/StructureDefinition/implementationguide-page"><valueUri value="Measure-HIVSimpleGender2.html"/></extension><reference><reference value="Measure/HIVSimpleGender2"/></reference><name value="HIVSimpleGender2"/><description value="HIVSimpleGender2"/><groupingId value="-ka-measure"/></resource><resource><extension url="http://hl7.org/fhir/StructureDefinition/implementationguide-page"><valueUri value="Library-FHIRCommon.html"/></extension><reference><reference value="Library/FHIRCommon"/></reference><name value="FHIR Common"/><groupingId value="-ka-library"/></resource><resource><extension url="http://hl7.org/fhir/StructureDefinition/implementationguide-page"><valueUri value="Library-HIVSimpleDemog.html"/></extension><reference><reference value="Library/HIVSimpleDemog"/></reference><name value="HIVSimpleDemog"/><groupingId value="-ka-library"/></resource><resource><extension url="http://hl7.org/fhir/StructureDefinition/implementationguide-page"><valueUri value="Measure-HIVSimpleAgeGroup.html"/></extension><reference><reference value="Measure/HIVSimpleAgeGroup"/></reference><name value="HIVSimpleAgeGroup"/><description value="HIVSimpleAgeGroup"/><groupingId value="-ka-measure"/></resource><resource><extension url="http://hl7.org/fhir/StructureDefinition/implementationguide-page"><valueUri value="Measure-HIVSimpleTestResult.html"/></extension><reference><reference value="Measure/HIVSimpleTestResult"/></reference><name value="HIVSimpleTestResult"/><description value="HIVSimpleTestResult"/><groupingId value="-ka-measure"/></resource><resource><extension url="http://hl7.org/fhir/StructureDefinition/implementationguide-page"><valueUri value="Library-HIVSimpleAgeGroup.html"/></extension><reference><reference value="Library/HIVSimpleAgeGroup"/></reference><name value="HIVSimpleAgeGroup"/><groupingId value="-ka-library"/></resource><resource><extension url="http://hl7.org/fhir/StructureDefinition/implementationguide-page"><valueUri value="Library-AgeRanges.html"/></extension><reference><reference value="Library/AgeRanges"/></reference><name value="Age Ranges"/><groupingId value="-ka-library"/></resource><resource><extension url="http://hl7.org/fhir/StructureDefinition/implementationguide-page"><valueUri value="Library-HIVSimpleViralLoad.html"/></extension><reference><reference value="Library/HIVSimpleViralLoad"/></reference><name value="HIVSimpleViralLoad"/><groupingId value="-ka-library"/></resource><resource><extension url="http://hl7.org/fhir/StructureDefinition/implementationguide-page"><valueUri value="Measure-HIVSimpleViralLoad.html"/></extension><reference><reference value="Measure/HIVSimpleViralLoad"/></reference><name value="HIVSimpleViralLoad"/><description value="HIVSimpleViralLoad"/><groupingId value="-ka-measure"/></resource><resource><extension url="http://hl7.org/fhir/StructureDefinition/implementationguide-page"><valueUri value="Measure-HIVSimpleGenderSuppData.html"/></extension><reference><reference value="Measure/HIVSimpleGenderSuppData"/></reference><name value="HIVSimpleGenderSuppData"/><description value="HIVSimpleGenderSuppData"/><groupingId value="-ka-measure"/></resource><resource><extension url="http://hl7.org/fhir/StructureDefinition/implementationguide-page"><valueUri value="Library-HIVSimpleTestResult.html"/></extension><reference><reference value="Library/HIVSimpleTestResult"/></reference><name value="HIVSimpleTestResult"/><groupingId value="-ka-library"/></resource><resource><extension url="http://hl7.org/fhir/StructureDefinition/implementationguide-page"><valueUri value="Library-ANCStratifiers.html"/></extension><reference><reference value="Library/ANCStratifiers"/></reference><name value="ANCStratifiers"/><groupingId value="-ka-library"/></resource><resource><extension url="http://hl7.org/fhir/StructureDefinition/implementationguide-page"><valueUri value="Measure-HIVSimpleGenderCohort.html"/></extension><reference><reference value="Measure/HIVSimpleGenderCohort"/></reference><name value="HIVSimpleGenderCohort"/><description value="HIVSimpleGenderCohort"/><groupingId value="-ka-measure"/></resource><page><nameUrl value="toc.html"/><title value="Table of Contents"/><generation value="html"/><page><nameUrl value="index.html"/><title value="MyIG Home Page"/><generation value="html"/></page><page><nameUrl value="background.html"/><title value="Background"/><generation value="html"/></page><page><nameUrl value="spec.html"/><title value="Detailed Specification"/><generation value="markdown"/></page><page><nameUrl value="downloads.html"/><title value="Useful Downloads"/><generation value="html"/></page><page><nameUrl value="changes.html"/><title value="IG Change History"/><generation value="html"/></page><page><nameUrl value="artifacts.html"/><title value="Artifacts Summary"/><generation value="html"/><page><nameUrl value="Library-HIVSimpleCondition.html"/><title value="HIVSimpleCondition"/><generation value="generated"/></page><page><nameUrl value="Library-HIVSimpleGender.html"/><title value="HIVSimpleGender"/><generation value="generated"/></page><page><nameUrl value="Library-FHIRCommon.html"/><title value="FHIR Common"/><generation value="generated"/></page><page><nameUrl value="Library-HIVSimpleDemog.html"/><title value="HIVSimpleDemog"/><generation value="generated"/></page><page><nameUrl value="Library-HIVSimpleAgeGroup.html"/><title value="HIVSimpleAgeGroup"/><generation value="generated"/></page><page><nameUrl value="Library-AgeRanges.html"/><title value="Age Ranges"/><generation value="generated"/></page><page><nameUrl value="Library-HIVSimpleViralLoad.html"/><title value="HIVSimpleViralLoad"/><generation value="generated"/></page><page><nameUrl value="Library-HIVSimpleTestResult.html"/><title value="HIVSimpleTestResult"/><generation value="generated"/></page><page><nameUrl value="Library-ANCStratifiers.html"/><title value="ANCStratifiers"/><generation value="generated"/></page><page><nameUrl value="Measure-HIVSimpleGenderSubjectList.html"/><title value="HIVSimpleGenderSubjectList"/><generation value="generated"/></page><page><nameUrl value="Measure-HIVSimpleGender.html"/><title value="HIVSimpleGender"/><generation value="generated"/></page><page><nameUrl value="Measure-HIVSimpleDemog.html"/><title value="HIVSimpleDemog"/><generation value="generated"/></page><page><nameUrl value="Measure-HIVSimpleCondition.html"/><title value="HIVSimpleCondition"/><generation value="generated"/></page><page><nameUrl value="Measure-HIVSimpleGender2.html"/><title value="HIVSimpleGender2"/><generation value="generated"/></page><page><nameUrl value="Measure-HIVSimpleAgeGroup.html"/><title value="HIVSimpleAgeGroup"/><generation value="generated"/></page><page><nameUrl value="Measure-HIVSimpleTestResult.html"/><title value="HIVSimpleTestResult"/><generation value="generated"/></page><page><nameUrl value="Measure-HIVSimpleViralLoad.html"/><title value="HIVSimpleViralLoad"/><generation value="generated"/></page><page><nameUrl value="Measure-HIVSimpleGenderSuppData.html"/><title value="HIVSimpleGenderSuppData"/><generation value="generated"/></page><page><nameUrl value="Measure-HIVSimpleGenderCohort.html"/><title value="HIVSimpleGenderCohort"/><generation value="generated"/></page></page></page><parameter><code value="path-resource"/><value value="input\history"/></parameter><parameter><code value="path-resource"/><value value="input/capabilities"/></parameter><parameter><code value="path-resource"/><value value="input/examples"/></parameter><parameter><code value="path-resource"/><value value="input/extensions"/></parameter><parameter><code value="path-resource"/><value value="input/models"/></parameter><parameter><code value="path-resource"/><value value="input/operations"/></parameter><parameter><code value="path-resource"/><value value="input/profiles"/></parameter><parameter><code value="path-resource"/><value value="input/resources"/></parameter><parameter><code value="path-resource"/><value value="input/vocabulary"/></parameter><parameter><code value="path-resource"/><value value="input/testing"/></parameter><parameter><code value="path-resource"/><value value="input/history"/></parameter><parameter><code value="path-resource"/><value value="fsh-generated/resources"/></parameter><parameter><code value="path-pages"/><value value="template/config"/></parameter><parameter><code value="path-pages"/><value value="input/images"/></parameter><parameter><code value="path-tx-cache"/><value value="input-cache/txcache"/></parameter></definition></ImplementationGuide>