<?xml version="1.0" encoding="UTF-8"?><ImplementationGuide xmlns="http://hl7.org/fhir"><id value="simple.hiv.ig"/><text><status value="extensions"/><div xmlns="http://www.w3.org/1999/xhtml"><h2>SimpleHIVIG</h2><p>The official URL for this implementation guide is: </p><pre>https://intrahealth.github.io/simple-hiv-ig/ImplementationGuide/simple.hiv.ig</pre></div></text><url value="https://intrahealth.github.io/simple-hiv-ig/ImplementationGuide/simple.hiv.ig"/><version value="0.1.0"/><name value="SimpleHIVIG"/><title value="HIV Simple IG"/><status value="draft"/><date value="2021-08-10T02:32:15+00:00"/><publisher value="Digital Health Team"/><contact><name value="Digital Health Team"/><telecom><system value="url"/><value value="https://www.intrahealth.org"/></telecom><telecom><system value="email"/><value value="digitalhealth@intrahealth.org"/></telecom></contact><contact><name value="Digital Health Team"/><telecom><system value="email"/><value value="digitalhealth@intrahealth.org"/><use value="work"/></telecom></contact><packageId value="simple.hiv.ig"/><license value="CC0-1.0"/><fhirVersion value="4.0.1"/><definition><extension url="http://hl7.org/fhir/tools/StructureDefinition/ig-parameter"><extension url="code"><valueString value="copyrightyear"/></extension><extension url="value"><valueString value="2021+"/></extension></extension><extension url="http://hl7.org/fhir/tools/StructureDefinition/ig-parameter"><extension url="code"><valueString value="releaselabel"/></extension><extension url="value"><valueString value="ci-build"/></extension></extension><extension url="http://hl7.org/fhir/tools/StructureDefinition/ig-parameter"><extension url="code"><valueString value="path-binary"/></extension><extension url="value"><valueString value="input/cql"/></extension></extension><extension url="http://hl7.org/fhir/tools/StructureDefinition/ig-parameter"><extension url="code"><valueString value="active-tables"/></extension><extension url="value"><valueString value="false"/></extension></extension><extension url="http://hl7.org/fhir/tools/StructureDefinition/ig-parameter"><extension url="code"><valueString value="apply-contact"/></extension><extension url="value"><valueString value="true"/></extension></extension><extension url="http://hl7.org/fhir/tools/StructureDefinition/ig-parameter"><extension url="code"><valueString value="apply-jurisdiction"/></extension><extension url="value"><valueString value="true"/></extension></extension><extension url="http://hl7.org/fhir/tools/StructureDefinition/ig-parameter"><extension url="code"><valueString value="apply-publisher"/></extension><extension url="value"><valueString value="true"/></extension></extension><extension url="http://hl7.org/fhir/tools/StructureDefinition/ig-parameter"><extension url="code"><valueString value="apply-version"/></extension><extension url="value"><valueString value="true"/></extension></extension><extension url="http://hl7.org/fhir/tools/StructureDefinition/ig-parameter"><extension url="code"><valueString value="show-inherited-invariants"/></extension><extension url="value"><valueString value="false"/></extension></extension><extension url="http://hl7.org/fhir/tools/StructureDefinition/ig-parameter"><extension url="code"><valueString value="usage-stats-opt-out"/></extension><extension url="value"><valueString value="true"/></extension></extension><extension url="http://hl7.org/fhir/tools/StructureDefinition/ig-parameter"><extension url="code"><valueString value="autoload-resources"/></extension><extension url="value"><valueString value="true"/></extension></extension><extension url="http://hl7.org/fhir/tools/StructureDefinition/ig-parameter"><extension url="code"><valueString value="shownav"/></extension><extension url="value"><valueString value="true"/></extension></extension><extension url="http://hl7.org/fhir/tools/StructureDefinition/ig-parameter"><extension url="code"><valueString value="validation"/></extension><extension url="value"><valueString value="allow-any-extensions"/></extension></extension><extension url="http://hl7.org/fhir/tools/StructureDefinition/ig-parameter"><extension url="code"><valueString value="broken-links"/></extension><extension url="value"><valueString value="warning"/></extension></extension><extension url="http://hl7.org/fhir/tools/StructureDefinition/ig-parameter"><extension url="code"><valueString value="path-liquid"/></extension><extension url="value"><valueString value="template/liquid"/></extension></extension><extension url="http://hl7.org/fhir/tools/StructureDefinition/ig-parameter"><extension url="code"><valueString value="path-liquid"/></extension><extension url="value"><valueString value="input/liquid"/></extension></extension><extension url="http://hl7.org/fhir/tools/StructureDefinition/ig-parameter"><extension url="code"><valueString value="path-qa"/></extension><extension url="value"><valueString value="temp/qa"/></extension></extension><extension url="http://hl7.org/fhir/tools/StructureDefinition/ig-parameter"><extension url="code"><valueString value="path-temp"/></extension><extension url="value"><valueString value="temp/pages"/></extension></extension><extension url="http://hl7.org/fhir/tools/StructureDefinition/ig-parameter"><extension url="code"><valueString value="path-output"/></extension><extension url="value"><valueString value="output"/></extension></extension><extension url="http://hl7.org/fhir/tools/StructureDefinition/ig-parameter"><extension url="code"><valueString value="path-suppressed-warnings"/></extension><extension url="value"><valueString value="input/ignoreWarnings.txt"/></extension></extension><extension url="http://hl7.org/fhir/tools/StructureDefinition/ig-parameter"><extension url="code"><valueString value="path-history"/></extension><extension url="value"><valueString value="https://intrahealth.github.io/simple-hiv-ig/history.html"/></extension></extension><extension url="http://hl7.org/fhir/tools/StructureDefinition/ig-parameter"><extension url="code"><valueString value="template-html"/></extension><extension url="value"><valueString value="template-page.html"/></extension></extension><extension url="http://hl7.org/fhir/tools/StructureDefinition/ig-parameter"><extension url="code"><valueString value="template-md"/></extension><extension url="value"><valueString value="template-page-md.html"/></extension></extension><extension url="http://hl7.org/fhir/tools/StructureDefinition/ig-parameter"><extension url="code"><valueString value="apply-context"/></extension><extension url="value"><valueString value="true"/></extension></extension><extension url="http://hl7.org/fhir/tools/StructureDefinition/ig-parameter"><extension url="code"><valueString value="apply-copyright"/></extension><extension url="value"><valueString value="true"/></extension></extension><extension url="http://hl7.org/fhir/tools/StructureDefinition/ig-parameter"><extension url="code"><valueString value="apply-license"/></extension><extension url="value"><valueString value="true"/></extension></extension><grouping id="-term-valueset"><name value="Terminology: Value Sets"/><description value="These define sets of codes used by systems conforming to this implementation guide"/></grouping><grouping id="-term-codesystem"><name value="Terminology: Code Systems"/><description value="These define new code systems used by systems conforming to this implementation guide"/></grouping><grouping id="-ka-library"><name value="Knowledge Artifacts: Libraries"/><description value="These define logic, asset collections and other libraries as part of content in this implementation guide"/></grouping><grouping id="-ex-example"><name value="Example: Example Instances"/><description value="These are example instances that show what data produced and consumed by systems conforming with this implementation guide might look like"/></grouping><resource><extension url="http://hl7.org/fhir/StructureDefinition/implementationguide-page"><valueUri value="ValueSet-LocationVS.html"/></extension><reference><reference value="ValueSet/LocationVS"/></reference><name value="LocationVS"/><description value="LocationVS"/><exampleBoolean value="false"/><groupingId value="-term-valueset"/></resource><resource><extension url="http://hl7.org/fhir/StructureDefinition/implementationguide-page"><valueUri value="CodeSystem-LocationCS.html"/></extension><reference><reference value="CodeSystem/LocationCS"/></reference><name value="LocationCS"/><description value="LocationCS"/><exampleBoolean value="false"/><groupingId value="-term-codesystem"/></resource><resource><extension url="http://hl7.org/fhir/StructureDefinition/implementationguide-page"><valueUri value="CodeSystem-OpenCR.html"/></extension><reference><reference value="CodeSystem/OpenCR"/></reference><name value="OpenCR CodeSystem"/><description value="OpenCR CodeSystem"/><exampleBoolean value="false"/><groupingId value="-term-codesystem"/></resource><resource><extension url="http://hl7.org/fhir/StructureDefinition/implementationguide-page"><valueUri value="CodeSystem-OpenHIE.html"/></extension><reference><reference value="CodeSystem/OpenHIE"/></reference><name value="OpenHIE CodeSystem"/><description value="OpenHIE CodeSystem"/><exampleBoolean value="false"/><groupingId value="-term-codesystem"/></resource><resource><extension url="http://hl7.org/fhir/StructureDefinition/implementationguide-page"><valueUri value="Library-AgeRanges.html"/></extension><reference><reference value="Library/AgeRanges"/></reference><name value="AgeRanges"/><description value="AgeRanges"/><exampleBoolean value="true"/><groupingId value="-ex-example"/></resource><resource><extension url="http://hl7.org/fhir/StructureDefinition/implementationguide-page"><valueUri value="Condition-Condition-HIVSimple.html"/></extension><reference><reference value="Condition/Condition-HIVSimple"/></reference><name value="Condition-HIVSimple"/><description value="Condition-HIVSimple"/><exampleBoolean value="true"/><groupingId value="-ex-example"/></resource><resource><extension url="http://hl7.org/fhir/StructureDefinition/implementationguide-page"><valueUri value="Condition-Condition-HIVSimple2.html"/></extension><reference><reference value="Condition/Condition-HIVSimple2"/></reference><name value="Condition-HIVSimple2"/><description value="Condition-HIVSimple2"/><exampleBoolean value="true"/><groupingId value="-ex-example"/></resource><resource><extension url="http://hl7.org/fhir/StructureDefinition/implementationguide-page"><valueUri value="Condition-Condition-Pregnancy.html"/></extension><reference><reference value="Condition/Condition-Pregnancy"/></reference><name value="Condition-Pregnancy"/><description value="Condition-Pregnancy"/><exampleBoolean value="true"/><groupingId value="-ex-example"/></resource><resource><extension url="http://hl7.org/fhir/StructureDefinition/implementationguide-page"><valueUri value="Condition-Condition-Pregnancy2.html"/></extension><reference><reference value="Condition/Condition-Pregnancy2"/></reference><name value="Condition-Pregnancy"/><description value="Condition-Pregnancy"/><exampleBoolean value="true"/><groupingId value="-ex-example"/></resource><resource><extension url="http://hl7.org/fhir/StructureDefinition/implementationguide-page"><valueUri value="DiagnosticReport-DiagnosticReport-HIVSimple.html"/></extension><reference><reference value="DiagnosticReport/DiagnosticReport-HIVSimple"/></reference><name value="DiagnosticReport-HIVSimple"/><description value="DiagnosticReport-HIVSimple"/><exampleBoolean value="true"/><groupingId value="-ex-example"/></resource><resource><extension url="http://hl7.org/fhir/StructureDefinition/implementationguide-page"><valueUri value="DiagnosticReport-DiagnosticReport-HIVSimple2.html"/></extension><reference><reference value="DiagnosticReport/DiagnosticReport-HIVSimple2"/></reference><name value="DiagnosticReport-HIVSimple2"/><description value="DiagnosticReport-HIVSimple2"/><exampleBoolean value="true"/><groupingId value="-ex-example"/></resource><resource><extension url="http://hl7.org/fhir/StructureDefinition/implementationguide-page"><valueUri value="DiagnosticReport-DiagnosticReport-ViralLoad.html"/></extension><reference><reference value="DiagnosticReport/DiagnosticReport-ViralLoad"/></reference><name value="DiagnosticReport-ViralLoad"/><description value="DiagnosticReport-ViralLoad"/><exampleBoolean value="true"/><groupingId value="-ex-example"/></resource><resource><extension url="http://hl7.org/fhir/StructureDefinition/implementationguide-page"><valueUri value="DiagnosticReport-DiagnosticReport-ViralLoad2.html"/></extension><reference><reference value="DiagnosticReport/DiagnosticReport-ViralLoad2"/></reference><name value="DiagnosticReport-ViralLoad"/><description value="DiagnosticReport-ViralLoad"/><exampleBoolean value="true"/><groupingId value="-ex-example"/></resource><resource><extension url="http://hl7.org/fhir/StructureDefinition/implementationguide-page"><valueUri value="Encounter-Encounter-HIVSimple.html"/></extension><reference><reference value="Encounter/Encounter-HIVSimple"/></reference><name value="Encounter-HIVSimple"/><description value="Encounter-HIVSimple"/><exampleBoolean value="true"/><groupingId value="-ex-example"/></resource><resource><extension url="http://hl7.org/fhir/StructureDefinition/implementationguide-page"><valueUri value="Encounter-Encounter-HIVSimple2.html"/></extension><reference><reference value="Encounter/Encounter-HIVSimple2"/></reference><name value="Encounter-HIVSimple2"/><description value="Encounter-HIVSimple2"/><exampleBoolean value="true"/><groupingId value="-ex-example"/></resource><resource><extension url="http://hl7.org/fhir/StructureDefinition/implementationguide-page"><valueUri value="Encounter-Encounter-ViralLoad.html"/></extension><reference><reference value="Encounter/Encounter-ViralLoad"/></reference><name value="Encounter-ViralLoad"/><description value="Encounter-ViralLoad"/><exampleBoolean value="true"/><groupingId value="-ex-example"/></resource><resource><extension url="http://hl7.org/fhir/StructureDefinition/implementationguide-page"><valueUri value="Encounter-Encounter-ViralLoad2.html"/></extension><reference><reference value="Encounter/Encounter-ViralLoad2"/></reference><name value="Encounter-ViralLoad"/><description value="Encounter-ViralLoad"/><exampleBoolean value="true"/><groupingId value="-ex-example"/></resource><resource><extension url="http://hl7.org/fhir/StructureDefinition/implementationguide-page"><valueUri value="Bundle-Example-HIVSimple.html"/></extension><reference><reference value="Bundle/Example-HIVSimple"/></reference><name value="Example-HIVSimple"/><description value="Example-HIVSimple"/><exampleBoolean value="true"/><groupingId value="-ex-example"/></resource><resource><extension url="http://hl7.org/fhir/StructureDefinition/implementationguide-page"><valueUri value="Bundle-Example-HIVSimple2.html"/></extension><reference><reference value="Bundle/Example-HIVSimple2"/></reference><name value="Example-HIVSimple2"/><description value="Example-HIVSimple2"/><exampleBoolean value="true"/><groupingId value="-ex-example"/></resource><resource><extension url="http://hl7.org/fhir/StructureDefinition/implementationguide-page"><valueUri value="Library-FHIRCommon.html"/></extension><reference><reference value="Library/FHIRCommon"/></reference><name value="FHIRCommon"/><description value="FHIRCommon"/><exampleBoolean value="true"/><groupingId value="-ex-example"/></resource><resource><extension url="http://hl7.org/fhir/StructureDefinition/implementationguide-page"><valueUri value="Library-FHIRHelpers.html"/></extension><reference><reference value="Library/FHIRHelpers"/></reference><name value="FHIRHelpers"/><description value="FHIRHelpers"/><exampleBoolean value="true"/><groupingId value="-ex-example"/></resource><resource><extension url="http://hl7.org/fhir/StructureDefinition/implementationguide-page"><valueUri value="Library-GoldenRecord.html"/></extension><reference><reference value="Library/GoldenRecord"/></reference><name value="GoldenRecord"/><description value="GoldenRecord"/><exampleBoolean value="true"/><groupingId value="-ex-example"/></resource><resource><extension url="http://hl7.org/fhir/StructureDefinition/implementationguide-page"><valueUri value="Measure-HIVSimpleAgeGroup.html"/></extension><reference><reference value="Measure/HIVSimpleAgeGroup"/></reference><name value="HIVSimpleAgeGroup"/><description value="HIVSimpleAgeGroup"/><exampleBoolean value="true"/><groupingId value="-ex-example"/></resource><resource><extension url="http://hl7.org/fhir/StructureDefinition/implementationguide-page"><valueUri value="Measure-HIVSimpleCondition.html"/></extension><reference><reference value="Measure/HIVSimpleCondition"/></reference><name value="HIVSimpleCondition"/><description value="HIVSimpleCondition"/><exampleBoolean value="true"/><groupingId value="-ex-example"/></resource><resource><extension url="http://hl7.org/fhir/StructureDefinition/implementationguide-page"><valueUri value="Measure-HIVSimpleGender.html"/></extension><reference><reference value="Measure/HIVSimpleGender"/></reference><name value="HIVSimpleGender"/><description value="HIVSimpleGender"/><exampleBoolean value="true"/><groupingId value="-ex-example"/></resource><resource><extension url="http://hl7.org/fhir/StructureDefinition/implementationguide-page"><valueUri value="Measure-HIVSimpleGenderCohort.html"/></extension><reference><reference value="Measure/HIVSimpleGenderCohort"/></reference><name value="HIVSimpleGenderCohort"/><description value="HIVSimpleGenderCohort"/><exampleBoolean value="true"/><groupingId value="-ex-example"/></resource><resource><extension url="http://hl7.org/fhir/StructureDefinition/implementationguide-page"><valueUri value="Measure-HIVSimpleGenderSubjectList.html"/></extension><reference><reference value="Measure/HIVSimpleGenderSubjectList"/></reference><name value="HIVSimpleGenderSubjectList"/><description value="HIVSimpleGenderSubjectList"/><exampleBoolean value="true"/><groupingId value="-ex-example"/></resource><resource><extension url="http://hl7.org/fhir/StructureDefinition/implementationguide-page"><valueUri value="Measure-HIVSimpleGenderSuppData.html"/></extension><reference><reference value="Measure/HIVSimpleGenderSuppData"/></reference><name value="HIVSimpleGenderSuppData"/><description value="HIVSimpleGenderSuppData"/><exampleBoolean value="true"/><groupingId value="-ex-example"/></resource><resource><extension url="http://hl7.org/fhir/StructureDefinition/implementationguide-page"><valueUri value="Measure-HIVSimpleGenderSuppDataIndiv.html"/></extension><reference><reference value="Measure/HIVSimpleGenderSuppDataIndiv"/></reference><name value="HIVSimpleGenderSuppDataIndiv"/><description value="HIVSimpleGenderSuppDataIndiv"/><exampleBoolean value="true"/><groupingId value="-ex-example"/></resource><resource><extension url="http://hl7.org/fhir/StructureDefinition/implementationguide-page"><valueUri value="Measure-HIVSimpleTestResult.html"/></extension><reference><reference value="Measure/HIVSimpleTestResult"/></reference><name value="HIVSimpleTestResult"/><description value="HIVSimpleTestResult"/><exampleBoolean value="true"/><groupingId value="-ex-example"/></resource><resource><extension url="http://hl7.org/fhir/StructureDefinition/implementationguide-page"><valueUri value="Library-KitchenSink.html"/></extension><reference><reference value="Library/KitchenSink"/></reference><name value="KitchenSink"/><description value="KitchenSink"/><exampleBoolean value="true"/><groupingId value="-ex-example"/></resource><resource><extension url="http://hl7.org/fhir/StructureDefinition/implementationguide-page"><valueUri value="Location-Location-HIVSimple.html"/></extension><reference><reference value="Location/Location-HIVSimple"/></reference><name value="Location-HIVSimple"/><description value="Location-HIVSimple"/><exampleBoolean value="true"/><groupingId value="-ex-example"/></resource><resource><extension url="http://hl7.org/fhir/StructureDefinition/implementationguide-page"><valueUri value="Location-Location-HIVSimple2.html"/></extension><reference><reference value="Location/Location-HIVSimple2"/></reference><name value="Location-HIVSimple2"/><description value="Location-HIVSimple2"/><exampleBoolean value="true"/><groupingId value="-ex-example"/></resource><resource><extension url="http://hl7.org/fhir/StructureDefinition/implementationguide-page"><valueUri value="Observation-Observation-HIVSimple.html"/></extension><reference><reference value="Observation/Observation-HIVSimple"/></reference><name value="Observation-HIVSimple"/><description value="Observation-HIVSimple"/><exampleBoolean value="true"/><groupingId value="-ex-example"/></resource><resource><extension url="http://hl7.org/fhir/StructureDefinition/implementationguide-page"><valueUri value="Observation-Observation-HIVSimple2.html"/></extension><reference><reference value="Observation/Observation-HIVSimple2"/></reference><name value="Observation-HIVSimple2"/><description value="Observation-HIVSimple2"/><exampleBoolean value="true"/><groupingId value="-ex-example"/></resource><resource><extension url="http://hl7.org/fhir/StructureDefinition/implementationguide-page"><valueUri value="Observation-Observation-ViralLoad.html"/></extension><reference><reference value="Observation/Observation-ViralLoad"/></reference><name value="Observation-ViralLoad"/><description value="Observation-ViralLoad"/><exampleBoolean value="true"/><groupingId value="-ex-example"/></resource><resource><extension url="http://hl7.org/fhir/StructureDefinition/implementationguide-page"><valueUri value="Observation-Observation-ViralLoad2.html"/></extension><reference><reference value="Observation/Observation-ViralLoad2"/></reference><name value="Observation-ViralLoad"/><description value="Observation-ViralLoad"/><exampleBoolean value="true"/><groupingId value="-ex-example"/></resource><resource><extension url="http://hl7.org/fhir/StructureDefinition/implementationguide-page"><valueUri value="Organization-Organization-HIVSimple.html"/></extension><reference><reference value="Organization/Organization-HIVSimple"/></reference><name value="Organization-HIVSimple"/><description value="Organization-HIVSimple"/><exampleBoolean value="true"/><groupingId value="-ex-example"/></resource><resource><extension url="http://hl7.org/fhir/StructureDefinition/implementationguide-page"><valueUri value="Organization-Organization-HIVSimple2.html"/></extension><reference><reference value="Organization/Organization-HIVSimple2"/></reference><name value="Organization-HIVSimple2"/><description value="Organization-HIVSimple2"/><exampleBoolean value="true"/><groupingId value="-ex-example"/></resource><resource><extension url="http://hl7.org/fhir/StructureDefinition/implementationguide-page"><valueUri value="Patient-Patient-GoldenRecord.html"/></extension><reference><reference value="Patient/Patient-GoldenRecord"/></reference><name value="Patient-GoldenRecord"/><description value="Patient-GoldenRecord"/><exampleBoolean value="true"/><groupingId value="-ex-example"/></resource><resource><extension url="http://hl7.org/fhir/StructureDefinition/implementationguide-page"><valueUri value="Patient-Patient-HIVSimple.html"/></extension><reference><reference value="Patient/Patient-HIVSimple"/></reference><name value="Patient-HIVSimple"/><description value="Patient-HIVSimple"/><exampleBoolean value="true"/><groupingId value="-ex-example"/></resource><resource><extension url="http://hl7.org/fhir/StructureDefinition/implementationguide-page"><valueUri value="Patient-Patient-HIVSimple2.html"/></extension><reference><reference value="Patient/Patient-HIVSimple2"/></reference><name value="Patient-HIVSimple2"/><description value="Patient-HIVSimple2"/><exampleBoolean value="true"/><groupingId value="-ex-example"/></resource><resource><extension url="http://hl7.org/fhir/StructureDefinition/implementationguide-page"><valueUri value="Library-FHIR-ModelInfo.html"/></extension><reference><reference value="Library/FHIR-ModelInfo"/></reference><name value="FHIR Model Definition"/><description value="Model definition for the FHIR R4 (v4.0.1) Model"/><exampleBoolean value="false"/><groupingId value="-ka-library"/></resource><page><nameUrl value="toc.html"/><title value="Table of Contents"/><generation value="html"/><page><nameUrl value="index.html"/><title value="Test page"/><generation value="markdown"/></page><page><nameUrl value="overview.html"/><title value="Overview"/><generation value="markdown"/></page><page><nameUrl value="testplan.html"/><title value="Test Plan"/><generation value="markdown"/></page><page><nameUrl value="artifacts.html"/><title value="Artifacts Summary"/><generation value="html"/><page><nameUrl value="ValueSet-LocationVS.html"/><title value="LocationVS"/><generation value="generated"/></page><page><nameUrl value="CodeSystem-LocationCS.html"/><title value="LocationCS"/><generation value="generated"/></page><page><nameUrl value="CodeSystem-OpenCR.html"/><title value="OpenCR CodeSystem"/><generation value="generated"/></page><page><nameUrl value="CodeSystem-OpenHIE.html"/><title value="OpenHIE CodeSystem"/><generation value="generated"/></page><page><nameUrl value="Library-FHIR-ModelInfo.html"/><title value="FHIR Model Definition"/><generation value="generated"/></page><page><nameUrl value="Library-AgeRanges.html"/><title value="AgeRanges"/><generation value="generated"/></page><page><nameUrl value="Condition-Condition-HIVSimple.html"/><title value="Condition-HIVSimple"/><generation value="generated"/></page><page><nameUrl value="Condition-Condition-HIVSimple2.html"/><title value="Condition-HIVSimple2"/><generation value="generated"/></page><page><nameUrl value="Condition-Condition-Pregnancy.html"/><title value="Condition-Pregnancy"/><generation value="generated"/></page><page><nameUrl value="Condition-Condition-Pregnancy2.html"/><title value="Condition-Pregnancy"/><generation value="generated"/></page><page><nameUrl value="DiagnosticReport-DiagnosticReport-HIVSimple.html"/><title value="DiagnosticReport-HIVSimple"/><generation value="generated"/></page><page><nameUrl value="DiagnosticReport-DiagnosticReport-HIVSimple2.html"/><title value="DiagnosticReport-HIVSimple2"/><generation value="generated"/></page><page><nameUrl value="DiagnosticReport-DiagnosticReport-ViralLoad.html"/><title value="DiagnosticReport-ViralLoad"/><generation value="generated"/></page><page><nameUrl value="DiagnosticReport-DiagnosticReport-ViralLoad2.html"/><title value="DiagnosticReport-ViralLoad"/><generation value="generated"/></page><page><nameUrl value="Encounter-Encounter-HIVSimple.html"/><title value="Encounter-HIVSimple"/><generation value="generated"/></page><page><nameUrl value="Encounter-Encounter-HIVSimple2.html"/><title value="Encounter-HIVSimple2"/><generation value="generated"/></page><page><nameUrl value="Encounter-Encounter-ViralLoad.html"/><title value="Encounter-ViralLoad"/><generation value="generated"/></page><page><nameUrl value="Encounter-Encounter-ViralLoad2.html"/><title value="Encounter-ViralLoad"/><generation value="generated"/></page><page><nameUrl value="Bundle-Example-HIVSimple.html"/><title value="Example-HIVSimple"/><generation value="generated"/></page><page><nameUrl value="Bundle-Example-HIVSimple2.html"/><title value="Example-HIVSimple2"/><generation value="generated"/></page><page><nameUrl value="Library-FHIRCommon.html"/><title value="FHIRCommon"/><generation value="generated"/></page><page><nameUrl value="Library-FHIRHelpers.html"/><title value="FHIRHelpers"/><generation value="generated"/></page><page><nameUrl value="Library-GoldenRecord.html"/><title value="GoldenRecord"/><generation value="generated"/></page><page><nameUrl value="Measure-HIVSimpleAgeGroup.html"/><title value="HIVSimpleAgeGroup"/><generation value="generated"/></page><page><nameUrl value="Measure-HIVSimpleCondition.html"/><title value="HIVSimpleCondition"/><generation value="generated"/></page><page><nameUrl value="Measure-HIVSimpleGender.html"/><title value="HIVSimpleGender"/><generation value="generated"/></page><page><nameUrl value="Measure-HIVSimpleGenderCohort.html"/><title value="HIVSimpleGenderCohort"/><generation value="generated"/></page><page><nameUrl value="Measure-HIVSimpleGenderSubjectList.html"/><title value="HIVSimpleGenderSubjectList"/><generation value="generated"/></page><page><nameUrl value="Measure-HIVSimpleGenderSuppData.html"/><title value="HIVSimpleGenderSuppData"/><generation value="generated"/></page><page><nameUrl value="Measure-HIVSimpleGenderSuppDataIndiv.html"/><title value="HIVSimpleGenderSuppDataIndiv"/><generation value="generated"/></page><page><nameUrl value="Measure-HIVSimpleTestResult.html"/><title value="HIVSimpleTestResult"/><generation value="generated"/></page><page><nameUrl value="Library-KitchenSink.html"/><title value="KitchenSink"/><generation value="generated"/></page><page><nameUrl value="Location-Location-HIVSimple.html"/><title value="Location-HIVSimple"/><generation value="generated"/></page><page><nameUrl value="Location-Location-HIVSimple2.html"/><title value="Location-HIVSimple2"/><generation value="generated"/></page><page><nameUrl value="Observation-Observation-HIVSimple.html"/><title value="Observation-HIVSimple"/><generation value="generated"/></page><page><nameUrl value="Observation-Observation-HIVSimple2.html"/><title value="Observation-HIVSimple2"/><generation value="generated"/></page><page><nameUrl value="Observation-Observation-ViralLoad.html"/><title value="Observation-ViralLoad"/><generation value="generated"/></page><page><nameUrl value="Observation-Observation-ViralLoad2.html"/><title value="Observation-ViralLoad"/><generation value="generated"/></page><page><nameUrl value="Organization-Organization-HIVSimple.html"/><title value="Organization-HIVSimple"/><generation value="generated"/></page><page><nameUrl value="Organization-Organization-HIVSimple2.html"/><title value="Organization-HIVSimple2"/><generation value="generated"/></page><page><nameUrl value="Patient-Patient-GoldenRecord.html"/><title value="Patient-GoldenRecord"/><generation value="generated"/></page><page><nameUrl value="Patient-Patient-HIVSimple.html"/><title value="Patient-HIVSimple"/><generation value="generated"/></page><page><nameUrl value="Patient-Patient-HIVSimple2.html"/><title value="Patient-HIVSimple2"/><generation value="generated"/></page></page></page><parameter><code value="path-resource"/><value value="input/resources"/></parameter><parameter><code value="path-resource"/><value value="fsh-generated/resources"/></parameter><parameter><code value="path-resource"/><value value="input/examples"/></parameter><parameter><code value="path-pages"/><value value="input/pagecontent"/></parameter><parameter><code value="path-pages"/><value value="fsh-generated/includes"/></parameter><parameter><code value="path-resource"/><value value="input/capabilities"/></parameter><parameter><code value="path-resource"/><value value="input/extensions"/></parameter><parameter><code value="path-resource"/><value value="input/models"/></parameter><parameter><code value="path-resource"/><value value="input/operations"/></parameter><parameter><code value="path-resource"/><value value="input/profiles"/></parameter><parameter><code value="path-resource"/><value value="input/vocabulary"/></parameter><parameter><code value="path-resource"/><value value="input/testing"/></parameter><parameter><code value="path-resource"/><value value="input/history"/></parameter><parameter><code value="path-pages"/><value value="template/config"/></parameter><parameter><code value="path-pages"/><value value="input/images"/></parameter><parameter><code value="path-tx-cache"/><value value="input-cache/txcache"/></parameter></definition></ImplementationGuide>