<?xml version="1.0" encoding="UTF-8"?><ImplementationGuide xmlns="http://hl7.org/fhir"><id value="simple-hiv-ig"/><text><status value="extensions"/><div xmlns="http://www.w3.org/1999/xhtml"><h2>simple-hiv-ig</h2><p>The official URL for this implementation guide is: </p><pre>https://github.com/intrahealth/simple-hiv-ig</pre><div><p>A simple IG using HIV epidemic control as a an example for learners</p>
</div></div></text><url value="https://github.com/intrahealth/simple-hiv-ig"/><version value="0.1.0"/><name value="simple-hiv-ig"/><title value="Simple HIV IG"/><status value="draft"/><experimental value="false"/><date value="2021-07-03T05:06:53+00:00"/><publisher value="IntraHealth International"/><contact><telecom><system value="url"/><value value="http://hl7.org/Special/committees/[something]"/></telecom></contact><description value="A simple IG using HIV epidemic control as a an example for learners"/><packageId value="simple-hiv-ig"/><license value="CC0-1.0"/><fhirVersion value="4.0.1"/><definition><extension url="http://hl7.org/fhir/tools/StructureDefinition/ig-parameter"><extension url="code"><valueString value="copyrightyear"/></extension><extension url="value"><valueString value="2020+"/></extension></extension><extension url="http://hl7.org/fhir/tools/StructureDefinition/ig-parameter"><extension url="code"><valueString value="releaselabel"/></extension><extension url="value"><valueString value="CI Build"/></extension></extension><extension url="http://hl7.org/fhir/tools/StructureDefinition/ig-parameter"><extension url="code"><valueString value="path-binary"/></extension><extension url="value"><valueString value="input\cql"/></extension></extension><extension url="http://hl7.org/fhir/tools/StructureDefinition/ig-parameter"><extension url="code"><valueString value="path-liquid"/></extension><extension url="value"><valueString value="templates\liquid"/></extension></extension><extension url="http://hl7.org/fhir/tools/StructureDefinition/ig-parameter"><extension url="code"><valueString value="autoload-resources"/></extension><extension url="value"><valueString value="true"/></extension></extension><extension url="http://hl7.org/fhir/tools/StructureDefinition/ig-parameter"><extension url="code"><valueString value="path-liquid"/></extension><extension url="value"><valueString value="template/liquid"/></extension></extension><extension url="http://hl7.org/fhir/tools/StructureDefinition/ig-parameter"><extension url="code"><valueString value="path-liquid"/></extension><extension url="value"><valueString value="input/liquid"/></extension></extension><extension url="http://hl7.org/fhir/tools/StructureDefinition/ig-parameter"><extension url="code"><valueString value="path-qa"/></extension><extension url="value"><valueString value="temp/qa"/></extension></extension><extension url="http://hl7.org/fhir/tools/StructureDefinition/ig-parameter"><extension url="code"><valueString value="path-temp"/></extension><extension url="value"><valueString value="temp/pages"/></extension></extension><extension url="http://hl7.org/fhir/tools/StructureDefinition/ig-parameter"><extension url="code"><valueString value="path-output"/></extension><extension url="value"><valueString value="output"/></extension></extension><extension url="http://hl7.org/fhir/tools/StructureDefinition/ig-parameter"><extension url="code"><valueString value="path-suppressed-warnings"/></extension><extension url="value"><valueString value="input/ignoreWarnings.txt"/></extension></extension><extension url="http://hl7.org/fhir/tools/StructureDefinition/ig-parameter"><extension url="code"><valueString value="path-history"/></extension><extension url="value"><valueString value="history.html"/></extension></extension><extension url="http://hl7.org/fhir/tools/StructureDefinition/ig-parameter"><extension url="code"><valueString value="template-html"/></extension><extension url="value"><valueString value="template-page.html"/></extension></extension><extension url="http://hl7.org/fhir/tools/StructureDefinition/ig-parameter"><extension url="code"><valueString value="template-md"/></extension><extension url="value"><valueString value="template-page-md.html"/></extension></extension><extension url="http://hl7.org/fhir/tools/StructureDefinition/ig-parameter"><extension url="code"><valueString value="apply-contact"/></extension><extension url="value"><valueString value="true"/></extension></extension><extension url="http://hl7.org/fhir/tools/StructureDefinition/ig-parameter"><extension url="code"><valueString value="apply-context"/></extension><extension url="value"><valueString value="true"/></extension></extension><extension url="http://hl7.org/fhir/tools/StructureDefinition/ig-parameter"><extension url="code"><valueString value="apply-copyright"/></extension><extension url="value"><valueString value="true"/></extension></extension><extension url="http://hl7.org/fhir/tools/StructureDefinition/ig-parameter"><extension url="code"><valueString value="apply-jurisdiction"/></extension><extension url="value"><valueString value="true"/></extension></extension><extension url="http://hl7.org/fhir/tools/StructureDefinition/ig-parameter"><extension url="code"><valueString value="apply-license"/></extension><extension url="value"><valueString value="true"/></extension></extension><extension url="http://hl7.org/fhir/tools/StructureDefinition/ig-parameter"><extension url="code"><valueString value="apply-publisher"/></extension><extension url="value"><valueString value="true"/></extension></extension><extension url="http://hl7.org/fhir/tools/StructureDefinition/ig-parameter"><extension url="code"><valueString value="apply-version"/></extension><extension url="value"><valueString value="true"/></extension></extension><extension url="http://hl7.org/fhir/tools/StructureDefinition/ig-parameter"><extension url="code"><valueString value="active-tables"/></extension><extension url="value"><valueString value="true"/></extension></extension><grouping id="-str-questionnaire"><name value="Structures: Questionnaires"/><description value="These define forms used by systems conforming to this implementation guide to capture or expose data to end users"/></grouping><grouping id="-ka-library"><name value="Knowledge Artifacts: Libraries"/><description value="These define logic, asset collections and other libraries as part of content in this implementation guide"/></grouping><grouping id="-ka-measure"><name value="Knowledge Artifacts: Measure"/><description value="These define measures as part of content in this implementation guide"/></grouping><grouping id="-other"><name value="Other"/><description value="These are resources that are used within this implementation guide that do not fit into one of the other categories"/></grouping><resource><extension url="http://hl7.org/fhir/StructureDefinition/implementationguide-page"><valueUri value="Measure-HIVSimpleGenderCohort-Measure.html"/></extension><reference><reference value="Measure/HIVSimpleGenderCohort-Measure"/></reference><groupingId value="-ka-measure"/></resource><resource><extension url="http://hl7.org/fhir/StructureDefinition/implementationguide-page"><valueUri value="Measure-HIVSimpleGender2-Measure.html"/></extension><reference><reference value="Measure/HIVSimpleGender2-Measure"/></reference><groupingId value="-ka-measure"/></resource><resource><extension url="http://hl7.org/fhir/StructureDefinition/implementationguide-page"><valueUri value="Measure-HIVSimpleGender-Measure.html"/></extension><reference><reference value="Measure/HIVSimpleGender-Measure"/></reference><groupingId value="-ka-measure"/></resource><resource><extension url="http://hl7.org/fhir/StructureDefinition/implementationguide-page"><valueUri value="Location-Location-HIVSimple.html"/></extension><reference><reference value="Location/Location-HIVSimple"/></reference><groupingId value="-other"/></resource><resource><extension url="http://hl7.org/fhir/StructureDefinition/implementationguide-page"><valueUri value="Measure-HIVSimpleCondition-Measure.html"/></extension><reference><reference value="Measure/HIVSimpleCondition-Measure"/></reference><groupingId value="-ka-measure"/></resource><resource><extension url="http://hl7.org/fhir/StructureDefinition/implementationguide-page"><valueUri value="Organization-Organization-HIVSimple.html"/></extension><reference><reference value="Organization/Organization-HIVSimple"/></reference><groupingId value="-other"/></resource><resource><extension url="http://hl7.org/fhir/StructureDefinition/implementationguide-page"><valueUri value="Questionnaire-Q.html"/></extension><reference><reference value="Questionnaire/Q"/></reference><groupingId value="-str-questionnaire"/></resource><resource><extension url="http://hl7.org/fhir/StructureDefinition/implementationguide-page"><valueUri value="Measure-HIVSimpleGenderSuppData-Measure.html"/></extension><reference><reference value="Measure/HIVSimpleGenderSuppData-Measure"/></reference><groupingId value="-ka-measure"/></resource><resource><extension url="http://hl7.org/fhir/StructureDefinition/implementationguide-page"><valueUri value="Condition-Condition-HIVSimple.html"/></extension><reference><reference value="Condition/Condition-HIVSimple"/></reference><groupingId value="-other"/></resource><resource><extension url="http://hl7.org/fhir/StructureDefinition/implementationguide-page"><valueUri value="Library-HIVSimpleGender.html"/></extension><reference><reference value="Library/HIVSimpleGender"/></reference><groupingId value="-ka-library"/></resource><resource><extension url="http://hl7.org/fhir/StructureDefinition/implementationguide-page"><valueUri value="Library-FHIRCommon.html"/></extension><reference><reference value="Library/FHIRCommon"/></reference><groupingId value="-ka-library"/></resource><resource><extension url="http://hl7.org/fhir/StructureDefinition/implementationguide-page"><valueUri value="Measure-HIVSimpleDemog-Measure.html"/></extension><reference><reference value="Measure/HIVSimpleDemog-Measure"/></reference><groupingId value="-ka-measure"/></resource><resource><extension url="http://hl7.org/fhir/StructureDefinition/implementationguide-page"><valueUri value="Library-AgeRanges.html"/></extension><reference><reference value="Library/AgeRanges"/></reference><groupingId value="-ka-library"/></resource><resource><extension url="http://hl7.org/fhir/StructureDefinition/implementationguide-page"><valueUri value="Measure-HIVSimpleTestResult-Measure.html"/></extension><reference><reference value="Measure/HIVSimpleTestResult-Measure"/></reference><groupingId value="-ka-measure"/></resource><resource><extension url="http://hl7.org/fhir/StructureDefinition/implementationguide-page"><valueUri value="Observation-Observation-HIVSimple.html"/></extension><reference><reference value="Observation/Observation-HIVSimple"/></reference><groupingId value="-other"/></resource><resource><extension url="http://hl7.org/fhir/StructureDefinition/implementationguide-page"><valueUri value="DiagnosticReport-DiagnosticReport-HIVSimple.html"/></extension><reference><reference value="DiagnosticReport/DiagnosticReport-HIVSimple"/></reference><groupingId value="-other"/></resource><resource><extension url="http://hl7.org/fhir/StructureDefinition/implementationguide-page"><valueUri value="Patient-Patient-HIVSimple.html"/></extension><reference><reference value="Patient/Patient-HIVSimple"/></reference><groupingId value="-other"/></resource><resource><extension url="http://hl7.org/fhir/StructureDefinition/implementationguide-page"><valueUri value="Bundle-HIVSimple-Measures.html"/></extension><reference><reference value="Bundle/HIVSimple-Measures"/></reference><groupingId value="-other"/></resource><resource><extension url="http://hl7.org/fhir/StructureDefinition/implementationguide-page"><valueUri value="Library-HIVSimpleAgeGroup.html"/></extension><reference><reference value="Library/HIVSimpleAgeGroup"/></reference><groupingId value="-ka-library"/></resource><resource><extension url="http://hl7.org/fhir/StructureDefinition/implementationguide-page"><valueUri value="Measure-HIVSimpleViralLoad-Measure.html"/></extension><reference><reference value="Measure/HIVSimpleViralLoad-Measure"/></reference><groupingId value="-ka-measure"/></resource><resource><extension url="http://hl7.org/fhir/StructureDefinition/implementationguide-page"><valueUri value="Measure-HIVSimpleGenderSuppDataIndiv-Measure.html"/></extension><reference><reference value="Measure/HIVSimpleGenderSuppDataIndiv-Measure"/></reference><groupingId value="-ka-measure"/></resource><resource><extension url="http://hl7.org/fhir/StructureDefinition/implementationguide-page"><valueUri value="Library-HIVSimpleCondition.html"/></extension><reference><reference value="Library/HIVSimpleCondition"/></reference><groupingId value="-ka-library"/></resource><resource><extension url="http://hl7.org/fhir/StructureDefinition/implementationguide-page"><valueUri value="Library-HIVSimpleTestResult.html"/></extension><reference><reference value="Library/HIVSimpleTestResult"/></reference><groupingId value="-ka-library"/></resource><resource><extension url="http://hl7.org/fhir/StructureDefinition/implementationguide-page"><valueUri value="Measure-HIVSimpleAgeGroup-Measure.html"/></extension><reference><reference value="Measure/HIVSimpleAgeGroup-Measure"/></reference><groupingId value="-ka-measure"/></resource><resource><extension url="http://hl7.org/fhir/StructureDefinition/implementationguide-page"><valueUri value="Bundle-Example-HIVSimple.html"/></extension><reference><reference value="Bundle/Example-HIVSimple"/></reference><groupingId value="-other"/></resource><resource><extension url="http://hl7.org/fhir/StructureDefinition/implementationguide-page"><valueUri value="Library-HIVSimpleDemog.html"/></extension><reference><reference value="Library/HIVSimpleDemog"/></reference><groupingId value="-ka-library"/></resource><resource><extension url="http://hl7.org/fhir/StructureDefinition/implementationguide-page"><valueUri value="Measure-HIVSimpleGenderSubjectList-Measure.html"/></extension><reference><reference value="Measure/HIVSimpleGenderSubjectList-Measure"/></reference><groupingId value="-ka-measure"/></resource><resource><extension url="http://hl7.org/fhir/StructureDefinition/implementationguide-page"><valueUri value="Bundle-HIVSimple-Library.html"/></extension><reference><reference value="Bundle/HIVSimple-Library"/></reference><groupingId value="-other"/></resource><resource><extension url="http://hl7.org/fhir/StructureDefinition/implementationguide-page"><valueUri value="Library-HIVSimpleViralLoad.html"/></extension><reference><reference value="Library/HIVSimpleViralLoad"/></reference><groupingId value="-ka-library"/></resource><page><nameUrl value="toc.html"/><title value="Table of Contents"/><generation value="html"/><page><nameUrl value="index.html"/><title value="MyIG Home Page"/><generation value="html"/></page><page><nameUrl value="background.html"/><title value="Background"/><generation value="html"/></page><page><nameUrl value="spec.html"/><title value="Detailed Specification"/><generation value="markdown"/></page><page><nameUrl value="downloads.html"/><title value="Useful Downloads"/><generation value="html"/></page><page><nameUrl value="changes.html"/><title value="IG Change History"/><generation value="html"/></page><page><nameUrl value="artifacts.html"/><title value="Artifacts Summary"/><generation value="html"/><page><nameUrl value="Questionnaire-Q.html"/><generation value="generated"/></page><page><nameUrl value="Library-HIVSimpleGender.html"/><generation value="generated"/></page><page><nameUrl value="Library-FHIRCommon.html"/><generation value="generated"/></page><page><nameUrl value="Library-AgeRanges.html"/><generation value="generated"/></page><page><nameUrl value="Library-HIVSimpleAgeGroup.html"/><generation value="generated"/></page><page><nameUrl value="Library-HIVSimpleCondition.html"/><generation value="generated"/></page><page><nameUrl value="Library-HIVSimpleTestResult.html"/><generation value="generated"/></page><page><nameUrl value="Library-HIVSimpleDemog.html"/><generation value="generated"/></page><page><nameUrl value="Library-HIVSimpleViralLoad.html"/><generation value="generated"/></page><page><nameUrl value="Measure-HIVSimpleGenderCohort-Measure.html"/><generation value="generated"/></page><page><nameUrl value="Measure-HIVSimpleGender2-Measure.html"/><generation value="generated"/></page><page><nameUrl value="Measure-HIVSimpleGender-Measure.html"/><generation value="generated"/></page><page><nameUrl value="Measure-HIVSimpleCondition-Measure.html"/><generation value="generated"/></page><page><nameUrl value="Measure-HIVSimpleGenderSuppData-Measure.html"/><generation value="generated"/></page><page><nameUrl value="Measure-HIVSimpleDemog-Measure.html"/><generation value="generated"/></page><page><nameUrl value="Measure-HIVSimpleTestResult-Measure.html"/><generation value="generated"/></page><page><nameUrl value="Measure-HIVSimpleViralLoad-Measure.html"/><generation value="generated"/></page><page><nameUrl value="Measure-HIVSimpleGenderSuppDataIndiv-Measure.html"/><generation value="generated"/></page><page><nameUrl value="Measure-HIVSimpleAgeGroup-Measure.html"/><generation value="generated"/></page><page><nameUrl value="Measure-HIVSimpleGenderSubjectList-Measure.html"/><generation value="generated"/></page><page><nameUrl value="Location-Location-HIVSimple.html"/><generation value="generated"/></page><page><nameUrl value="Organization-Organization-HIVSimple.html"/><generation value="generated"/></page><page><nameUrl value="Condition-Condition-HIVSimple.html"/><generation value="generated"/></page><page><nameUrl value="Observation-Observation-HIVSimple.html"/><generation value="generated"/></page><page><nameUrl value="DiagnosticReport-DiagnosticReport-HIVSimple.html"/><generation value="generated"/></page><page><nameUrl value="Patient-Patient-HIVSimple.html"/><generation value="generated"/></page><page><nameUrl value="Bundle-HIVSimple-Measures.html"/><generation value="generated"/></page><page><nameUrl value="Bundle-Example-HIVSimple.html"/><generation value="generated"/></page><page><nameUrl value="Bundle-HIVSimple-Library.html"/><generation value="generated"/></page></page></page><parameter><code value="path-resource"/><value value="input\history"/></parameter><parameter><code value="path-resource"/><value value="input/capabilities"/></parameter><parameter><code value="path-resource"/><value value="input/examples"/></parameter><parameter><code value="path-resource"/><value value="input/extensions"/></parameter><parameter><code value="path-resource"/><value value="input/models"/></parameter><parameter><code value="path-resource"/><value value="input/operations"/></parameter><parameter><code value="path-resource"/><value value="input/profiles"/></parameter><parameter><code value="path-resource"/><value value="input/resources"/></parameter><parameter><code value="path-resource"/><value value="input/vocabulary"/></parameter><parameter><code value="path-resource"/><value value="input/testing"/></parameter><parameter><code value="path-resource"/><value value="input/history"/></parameter><parameter><code value="path-resource"/><value value="fsh-generated/resources"/></parameter><parameter><code value="path-pages"/><value value="template/config"/></parameter><parameter><code value="path-pages"/><value value="input/images"/></parameter><parameter><code value="path-tx-cache"/><value value="input-cache/txcache"/></parameter></definition></ImplementationGuide>