<?xml version="1.0" encoding="UTF-8"?><ImplementationGuide xmlns="http://hl7.org/fhir"><id value="simple.hiv.ig"/><text><status value="extensions"/><div xmlns="http://www.w3.org/1999/xhtml"><h2>SimpleHIVIG</h2><p>The official URL for this implementation guide is: </p><pre>https://intrahealth.github.io/simple-hiv-ig/ImplementationGuide/simple.hiv.ig</pre><div><p>A simple IG using HIV epidemic control as a an example for learners</p>
</div></div></text><url value="https://intrahealth.github.io/simple-hiv-ig/ImplementationGuide/simple.hiv.ig"/><version value="0.1.0"/><name value="SimpleHIVIG"/><title value="Simple HIV IG"/><status value="draft"/><experimental value="false"/><date value="2022-01-10T17:42:34+00:00"/><publisher value="IntraHealth International"/><contact><telecom><system value="url"/><value value="http://hl7.org/Special/committees/[something]"/></telecom></contact><description value="A simple IG using HIV epidemic control as a an example for learners"/><packageId value="simple.hiv.ig"/><license value="CC0-1.0"/><fhirVersion value="4.0.1"/><dependsOn><uri value="http://somewhere.org/fhir/uv/mycontentig/ImplementationGuide/example.fhir.uv.mycontentig"/><packageId value="example.fhir.uv.myig"/><version value="dev"/></dependsOn><dependsOn id="cpg"><uri value="http://hl7.org/fhir/uv/cpg/ImplementationGuide/hl7.fhir.uv.cpg"/><packageId value="hl7.fhir.uv.cpg"/><version value="1.0.0"/></dependsOn><dependsOn id="cqfm"><uri value="http://hl7.org/fhir/us/cqfmeasures/ImplementationGuide/hl7.fhir.us.cqfmeasures"/><packageId value="hl7.fhir.us.cqfmeasures"/><version value="current"/></dependsOn><dependsOn id="cqf"><uri value="http://fhir.org/guides/cqf/ImplementationGuide/cqf.fhir.common"/><packageId value="cqf.fhir.common"/><version value="dev"/></dependsOn><definition><extension url="http://hl7.org/fhir/tools/StructureDefinition/ig-parameter"><extension url="code"><valueString value="copyrightyear"/></extension><extension url="value"><valueString value="2020+"/></extension></extension><extension url="http://hl7.org/fhir/tools/StructureDefinition/ig-parameter"><extension url="code"><valueString value="releaselabel"/></extension><extension url="value"><valueString value="CI Build"/></extension></extension><extension url="http://hl7.org/fhir/tools/StructureDefinition/ig-parameter"><extension url="code"><valueString value="path-liquid"/></extension><extension url="value"><valueString value="templates\liquid"/></extension></extension><extension url="http://hl7.org/fhir/tools/StructureDefinition/ig-parameter"><extension url="code"><valueString value="autoload-resources"/></extension><extension url="value"><valueString value="true"/></extension></extension><extension url="http://hl7.org/fhir/tools/StructureDefinition/ig-parameter"><extension url="code"><valueString value="path-liquid"/></extension><extension url="value"><valueString value="template/liquid"/></extension></extension><extension url="http://hl7.org/fhir/tools/StructureDefinition/ig-parameter"><extension url="code"><valueString value="path-liquid"/></extension><extension url="value"><valueString value="input/liquid"/></extension></extension><extension url="http://hl7.org/fhir/tools/StructureDefinition/ig-parameter"><extension url="code"><valueString value="path-qa"/></extension><extension url="value"><valueString value="temp/qa"/></extension></extension><extension url="http://hl7.org/fhir/tools/StructureDefinition/ig-parameter"><extension url="code"><valueString value="path-temp"/></extension><extension url="value"><valueString value="temp/pages"/></extension></extension><extension url="http://hl7.org/fhir/tools/StructureDefinition/ig-parameter"><extension url="code"><valueString value="path-output"/></extension><extension url="value"><valueString value="output"/></extension></extension><extension url="http://hl7.org/fhir/tools/StructureDefinition/ig-parameter"><extension url="code"><valueString value="path-suppressed-warnings"/></extension><extension url="value"><valueString value="input/ignoreWarnings.txt"/></extension></extension><extension url="http://hl7.org/fhir/tools/StructureDefinition/ig-parameter"><extension url="code"><valueString value="path-history"/></extension><extension url="value"><valueString value="https://intrahealth.github.io/simple-hiv-ig/history.html"/></extension></extension><extension url="http://hl7.org/fhir/tools/StructureDefinition/ig-parameter"><extension url="code"><valueString value="template-html"/></extension><extension url="value"><valueString value="template-page.html"/></extension></extension><extension url="http://hl7.org/fhir/tools/StructureDefinition/ig-parameter"><extension url="code"><valueString value="template-md"/></extension><extension url="value"><valueString value="template-page-md.html"/></extension></extension><extension url="http://hl7.org/fhir/tools/StructureDefinition/ig-parameter"><extension url="code"><valueString value="apply-contact"/></extension><extension url="value"><valueString value="true"/></extension></extension><extension url="http://hl7.org/fhir/tools/StructureDefinition/ig-parameter"><extension url="code"><valueString value="apply-context"/></extension><extension url="value"><valueString value="true"/></extension></extension><extension url="http://hl7.org/fhir/tools/StructureDefinition/ig-parameter"><extension url="code"><valueString value="apply-copyright"/></extension><extension url="value"><valueString value="true"/></extension></extension><extension url="http://hl7.org/fhir/tools/StructureDefinition/ig-parameter"><extension url="code"><valueString value="apply-jurisdiction"/></extension><extension url="value"><valueString value="true"/></extension></extension><extension url="http://hl7.org/fhir/tools/StructureDefinition/ig-parameter"><extension url="code"><valueString value="apply-license"/></extension><extension url="value"><valueString value="true"/></extension></extension><extension url="http://hl7.org/fhir/tools/StructureDefinition/ig-parameter"><extension url="code"><valueString value="apply-publisher"/></extension><extension url="value"><valueString value="true"/></extension></extension><extension url="http://hl7.org/fhir/tools/StructureDefinition/ig-parameter"><extension url="code"><valueString value="apply-version"/></extension><extension url="value"><valueString value="true"/></extension></extension><extension url="http://hl7.org/fhir/tools/StructureDefinition/ig-parameter"><extension url="code"><valueString value="active-tables"/></extension><extension url="value"><valueString value="true"/></extension></extension><grouping id="-term-codesystem"><name value="Terminology: Code Systems"/><description value="These define new code systems used by systems conforming to this implementation guide"/></grouping><grouping id="-ka-library"><name value="Knowledge Artifacts: Libraries"/><description value="These define logic, asset collections and other libraries as part of content in this implementation guide"/></grouping><grouping id="-ka-measure"><name value="Knowledge Artifacts: Measure"/><description value="These define measures as part of content in this implementation guide"/></grouping><grouping id="-other"><name value="Other"/><description value="These are resources that are used within this implementation guide that do not fit into one of the other categories"/></grouping><resource><extension url="http://hl7.org/fhir/StructureDefinition/implementationguide-page"><valueUri value="Device-cqf-tooling.html"/></extension><reference><reference value="Device/cqf-tooling"/></reference><name value="Device/cqf-tooling"/><description value="A simple example showing how examples are defined and referenced"/><groupingId value="-other"/></resource><resource><extension url="http://hl7.org/fhir/StructureDefinition/implementationguide-page"><valueUri value="Library-FHIRHelpers.html"/></extension><reference><reference value="Library/FHIRHelpers"/></reference><name value="Library/FHIRHelpers"/><description value="A simple example showing how examples are defined and referenced"/><groupingId value="-ka-library"/></resource><resource><extension url="http://hl7.org/fhir/StructureDefinition/implementationguide-page"><valueUri value="Library-FHIRCommon.html"/></extension><reference><reference value="Library/FHIRCommon"/></reference><name value="Library/FHIRCommon"/><description value="A simple example showing how examples are defined and referenced"/><groupingId value="-ka-library"/></resource><resource><extension url="http://hl7.org/fhir/StructureDefinition/implementationguide-page"><valueUri value="Library-AgeRanges.html"/></extension><reference><reference value="Library/AgeRanges"/></reference><name value="Library/AgeRanges"/><description value="A simple example showing how examples are defined and referenced"/><groupingId value="-ka-library"/></resource><resource><extension url="http://hl7.org/fhir/StructureDefinition/implementationguide-page"><valueUri value="Library-KitchenSink.html"/></extension><reference><reference value="Library/KitchenSink"/></reference><name value="Library/KitchenSink"/><description value="A simple example showing how examples are defined and referenced"/><groupingId value="-ka-library"/></resource><resource><extension url="http://hl7.org/fhir/StructureDefinition/implementationguide-page"><valueUri value="Library-GoldenRecord.html"/></extension><reference><reference value="Library/GoldenRecord"/></reference><name value="Library/GoldenRecord"/><description value="A simple example showing how examples are defined and referenced"/><groupingId value="-ka-library"/></resource><resource><extension url="http://hl7.org/fhir/StructureDefinition/implementationguide-page"><valueUri value="Library-Blaze.html"/></extension><reference><reference value="Library/Blaze"/></reference><name value="Library/Blaze"/><description value="A simple example showing how examples are defined and referenced"/><groupingId value="-ka-library"/></resource><resource><extension url="http://hl7.org/fhir/StructureDefinition/implementationguide-page"><valueUri value="Patient-Patient-GoldenRecord.html"/></extension><reference><reference value="Patient/Patient-GoldenRecord"/></reference><name value="Patient/Patient-GoldenRecord"/><description value="A simple example showing how examples are defined and referenced"/><groupingId value="-other"/></resource><resource><extension url="http://hl7.org/fhir/StructureDefinition/implementationguide-page"><valueUri value="Patient-Patient-HIVSimple.html"/></extension><reference><reference value="Patient/Patient-HIVSimple"/></reference><name value="Patient/Patient-HIVSimple"/><description value="A simple example showing how examples are defined and referenced"/><groupingId value="-other"/></resource><resource><extension url="http://hl7.org/fhir/StructureDefinition/implementationguide-page"><valueUri value="Patient-Patient-HIVSimple2.html"/></extension><reference><reference value="Patient/Patient-HIVSimple2"/></reference><name value="Patient/Patient-HIVSimple2"/><description value="A simple example showing how examples are defined and referenced"/><groupingId value="-other"/></resource><resource><extension url="http://hl7.org/fhir/StructureDefinition/implementationguide-page"><valueUri value="Location-Location-HIVSimple.html"/></extension><reference><reference value="Location/Location-HIVSimple"/></reference><name value="Location/Location-HIVSimple"/><description value="A simple example showing how examples are defined and referenced"/><groupingId value="-other"/></resource><resource><extension url="http://hl7.org/fhir/StructureDefinition/implementationguide-page"><valueUri value="Location-Location-HIVSimple2.html"/></extension><reference><reference value="Location/Location-HIVSimple2"/></reference><name value="Location/Location-HIVSimple2"/><description value="A simple example showing how examples are defined and referenced"/><groupingId value="-other"/></resource><resource><extension url="http://hl7.org/fhir/StructureDefinition/implementationguide-page"><valueUri value="Measure-JustAgeGroup.html"/></extension><reference><reference value="Measure/JustAgeGroup"/></reference><name value="Measure/JustAgeGroup"/><description value="A simple example showing how examples are defined and referenced"/><groupingId value="-ka-measure"/></resource><resource><extension url="http://hl7.org/fhir/StructureDefinition/implementationguide-page"><valueUri value="Bundle-Example-HIVSimple.html"/></extension><reference><reference value="Bundle/Example-HIVSimple"/></reference><name value="Bundle/Example-HIVSimple"/><description value="A simple example showing how examples are defined and referenced"/><groupingId value="-other"/></resource><resource><extension url="http://hl7.org/fhir/StructureDefinition/implementationguide-page"><valueUri value="Encounter-Encounter-HIVSimple.html"/></extension><reference><reference value="Encounter/Encounter-HIVSimple"/></reference><name value="Encounter/Encounter-HIVSimple"/><description value="A simple example showing how examples are defined and referenced"/><groupingId value="-other"/></resource><resource><extension url="http://hl7.org/fhir/StructureDefinition/implementationguide-page"><valueUri value="Encounter-Encounter-HIVSimple2.html"/></extension><reference><reference value="Encounter/Encounter-HIVSimple2"/></reference><name value="Encounter/Encounter-HIVSimple2"/><description value="A simple example showing how examples are defined and referenced"/><groupingId value="-other"/></resource><resource><extension url="http://hl7.org/fhir/StructureDefinition/implementationguide-page"><valueUri value="Measure-BlazeStratifierTest.html"/></extension><reference><reference value="Measure/BlazeStratifierTest"/></reference><name value="Measure/BlazeStratifierTest"/><description value="A simple example showing how examples are defined and referenced"/><groupingId value="-ka-measure"/></resource><resource><extension url="http://hl7.org/fhir/StructureDefinition/implementationguide-page"><valueUri value="DiagnosticReport-DiagnosticReport-HIVSimple.html"/></extension><reference><reference value="DiagnosticReport/DiagnosticReport-HIVSimple"/></reference><name value="DiagnosticReport/DiagnosticReport-HIVSimple"/><description value="A simple example showing how examples are defined and referenced"/><groupingId value="-other"/></resource><resource><extension url="http://hl7.org/fhir/StructureDefinition/implementationguide-page"><valueUri value="DiagnosticReport-DiagnosticReport-HIVSimple2.html"/></extension><reference><reference value="DiagnosticReport/DiagnosticReport-HIVSimple2"/></reference><name value="DiagnosticReport/DiagnosticReport-HIVSimple2"/><description value="A simple example showing how examples are defined and referenced"/><groupingId value="-other"/></resource><resource><extension url="http://hl7.org/fhir/StructureDefinition/implementationguide-page"><valueUri value="Condition-Condition-HIVSimple2.html"/></extension><reference><reference value="Condition/Condition-HIVSimple2"/></reference><name value="Condition/Condition-HIVSimple2"/><description value="A simple example showing how examples are defined and referenced"/><groupingId value="-other"/></resource><resource><extension url="http://hl7.org/fhir/StructureDefinition/implementationguide-page"><valueUri value="Condition-Condition-HIVSimple.html"/></extension><reference><reference value="Condition/Condition-HIVSimple"/></reference><name value="Condition/Condition-HIVSimple"/><description value="A simple example showing how examples are defined and referenced"/><groupingId value="-other"/></resource><resource><extension url="http://hl7.org/fhir/StructureDefinition/implementationguide-page"><valueUri value="Organization-Organization-HIVSimple.html"/></extension><reference><reference value="Organization/Organization-HIVSimple"/></reference><name value="Organization/Organization-HIVSimple"/><description value="A simple example showing how examples are defined and referenced"/><groupingId value="-other"/></resource><resource><extension url="http://hl7.org/fhir/StructureDefinition/implementationguide-page"><valueUri value="Organization-Organization-HIVSimple2.html"/></extension><reference><reference value="Organization/Organization-HIVSimple2"/></reference><name value="Organization/Organization-HIVSimple2"/><description value="A simple example showing how examples are defined and referenced"/><groupingId value="-other"/></resource><resource><extension url="http://hl7.org/fhir/StructureDefinition/implementationguide-page"><valueUri value="Condition-Condition-Pregnancy.html"/></extension><reference><reference value="Condition/Condition-Pregnancy"/></reference><name value="Condition/Condition-Pregnancy"/><description value="A simple example showing how examples are defined and referenced"/><groupingId value="-other"/></resource><resource><extension url="http://hl7.org/fhir/StructureDefinition/implementationguide-page"><valueUri value="Condition-Condition-Pregnancy2.html"/></extension><reference><reference value="Condition/Condition-Pregnancy2"/></reference><name value="Condition/Condition-Pregnancy2"/><description value="A simple example showing how examples are defined and referenced"/><groupingId value="-other"/></resource><resource><extension url="http://hl7.org/fhir/StructureDefinition/implementationguide-page"><valueUri value="Observation-Observation-ViralLoad.html"/></extension><reference><reference value="Observation/Observation-ViralLoad"/></reference><name value="Observation/Observation-ViralLoad"/><description value="A simple example showing how examples are defined and referenced"/><groupingId value="-other"/></resource><resource><extension url="http://hl7.org/fhir/StructureDefinition/implementationguide-page"><valueUri value="Observation-Observation-ViralLoad2.html"/></extension><reference><reference value="Observation/Observation-ViralLoad2"/></reference><name value="Observation/Observation-ViralLoad2"/><description value="A simple example showing how examples are defined and referenced"/><groupingId value="-other"/></resource><resource><extension url="http://hl7.org/fhir/StructureDefinition/implementationguide-page"><valueUri value="DiagnosticReport-DiagnosticReport-ViralLoad.html"/></extension><reference><reference value="DiagnosticReport/DiagnosticReport-ViralLoad"/></reference><name value="ODiagnosticReport/DiagnosticReport-ViralLoad"/><description value="A simple example showing how examples are defined and referenced"/><groupingId value="-other"/></resource><resource><extension url="http://hl7.org/fhir/StructureDefinition/implementationguide-page"><valueUri value="DiagnosticReport-DiagnosticReport-ViralLoad2.html"/></extension><reference><reference value="DiagnosticReport/DiagnosticReport-ViralLoad2"/></reference><name value="DiagnosticReport/DiagnosticReport-ViralLoad2"/><description value="A simple example showing how examples are defined and referenced"/><groupingId value="-other"/></resource><resource><extension url="http://hl7.org/fhir/StructureDefinition/implementationguide-page"><valueUri value="Encounter-Encounter-ViralLoad.html"/></extension><reference><reference value="Encounter/Encounter-ViralLoad"/></reference><name value="Encounter/Encounter-ViralLoad"/><description value="A simple example showing how examples are defined and referenced"/><groupingId value="-other"/></resource><resource><extension url="http://hl7.org/fhir/StructureDefinition/implementationguide-page"><valueUri value="Encounter-Encounter-ViralLoad2.html"/></extension><reference><reference value="Encounter/Encounter-ViralLoad2"/></reference><name value="Encounter/Encounter-ViralLoad2"/><description value="A simple example showing how examples are defined and referenced"/><groupingId value="-other"/></resource><resource><extension url="http://hl7.org/fhir/StructureDefinition/implementationguide-page"><valueUri value="Observation-Observation-HIVSimple.html"/></extension><reference><reference value="Observation/Observation-HIVSimple"/></reference><name value="Observation/Observation-HIVSimple"/><description value="A simple example showing how examples are defined and referenced"/><groupingId value="-other"/></resource><resource><extension url="http://hl7.org/fhir/StructureDefinition/implementationguide-page"><valueUri value="Observation-Observation-HIVSimple2.html"/></extension><reference><reference value="Observation/Observation-HIVSimple2"/></reference><name value="Observation/Observation-HIVSimple2"/><description value="A simple example showing how examples are defined and referenced"/><groupingId value="-other"/></resource><resource><extension url="http://hl7.org/fhir/StructureDefinition/implementationguide-page"><valueUri value="Bundle-Example-HIVSimple2.html"/></extension><reference><reference value="Bundle/Example-HIVSimple2"/></reference><name value="Bundle/Example-HIVSimple2"/><description value="A simple example showing how examples are defined and referenced"/><groupingId value="-other"/></resource><resource><extension url="http://hl7.org/fhir/StructureDefinition/implementationguide-page"><valueUri value="Measure-Cohort.html"/></extension><reference><reference value="Measure/Cohort"/></reference><name value="Measure/Cohort"/><description value="A simple example showing how examples are defined and referenced"/><groupingId value="-ka-measure"/></resource><resource><extension url="http://hl7.org/fhir/StructureDefinition/implementationguide-page"><valueUri value="Measure-JustGender.html"/></extension><reference><reference value="Measure/JustGender"/></reference><name value="Measure/JustGender"/><description value="A simple example showing how examples are defined and referenced"/><groupingId value="-ka-measure"/></resource><resource><extension url="http://hl7.org/fhir/StructureDefinition/implementationguide-page"><valueUri value="Measure-JustLocation.html"/></extension><reference><reference value="Measure/JustLocation"/></reference><name value="Measure/JustLocation"/><description value="A simple example showing how examples are defined and referenced"/><groupingId value="-ka-measure"/></resource><resource><extension url="http://hl7.org/fhir/StructureDefinition/implementationguide-page"><valueUri value="Measure-AgeGroupGender.html"/></extension><reference><reference value="Measure/AgeGroupGender"/></reference><name value="Measure/AgeGroupGender"/><description value="A simple example showing how examples are defined and referenced"/><groupingId value="-ka-measure"/></resource><resource><extension url="http://hl7.org/fhir/StructureDefinition/implementationguide-page"><valueUri value="Measure-AgeGroupGenderLocation.html"/></extension><reference><reference value="Measure/AgeGroupGenderLocation"/></reference><name value="Measure/AgeGroupGenderLocation"/><description value="A simple example showing how examples are defined and referenced"/><groupingId value="-ka-measure"/></resource><resource><extension url="http://hl7.org/fhir/StructureDefinition/implementationguide-page"><valueUri value="Measure-SuppData.html"/></extension><reference><reference value="Measure/SuppData"/></reference><name value="Measure/SuppData"/><description value="A simple example showing how examples are defined and referenced"/><groupingId value="-ka-measure"/></resource><resource><extension url="http://hl7.org/fhir/StructureDefinition/implementationguide-page"><valueUri value="Measure-BlazeStratifierAgeGroup.html"/></extension><reference><reference value="Measure/BlazeStratifierAgeGroup"/></reference><name value="Measure/BlazeStratifierAgeGroup"/><description value="A simple example showing how examples are defined and referenced"/><groupingId value="-ka-measure"/></resource><resource><extension url="http://hl7.org/fhir/StructureDefinition/implementationguide-page"><valueUri value="Measure-BlazeAgeGroupLocation.html"/></extension><reference><reference value="Measure/BlazeAgeGroupLocation"/></reference><name value="Measure/BlazeAgeGroupLocation"/><description value="A simple example showing how examples are defined and referenced"/><groupingId value="-ka-measure"/></resource><resource><extension url="http://hl7.org/fhir/StructureDefinition/implementationguide-page"><valueUri value="Measure-BlazeGenderLocation.html"/></extension><reference><reference value="Measure/BlazeGenderLocation"/></reference><name value="Measure/BlazeGenderLocation"/><description value="A simple example showing how examples are defined and referenced"/><groupingId value="-ka-measure"/></resource><resource><extension url="http://hl7.org/fhir/StructureDefinition/implementationguide-page"><valueUri value="Account-Account-HIVSimple.html"/></extension><reference><reference value="Account/Account-HIVSimple"/></reference><groupingId value="-other"/></resource><resource><extension url="http://hl7.org/fhir/StructureDefinition/implementationguide-page"><valueUri value="Coverage-Coverage-HIVSimple.html"/></extension><reference><reference value="Coverage/Coverage-HIVSimple"/></reference><groupingId value="-other"/></resource><resource><extension url="http://hl7.org/fhir/StructureDefinition/implementationguide-page"><valueUri value="Parameters-Example-Parameters.html"/></extension><reference><reference value="Parameters/Example-Parameters"/></reference><groupingId value="-other"/></resource><resource><extension url="http://hl7.org/fhir/StructureDefinition/implementationguide-page"><valueUri value="Organization-Organization-HIVSimple3.html"/></extension><reference><reference value="Organization/Organization-HIVSimple3"/></reference><groupingId value="-other"/></resource><resource><extension url="http://hl7.org/fhir/StructureDefinition/implementationguide-page"><valueUri value="Library-TXPVLS.html"/></extension><reference><reference value="Library/TXPVLS"/></reference><name value="TXPVLS"/><description value="TXPVLS"/><groupingId value="-ka-library"/></resource><resource><extension url="http://hl7.org/fhir/StructureDefinition/implementationguide-page"><valueUri value="Library-TXCURR.html"/></extension><reference><reference value="Library/TXCURR"/></reference><name value="TXCURR"/><description value="TXCURR"/><groupingId value="-ka-library"/></resource><resource><extension url="http://hl7.org/fhir/StructureDefinition/implementationguide-page"><valueUri value="CodeSystem-OpenHIE.html"/></extension><reference><reference value="CodeSystem/OpenHIE"/></reference><name value="OpenHIE CodeSystem"/><description value="OpenHIE CodeSystem"/><groupingId value="-term-codesystem"/></resource><resource><extension url="http://hl7.org/fhir/StructureDefinition/implementationguide-page"><valueUri value="Bundle-Attribution-Bundle-Simple.html"/></extension><reference><reference value="Bundle/Attribution-Bundle-Simple"/></reference><groupingId value="-other"/></resource><resource><extension url="http://hl7.org/fhir/StructureDefinition/implementationguide-page"><valueUri value="Library-Parameters.html"/></extension><reference><reference value="Library/Parameters"/></reference><name value="Parameters"/><description value="Parameters"/><groupingId value="-ka-library"/></resource><resource><extension url="http://hl7.org/fhir/StructureDefinition/implementationguide-page"><valueUri value="Contract-Contract-HIVSimple.html"/></extension><reference><reference value="Contract/Contract-HIVSimple"/></reference><groupingId value="-other"/></resource><resource><extension url="http://hl7.org/fhir/StructureDefinition/implementationguide-page"><valueUri value="Measure-HIV-TXPVLS.html"/></extension><reference><reference value="Measure/HIV-TXPVLS"/></reference><name value="HIV-TXPVLS"/><description value="HIV-TXPVLS"/><groupingId value="-ka-measure"/></resource><resource><extension url="http://hl7.org/fhir/StructureDefinition/implementationguide-page"><valueUri value="CodeSystem-OpenCR.html"/></extension><reference><reference value="CodeSystem/OpenCR"/></reference><name value="OpenCR CodeSystem"/><description value="OpenCR CodeSystem"/><groupingId value="-term-codesystem"/></resource><resource><extension url="http://hl7.org/fhir/StructureDefinition/implementationguide-page"><valueUri value="Organization-IntraHealth.html"/></extension><reference><reference value="Organization/IntraHealth"/></reference><groupingId value="-other"/></resource><resource><extension url="http://hl7.org/fhir/StructureDefinition/implementationguide-page"><valueUri value="Bundle-Attribution-Bundle.html"/></extension><reference><reference value="Bundle/Attribution-Bundle"/></reference><groupingId value="-other"/></resource><resource><extension url="http://hl7.org/fhir/StructureDefinition/implementationguide-page"><valueUri value="Library-Attribution.html"/></extension><reference><reference value="Library/Attribution"/></reference><name value="Attribution"/><description value="Attribution"/><groupingId value="-ka-library"/></resource><resource><extension url="http://hl7.org/fhir/StructureDefinition/implementationguide-page"><valueUri value="Library-TXNEW.html"/></extension><reference><reference value="Library/TXNEW"/></reference><name value="TXNEW"/><description value="TXNEW"/><groupingId value="-ka-library"/></resource><resource><extension url="http://hl7.org/fhir/StructureDefinition/implementationguide-page"><valueUri value="Library-HIVIndicators.html"/></extension><reference><reference value="Library/HIVIndicators"/></reference><name value="HIVIndicators"/><description value="HIVIndicators"/><groupingId value="-ka-library"/></resource><resource><extension url="http://hl7.org/fhir/StructureDefinition/implementationguide-page"><valueUri value="Library-TXML.html"/></extension><reference><reference value="Library/TXML"/></reference><name value="TXML"/><description value="TXML"/><groupingId value="-ka-library"/></resource><resource><extension url="http://hl7.org/fhir/StructureDefinition/implementationguide-page"><valueUri value="Location-Location-HIVSimple3.html"/></extension><reference><reference value="Location/Location-HIVSimple3"/></reference><groupingId value="-other"/></resource><resource><extension url="http://hl7.org/fhir/StructureDefinition/implementationguide-page"><valueUri value="Library-EncounterLocation.html"/></extension><reference><reference value="Library/EncounterLocation"/></reference><name value="EncounterLocation"/><description value="EncounterLocation"/><groupingId value="-ka-library"/></resource><resource><extension url="http://hl7.org/fhir/StructureDefinition/implementationguide-page"><valueUri value="Library-ANC.html"/></extension><reference><reference value="Library/ANC"/></reference><name value="ANC"/><description value="ANC"/><groupingId value="-ka-library"/></resource><resource><extension url="http://hl7.org/fhir/StructureDefinition/implementationguide-page"><valueUri value="CodeSystem-PEPFAR.html"/></extension><reference><reference value="CodeSystem/PEPFAR"/></reference><name value="PEPFAR CodeSystem"/><description value="PEPFAR CodeSystem"/><groupingId value="-term-codesystem"/></resource><resource><extension url="http://hl7.org/fhir/StructureDefinition/implementationguide-page"><valueUri value="Library-Dedupe.html"/></extension><reference><reference value="Library/Dedupe"/></reference><name value="Dedupe"/><description value="Dedupe"/><groupingId value="-ka-library"/></resource><page><nameUrl value="toc.html"/><title value="Table of Contents"/><generation value="html"/><page><nameUrl value="index.html"/><title value="MyIG Home Page"/><generation value="html"/></page><page><nameUrl value="background.html"/><title value="Background"/><generation value="html"/></page><page><nameUrl value="spec.html"/><title value="Detailed Specification"/><generation value="markdown"/></page><page><nameUrl value="downloads.html"/><title value="Useful Downloads"/><generation value="html"/></page><page><nameUrl value="changes.html"/><title value="IG Change History"/><generation value="html"/></page><page><nameUrl value="artifacts.html"/><title value="Artifacts Summary"/><generation value="html"/><page><nameUrl value="CodeSystem-OpenHIE.html"/><title value="OpenHIE CodeSystem"/><generation value="generated"/></page><page><nameUrl value="CodeSystem-OpenCR.html"/><title value="OpenCR CodeSystem"/><generation value="generated"/></page><page><nameUrl value="CodeSystem-PEPFAR.html"/><title value="PEPFAR CodeSystem"/><generation value="generated"/></page><page><nameUrl value="Library-FHIRHelpers.html"/><title value="Library/FHIRHelpers"/><generation value="generated"/></page><page><nameUrl value="Library-FHIRCommon.html"/><title value="Library/FHIRCommon"/><generation value="generated"/></page><page><nameUrl value="Library-AgeRanges.html"/><title value="Library/AgeRanges"/><generation value="generated"/></page><page><nameUrl value="Library-KitchenSink.html"/><title value="Library/KitchenSink"/><generation value="generated"/></page><page><nameUrl value="Library-GoldenRecord.html"/><title value="Library/GoldenRecord"/><generation value="generated"/></page><page><nameUrl value="Library-Blaze.html"/><title value="Library/Blaze"/><generation value="generated"/></page><page><nameUrl value="Library-TXPVLS.html"/><title value="TXPVLS"/><generation value="generated"/></page><page><nameUrl value="Library-TXCURR.html"/><title value="TXCURR"/><generation value="generated"/></page><page><nameUrl value="Library-Parameters.html"/><title value="Parameters"/><generation value="generated"/></page><page><nameUrl value="Library-Attribution.html"/><title value="Attribution"/><generation value="generated"/></page><page><nameUrl value="Library-TXNEW.html"/><title value="TXNEW"/><generation value="generated"/></page><page><nameUrl value="Library-HIVIndicators.html"/><title value="HIVIndicators"/><generation value="generated"/></page><page><nameUrl value="Library-TXML.html"/><title value="TXML"/><generation value="generated"/></page><page><nameUrl value="Library-EncounterLocation.html"/><title value="EncounterLocation"/><generation value="generated"/></page><page><nameUrl value="Library-ANC.html"/><title value="ANC"/><generation value="generated"/></page><page><nameUrl value="Library-Dedupe.html"/><title value="Dedupe"/><generation value="generated"/></page><page><nameUrl value="Measure-JustAgeGroup.html"/><title value="Measure/JustAgeGroup"/><generation value="generated"/></page><page><nameUrl value="Measure-BlazeStratifierTest.html"/><title value="Measure/BlazeStratifierTest"/><generation value="generated"/></page><page><nameUrl value="Measure-Cohort.html"/><title value="Measure/Cohort"/><generation value="generated"/></page><page><nameUrl value="Measure-JustGender.html"/><title value="Measure/JustGender"/><generation value="generated"/></page><page><nameUrl value="Measure-JustLocation.html"/><title value="Measure/JustLocation"/><generation value="generated"/></page><page><nameUrl value="Measure-AgeGroupGender.html"/><title value="Measure/AgeGroupGender"/><generation value="generated"/></page><page><nameUrl value="Measure-AgeGroupGenderLocation.html"/><title value="Measure/AgeGroupGenderLocation"/><generation value="generated"/></page><page><nameUrl value="Measure-SuppData.html"/><title value="Measure/SuppData"/><generation value="generated"/></page><page><nameUrl value="Measure-BlazeStratifierAgeGroup.html"/><title value="Measure/BlazeStratifierAgeGroup"/><generation value="generated"/></page><page><nameUrl value="Measure-BlazeAgeGroupLocation.html"/><title value="Measure/BlazeAgeGroupLocation"/><generation value="generated"/></page><page><nameUrl value="Measure-BlazeGenderLocation.html"/><title value="Measure/BlazeGenderLocation"/><generation value="generated"/></page><page><nameUrl value="Measure-HIV-TXPVLS.html"/><title value="HIV-TXPVLS"/><generation value="generated"/></page><page><nameUrl value="Device-cqf-tooling.html"/><title value="Device/cqf-tooling"/><generation value="generated"/></page><page><nameUrl value="Patient-Patient-GoldenRecord.html"/><title value="Patient/Patient-GoldenRecord"/><generation value="generated"/></page><page><nameUrl value="Patient-Patient-HIVSimple.html"/><title value="Patient/Patient-HIVSimple"/><generation value="generated"/></page><page><nameUrl value="Patient-Patient-HIVSimple2.html"/><title value="Patient/Patient-HIVSimple2"/><generation value="generated"/></page><page><nameUrl value="Location-Location-HIVSimple.html"/><title value="Location/Location-HIVSimple"/><generation value="generated"/></page><page><nameUrl value="Location-Location-HIVSimple2.html"/><title value="Location/Location-HIVSimple2"/><generation value="generated"/></page><page><nameUrl value="Bundle-Example-HIVSimple.html"/><title value="Bundle/Example-HIVSimple"/><generation value="generated"/></page><page><nameUrl value="Encounter-Encounter-HIVSimple.html"/><title value="Encounter/Encounter-HIVSimple"/><generation value="generated"/></page><page><nameUrl value="Encounter-Encounter-HIVSimple2.html"/><title value="Encounter/Encounter-HIVSimple2"/><generation value="generated"/></page><page><nameUrl value="DiagnosticReport-DiagnosticReport-HIVSimple.html"/><title value="DiagnosticReport/DiagnosticReport-HIVSimple"/><generation value="generated"/></page><page><nameUrl value="DiagnosticReport-DiagnosticReport-HIVSimple2.html"/><title value="DiagnosticReport/DiagnosticReport-HIVSimple2"/><generation value="generated"/></page><page><nameUrl value="Condition-Condition-HIVSimple2.html"/><title value="Condition/Condition-HIVSimple2"/><generation value="generated"/></page><page><nameUrl value="Condition-Condition-HIVSimple.html"/><title value="Condition/Condition-HIVSimple"/><generation value="generated"/></page><page><nameUrl value="Organization-Organization-HIVSimple.html"/><title value="Organization/Organization-HIVSimple"/><generation value="generated"/></page><page><nameUrl value="Organization-Organization-HIVSimple2.html"/><title value="Organization/Organization-HIVSimple2"/><generation value="generated"/></page><page><nameUrl value="Condition-Condition-Pregnancy.html"/><title value="Condition/Condition-Pregnancy"/><generation value="generated"/></page><page><nameUrl value="Condition-Condition-Pregnancy2.html"/><title value="Condition/Condition-Pregnancy2"/><generation value="generated"/></page><page><nameUrl value="Observation-Observation-ViralLoad.html"/><title value="Observation/Observation-ViralLoad"/><generation value="generated"/></page><page><nameUrl value="Observation-Observation-ViralLoad2.html"/><title value="Observation/Observation-ViralLoad2"/><generation value="generated"/></page><page><nameUrl value="DiagnosticReport-DiagnosticReport-ViralLoad.html"/><title value="ODiagnosticReport/DiagnosticReport-ViralLoad"/><generation value="generated"/></page><page><nameUrl value="DiagnosticReport-DiagnosticReport-ViralLoad2.html"/><title value="DiagnosticReport/DiagnosticReport-ViralLoad2"/><generation value="generated"/></page><page><nameUrl value="Encounter-Encounter-ViralLoad.html"/><title value="Encounter/Encounter-ViralLoad"/><generation value="generated"/></page><page><nameUrl value="Encounter-Encounter-ViralLoad2.html"/><title value="Encounter/Encounter-ViralLoad2"/><generation value="generated"/></page><page><nameUrl value="Observation-Observation-HIVSimple.html"/><title value="Observation/Observation-HIVSimple"/><generation value="generated"/></page><page><nameUrl value="Observation-Observation-HIVSimple2.html"/><title value="Observation/Observation-HIVSimple2"/><generation value="generated"/></page><page><nameUrl value="Bundle-Example-HIVSimple2.html"/><title value="Bundle/Example-HIVSimple2"/><generation value="generated"/></page><page><nameUrl value="Account-Account-HIVSimple.html"/><generation value="generated"/></page><page><nameUrl value="Coverage-Coverage-HIVSimple.html"/><generation value="generated"/></page><page><nameUrl value="Parameters-Example-Parameters.html"/><generation value="generated"/></page><page><nameUrl value="Organization-Organization-HIVSimple3.html"/><generation value="generated"/></page><page><nameUrl value="Bundle-Attribution-Bundle-Simple.html"/><generation value="generated"/></page><page><nameUrl value="Contract-Contract-HIVSimple.html"/><generation value="generated"/></page><page><nameUrl value="Organization-IntraHealth.html"/><generation value="generated"/></page><page><nameUrl value="Bundle-Attribution-Bundle.html"/><generation value="generated"/></page><page><nameUrl value="Location-Location-HIVSimple3.html"/><generation value="generated"/></page></page></page><parameter><code value="path-resource"/><value value="input\history"/></parameter><parameter><code value="path-resource"/><value value="input/resources/device"/></parameter><parameter><code value="path-resource"/><value value="input/capabilities"/></parameter><parameter><code value="path-resource"/><value value="input/examples"/></parameter><parameter><code value="path-resource"/><value value="input/extensions"/></parameter><parameter><code value="path-resource"/><value value="input/models"/></parameter><parameter><code value="path-resource"/><value value="input/operations"/></parameter><parameter><code value="path-resource"/><value value="input/profiles"/></parameter><parameter><code value="path-resource"/><value value="input/resources"/></parameter><parameter><code value="path-resource"/><value value="input/vocabulary"/></parameter><parameter><code value="path-resource"/><value value="input/testing"/></parameter><parameter><code value="path-resource"/><value value="input/history"/></parameter><parameter><code value="path-resource"/><value value="fsh-generated/resources"/></parameter><parameter><code value="path-pages"/><value value="template/config"/></parameter><parameter><code value="path-pages"/><value value="input/images"/></parameter><parameter><code value="path-tx-cache"/><value value="input-cache/txcache"/></parameter></definition></ImplementationGuide>