<?xml version="1.0" encoding="UTF-8"?><Library xmlns="http://hl7.org/fhir"><id value="KitchenSink"/><url value="https://github.com/intrahealth/simple-hiv-ig/Library/KitchenSink"/><version value="0.1.0"/><status value="draft"/><experimental value="true"/><type><coding><code value="logic-library"/></coding></type><date value="2021-07-14T04:00:58+00:00"/><publisher value="IntraHealth International"/><contact><telecom><system value="url"/><value value="http://hl7.org/Special/committees/[something]"/></telecom></contact><content><contentType value="text/cql"/><data/></content><content><contentType value="application/elm+xml"/></content></Library>