<?xml version="1.0" encoding="UTF-8"?><Library xmlns="http://hl7.org/fhir"><id value="FHIRCommon"/><url value="https://intrahealth.github.io/simple-hiv-ig/Library/FHIRCommon"/><version value="0.1.0"/><name value="FHIRCommon"/><status value="draft"/><experimental value="true"/><type><coding><system value="http://terminology.hl7.org/CodeSystem/library-type"/><code value="logic-library"/></coding></type><date value="2021-08-10T02:32:15+00:00"/><publisher value="Digital Health Team"/><contact><name value="Digital Health Team"/><telecom><system value="url"/><value value="https://www.intrahealth.org"/></telecom><telecom><system value="email"/><value value="digitalhealth@intrahealth.org"/></telecom></contact><contact><name value="Digital Health Team"/><telecom><system value="email"/><value value="digitalhealth@intrahealth.org"/><use value="work"/></telecom></contact><relatedArtifact><type value="depends-on"/><resource value="http://hl7.org/fhir/Library/FHIR-ModelInfo|4.0.1"/></relatedArtifact><relatedArtifact><type value="depends-on"/><resource value="http://hl7.org/fhir/Library/FHIRHelpers|4.0.1"/></relatedArtifact><relatedArtifact><type value="depends-on"/><resource value="http://loinc.org"/></relatedArtifact><relatedArtifact><type value="depends-on"/><resource value="http://snomed.info/sct"/></relatedArtifact><relatedArtifact><type value="depends-on"/><resource value="http://terminology.hl7.org/CodeSystem/v3-RoleCode"/></relatedArtifact><relatedArtifact><type value="depends-on"/><resource value="http://terminology.hl7.org/CodeSystem/diagnosis-role"/></relatedArtifact><relatedArtifact><type value="depends-on"/><resource value="http://terminology.hl7.org/CodeSystem/request-intent"/></relatedArtifact><relatedArtifact><type value="depends-on"/><resource value="http://terminology.hl7.org/CodeSystem/medicationrequest-category"/></relatedArtifact><relatedArtifact><type value="depends-on"/><resource value="http://terminology.hl7.org/CodeSystem/condition-clinical"/></relatedArtifact><relatedArtifact><type value="depends-on"/><resource value="http://terminology.hl7.org/CodeSystem/condition-ver-status"/></relatedArtifact><relatedArtifact><type value="depends-on"/><resource value="http://terminology.hl7.org/CodeSystem/allergyintolerance-clinical"/></relatedArtifact><relatedArtifact><type value="depends-on"/><resource value="http://terminology.hl7.org/CodeSystem/allergyintolerance-verification"/></relatedArtifact><parameter><name value="Patient"/><use value="out"/><min value="0"/><max value="1"/><type value="Patient"/></parameter><content><contentType value="text/cql"/><data/></content><content><contentType value="application/elm+xml"/><data/></content><content><contentType value="application/elm+json"/><data/></content></Library>