<?xml version="1.0" encoding="UTF-8"?><Library xmlns="http://hl7.org/fhir"><id value="FHIRHelpers"/><url value="https://intrahealth.github.io/simple-hiv-ig/Library/FHIRHelpers"/><version value="0.1.0"/><name value="FHIRHelpers"/><title value="FHIR Helpers"/><status value="active"/><experimental value="false"/><type><coding><system value="http://terminology.hl7.org/CodeSystem/library-type"/><code value="logic-library"/></coding></type><date value="2020-11-29T15:54:22-07:00"/><publisher value="Digital Health Team"/><contact><name value="Digital Health Team"/><telecom><system value="url"/><value value="https://www.intrahealth.org"/></telecom><telecom><system value="email"/><value value="digitalhealth@intrahealth.org"/></telecom></contact><contact><name value="Digital Health Team"/><telecom><system value="email"/><value value="digitalhealth@intrahealth.org"/><use value="work"/></telecom></contact><description value="This library defines functions to convert between FHIR data types and CQL system-defined types, as well as functions to support FHIRPath implementation. For more information, the FHIRHelpers wiki page: https://github.com/cqframework/clinical_quality_language/wiki/FHIRHelpers"/><approvalDate value="2021-03-12"/><lastReviewDate value="2021-03-12"/><topic><text value="FHIR"/></topic><topic><text value="CQL"/></topic><relatedArtifact><type value="documentation"/><display value="Using FHIR Helpers"/><url value="https://github.com/cqframework/clinical_quality_language/wiki/FHIRHelpers"/></relatedArtifact><relatedArtifact><type value="depends-on"/><display value="FHIR model information"/><resource value="http://fhir.org/guides/cqf/common/Library/FHIR-ModelInfo|4.0.1"/></relatedArtifact><content><contentType value="text/cql"/><data/></content><content><contentType value="application/elm+xml"/><data/></content><content><contentType value="application/elm+json"/><data/></content></Library>