<?xml version="1.0" encoding="UTF-8"?><Library xmlns="http://hl7.org/fhir"><id value="HIVSimpleDemog"/><url value="https://github.com/intrahealth/simple-hiv-ig/Library/HIVSimpleDemog"/><version value="0.1.0"/><status value="draft"/><experimental value="true"/><type><coding><code value="logic-library"/></coding></type><date value="2021-07-06T19:25:43+00:00"/><publisher value="IntraHealth International"/><contact><telecom><system value="url"/><value value="http://hl7.org/Special/committees/[something]"/></telecom></contact><relatedArtifact><type value="depends-on"/><resource value="http://hl7.org/fhir/Library/FHIR-ModelInfo|4.0.1"/></relatedArtifact><relatedArtifact><type value="depends-on"/><resource value="http://hl7.org/fhir/Library/FHIRHelpers|4.0.1"/></relatedArtifact><relatedArtifact><type value="depends-on"/><resource value="https://github.com/intrahealth/simple-hiv-ig/Library/FHIRCommon|4.0.1"/></relatedArtifact><relatedArtifact><type value="depends-on"/><resource value="https://github.com/intrahealth/simple-hiv-ig/Library/AgeRanges|0.1.0"/></relatedArtifact><relatedArtifact><type value="depends-on"/><resource value="http://snomed.info/sct|http://snomed.info/sct/900000000000207008"/></relatedArtifact><relatedArtifact><type value="depends-on"/><resource value="http://loinc.org"/></relatedArtifact><content><contentType value="text/cql"/><data/></content><content><contentType value="application/elm+xml"/><data/></content><content><contentType value="application/elm+json"/><data/></content></Library>