<?xml version="1.0" encoding="UTF-8"?><Library xmlns="http://hl7.org/fhir"><id value="HIVSimpleCondition"/><url value="https://github.com/intrahealth/simple-hiv-ig/Library/HIVSimpleCondition"/><version value="0.1.0"/><name value="HIVSimpleCondition"/><title value="HIVSimpleCondition"/><status value="active"/><experimental value="true"/><type><coding><system value="http://terminology.hl7.org/CodeSystem/library-type"/><code value="logic-library"/></coding></type><date value="2021-03-25T23:53:26+00:00"/><publisher value="HL7 International - [Some] Work Group"/><contact><telecom><system value="url"/><value value="http://hl7.org/Special/committees/[something]"/></telecom></contact><jurisdiction><coding><system value="http://unstats.un.org/unsd/methods/m49/m49.htm"/><code value="001"/></coding></jurisdiction><relatedArtifact><type value="depends-on"/><resource value="http://hl7.org/fhir/Library/FHIR-ModelInfo|4.0.1"/></relatedArtifact><relatedArtifact><type value="depends-on"/><resource value="http://hl7.org/fhir/Library/FHIRHelpers|4.0.1"/></relatedArtifact><relatedArtifact><type value="depends-on"/><resource value="https://github.com/intrahealth/simple-hiv-ig/Library/FHIRCommon|0.1.0"/></relatedArtifact><relatedArtifact><type value="depends-on"/><resource value="https://github.com/intrahealth/simple-hiv-ig/Library/AgeRanges|0.1.0"/></relatedArtifact><relatedArtifact><type value="depends-on"/><resource value="http://snomed.info/sct|http://snomed.info/sct/900000000000207008"/></relatedArtifact><relatedArtifact><type value="depends-on"/><resource value="http://loinc.org"/></relatedArtifact><content><contentType value="text/cql"/><data/></content><content><contentType value="application/elm+xml"/><data/></content><content><contentType value="application/elm+json"/><data/></content></Library>