<?xml version="1.0" encoding="UTF-8"?><Library xmlns="http://hl7.org/fhir"><id value="FHIRCommon"/><url value="https://github.com/intrahealth/simple-hiv-ig/Library/FHIRCommon"/><version value="0.1.0"/><name value="FHIRCommon"/><title value="FHIR Common"/><status value="active"/><experimental value="true"/><type><coding><system value="http://terminology.hl7.org/CodeSystem/library-type"/><code value="logic-library"/></coding></type><date value="2021-06-29T01:19:24+00:00"/><publisher value="IntraHealth International"/><contact><telecom><system value="url"/><value value="http://hl7.org/Special/committees/[something]"/></telecom></contact><relatedArtifact><type value="depends-on"/><resource value="http://hl7.org/fhir/Library/FHIR-ModelInfo|4.0.1"/></relatedArtifact><relatedArtifact><type value="depends-on"/><resource value="http://hl7.org/fhir/Library/FHIRHelpers|4.0.1"/></relatedArtifact><relatedArtifact><type value="depends-on"/><resource value="http://loinc.org"/></relatedArtifact><relatedArtifact><type value="depends-on"/><resource value="http://snomed.info/sct"/></relatedArtifact><relatedArtifact><type value="depends-on"/><resource value="http://terminology.hl7.org/CodeSystem/v3-RoleCode"/></relatedArtifact><relatedArtifact><type value="depends-on"/><resource value="http://terminology.hl7.org/CodeSystem/diagnosis-role"/></relatedArtifact><relatedArtifact><type value="depends-on"/><resource value="http://terminology.hl7.org/CodeSystem/request-intent"/></relatedArtifact><relatedArtifact><type value="depends-on"/><resource value="http://terminology.hl7.org/CodeSystem/medicationrequest-category"/></relatedArtifact><relatedArtifact><type value="depends-on"/><resource value="http://terminology.hl7.org/CodeSystem/condition-clinical"/></relatedArtifact><relatedArtifact><type value="depends-on"/><resource value="http://terminology.hl7.org/CodeSystem/condition-verification"/></relatedArtifact><relatedArtifact><type value="depends-on"/><resource value="http://terminology.hl7.org/CodeSystem/allergyintolerance-clinical"/></relatedArtifact><relatedArtifact><type value="depends-on"/><resource value="http://terminology.hl7.org/CodeSystem/allergyintolerance-verification"/></relatedArtifact><relatedArtifact><type value="depends-on"/><resource value="http://fhir.org/guides/cqf/cqf-common/ValueSet/active-condition"/></relatedArtifact><relatedArtifact><type value="depends-on"/><resource value="http://fhir.org/guides/cqf/cqf-common/ValueSet/inactive-condition"/></relatedArtifact><parameter><name value="Patient"/><use value="out"/><min value="0"/><max value="1"/><type value="Patient"/></parameter><content><contentType value="text/cql"/><data/></content><content><contentType value="application/elm+xml"/><data/></content><content><contentType value="application/elm+json"/><data/></content></Library>