<?xml version="1.0" encoding="UTF-8"?><Library xmlns="http://hl7.org/fhir"><id value="FHIR-ModelInfo"/><extension url="http://hl7.org/fhir/us/cqfmeasures/StructureDefinition/cqfm-softwaresystem"><valueReference><reference value="cqf-tooling"/></valueReference></extension><url value="https://intrahealth.github.io/simple-hiv-ig/Library/FHIR-ModelInfo"/><version value="0.1.0"/><name value="FHIR"/><title value="FHIR Model Definition"/><status value="active"/><experimental value="false"/><type><coding><system value="http://terminology.hl7.org/CodeSystem/library-type"/><code value="model-definition"/></coding></type><date value="2021-03-12"/><publisher value="Digital Health Team"/><contact><name value="Digital Health Team"/><telecom><system value="url"/><value value="https://www.intrahealth.org"/></telecom><telecom><system value="email"/><value value="digitalhealth@intrahealth.org"/></telecom></contact><contact><name value="Digital Health Team"/><telecom><system value="email"/><value value="digitalhealth@intrahealth.org"/><use value="work"/></telecom></contact><description value="Model definition for the FHIR R4 (v4.0.1) Model"/><approvalDate value="2021-03-12"/><lastReviewDate value="2021-03-12"/><topic><text value="FHIR"/></topic><topic><text value="CQL"/></topic><content><contentType value="application/xml"/><data/><url value="https://github.com/cqframework/clinical_quality_language/blob/master/Src/java/quick/src/main/resources/org/hl7/fhir/fhir-modelinfo-4.0.1.xml"/></content></Library>