<?xml version="1.0" encoding="UTF-8"?><Library xmlns="http://hl7.org/fhir"><id value="HIVIndicators"/><url value="https://intrahealth.github.io/simple-hiv-ig/Library/HIVIndicators"/><version value="0.1.0"/><name value="HIVIndicators"/><title value="HIVIndicators"/><status value="draft"/><experimental value="true"/><type><coding><system value="http://terminology.hl7.org/CodeSystem/library-type"/><code value="logic-library"/></coding></type><date value="2022-01-10T17:42:34+00:00"/><publisher value="IntraHealth International"/><contact><telecom><system value="url"/><value value="http://hl7.org/Special/committees/[something]"/></telecom></contact><description value="HIVIndicators"/></Library>