<?xml version="1.0" encoding="UTF-8"?><Library xmlns="http://hl7.org/fhir"><id value="AgeRanges"/><url value="https://intrahealth.github.io/simple-hiv-ig/Library/AgeRanges"/><identifier><system value="https://intrahealth.github.io/simple-hiv-ig/Library"/><value value="AgeRanges"/></identifier><version value="0.1.0"/><status value="draft"/><experimental value="true"/><type><coding><code value="logic-library"/></coding></type><date value="2021-07-19T13:02:40+00:00"/><publisher value="IntraHealth International"/><contact><telecom><system value="url"/><value value="http://hl7.org/Special/committees/[something]"/></telecom></contact><relatedArtifact><type value="depends-on"/><resource value="http://hl7.org/fhir/Library/FHIR-ModelInfo|4.0.1"/></relatedArtifact><relatedArtifact><type value="depends-on"/><resource value="http://hl7.org/fhir/Library/FHIRHelpers|4.0.1"/></relatedArtifact><relatedArtifact><type value="depends-on"/><resource value="http://ohie.org/CodeSystem/iso-8601-derived-periods"/></relatedArtifact><parameter><name value="Measurement Period"/><use value="in"/><min value="0"/><max value="1"/><type value="Period"/></parameter><parameter><name value="Patient"/><use value="out"/><min value="0"/><max value="1"/><type value="Patient"/></parameter><parameter><name value="Age Group"/><use value="out"/><min value="0"/><max value="1"/><type value="Coding"/></parameter><parameter><name value="Patient0To5AndFemale"/><use value="out"/><min value="0"/><max value="1"/><type value="boolean"/></parameter><parameter><name value="Patient5To15AndFemale"/><use value="out"/><min value="0"/><max value="1"/><type value="boolean"/></parameter><parameter><name value="Patient15To25AndFemale"/><use value="out"/><min value="0"/><max value="1"/><type value="boolean"/></parameter><parameter><name value="Patient25To50AndFemale"/><use value="out"/><min value="0"/><max value="1"/><type value="boolean"/></parameter><parameter><name value="Patient50To65AndFemale"/><use value="out"/><min value="0"/><max value="1"/><type value="boolean"/></parameter><parameter><name value="Patient65ToHighestAndFemale"/><use value="out"/><min value="0"/><max value="1"/><type value="boolean"/></parameter><parameter><name value="Patient0To5AndMale"/><use value="out"/><min value="0"/><max value="1"/><type value="boolean"/></parameter><parameter><name value="Patient5To15AndMale"/><use value="out"/><min value="0"/><max value="1"/><type value="boolean"/></parameter><parameter><name value="Patient15To25AndMale"/><use value="out"/><min value="0"/><max value="1"/><type value="boolean"/></parameter><parameter><name value="Patient25To50AndMale"/><use value="out"/><min value="0"/><max value="1"/><type value="boolean"/></parameter><parameter><name value="Patient50To65AndMale"/><use value="out"/><min value="0"/><max value="1"/><type value="boolean"/></parameter><parameter><name value="Patient65ToHighestAndMale"/><use value="out"/><min value="0"/><max value="1"/><type value="boolean"/></parameter><content><contentType value="text/cql"/><data/></content><content><contentType value="application/elm+xml"/><data/></content><content><contentType value="application/elm+json"/><data/></content></Library>