<?xml version="1.0" encoding="UTF-8"?><Library xmlns="http://hl7.org/fhir"><id value="ANC"/><url value="https://intrahealth.github.io/simple-hiv-ig/Library/ANC"/><version value="0.1.0"/><name value="ANC"/><title value="ANC"/><status value="draft"/><experimental value="true"/><type><coding><system value="http://terminology.hl7.org/CodeSystem/library-type"/><code value="logic-library"/></coding></type><date value="2022-01-11T19:35:20+00:00"/><publisher value="IntraHealth International"/><contact><telecom><system value="url"/><value value="http://hl7.org/Special/committees/[something]"/></telecom></contact><description value="ANC"/></Library>