<?xml version="1.0" encoding="UTF-8"?><Library xmlns="http://hl7.org/fhir"><id value="HIVSimpleGender"/><url value="https://github.com/intrahealth/simple-hiv-ig/Library/HIVSimpleGender"/><version value="0.1.0"/><name value="HIVSimpleGender"/><title value="HIVSimpleGender"/><status value="active"/><experimental value="true"/><type><coding><system value="http://terminology.hl7.org/CodeSystem/library-type"/><code value="logic-library"/></coding></type><date value="2021-06-29T01:19:24+00:00"/><publisher value="IntraHealth International"/><contact><telecom><system value="url"/><value value="http://hl7.org/Special/committees/[something]"/></telecom></contact><content><contentType value="text/cql"/><data/></content><content><contentType value="application/elm+xml"/></content></Library>