<?xml version="1.0" encoding="UTF-8"?><Library xmlns="http://hl7.org/fhir"><id value="KitchenSink"/><url value="https://intrahealth.github.io/simple-hiv-ig/Library/KitchenSink"/><version value="0.1.0"/><name value="KitchenSink"/><status value="draft"/><experimental value="true"/><type><coding><system value="http://terminology.hl7.org/CodeSystem/library-type"/><code value="logic-library"/></coding></type><date value="2021-08-11T00:18:37+00:00"/><publisher value="Digital Health Team"/><contact><name value="Digital Health Team"/><telecom><system value="url"/><value value="https://www.intrahealth.org"/></telecom><telecom><system value="email"/><value value="digitalhealth@intrahealth.org"/></telecom></contact><contact><name value="Digital Health Team"/><telecom><system value="email"/><value value="digitalhealth@intrahealth.org"/><use value="work"/></telecom></contact><relatedArtifact><type value="depends-on"/><resource value="http://hl7.org/fhir/Library/FHIR-ModelInfo|4.0.1"/></relatedArtifact><relatedArtifact><type value="depends-on"/><resource value="http://hl7.org/fhir/Library/FHIRHelpers|4.0.1"/></relatedArtifact><relatedArtifact><type value="depends-on"/><resource value="https://intrahealth.github.io/simple-hiv-ig/Library/FHIRCommon|4.0.1"/></relatedArtifact><relatedArtifact><type value="depends-on"/><resource value="https://intrahealth.github.io/simple-hiv-ig/Library/AgeRanges|0.1.0"/></relatedArtifact><relatedArtifact><type value="depends-on"/><resource value="http://snomed.info/sct|http://snomed.info/sct/900000000000207008"/></relatedArtifact><relatedArtifact><type value="depends-on"/><resource value="http://loinc.org"/></relatedArtifact><relatedArtifact><type value="depends-on"/><resource value="https://intrahealth.github.io/simple-hiv-ig/ValueSet/LocationVS"/></relatedArtifact><parameter><name value="Patient"/><use value="out"/><min value="0"/><max value="1"/><type value="Patient"/></parameter><parameter><name value="Sex"/><use value="out"/><min value="0"/><max value="1"/><type value="string"/></parameter><parameter><name value="Female"/><use value="out"/><min value="0"/><max value="1"/><type value="boolean"/></parameter><parameter><name value="Male"/><use value="out"/><min value="0"/><max value="1"/><type value="boolean"/></parameter><parameter><name value="Age Group/Sex"/><use value="out"/><min value="0"/><max value="1"/><type value="string"/></parameter><parameter><name value="Age Group"/><use value="out"/><min value="0"/><max value="1"/><type value="Coding"/></parameter><parameter><name value="Initial Population"/><use value="out"/><min value="0"/><max value="1"/><type value="boolean"/></parameter><parameter><name value="Denominator"/><use value="out"/><min value="0"/><max value="1"/><type value="boolean"/></parameter><parameter><name value="Numerator"/><use value="out"/><min value="0"/><max value="1"/><type value="boolean"/></parameter><parameter><name value="Hello, World!"/><use value="out"/><min value="0"/><max value="1"/><type value="string"/></parameter><parameter><name value="birthDate_str"/><use value="out"/><min value="0"/><max value="1"/><type value="string"/></parameter><parameter><name value="Given Name"/><use value="out"/><min value="0"/><max value="1"/><type value="string"/></parameter><parameter><name value="Family Name"/><use value="out"/><min value="0"/><max value="1"/><type value="string"/></parameter><parameter><name value="HIV Condition"/><use value="out"/><min value="0"/><max value="1"/><type value="boolean"/></parameter><parameter><name value="Is HIV Positive"/><use value="out"/><min value="0"/><max value="1"/><type value="boolean"/></parameter><parameter><name value="Is HIV Negative"/><use value="out"/><min value="0"/><max value="1"/><type value="boolean"/></parameter><parameter><name value="Pregnant"/><use value="out"/><min value="0"/><max value="1"/><type value="boolean"/></parameter><parameter><name value="Viral Load Test Result"/><use value="out"/><min value="0"/><max value="*"/><type value="Observation"/></parameter><parameter><name value="Living with HIV and on ART with suppressed viral load results (&lt;1000 copies/mL)"/><use value="out"/><min value="0"/><max value="*"/><type value="Observation"/></parameter><parameter><name value="Living with HIV and on ART with unsuppressed viral load results (&gt;1000 copies/mL)"/><use value="out"/><min value="0"/><max value="*"/><type value="Observation"/></parameter><parameter><name value="Suppressed"/><use value="out"/><min value="0"/><max value="*"/><type value="Observation"/></parameter><parameter><name value="Unsuppressed"/><use value="out"/><min value="0"/><max value="*"/><type value="Observation"/></parameter><parameter><name value="Contact date"/><use value="out"/><min value="0"/><max value="*"/><type value="dateTime"/></parameter><parameter><name value="SDE Sex"/><use value="out"/><min value="0"/><max value="1"/><type value="Coding"/></parameter><parameter><name value="Location"/><use value="out"/><min value="0"/><max value="1"/><type value="Location"/></parameter><parameter><name value="Most Recent Encounter Location Reference"/><use value="out"/><min value="0"/><max value="1"/><type value="Reference"/></parameter><parameter><name value="Location Code"/><use value="out"/><min value="0"/><max value="1"/><type value="CodeableConcept"/></parameter><parameter><name value="Location Code Deux"/><use value="out"/><min value="0"/><max value="1"/><type value="CodeableConcept"/></parameter><parameter><name value="Stratifier Has Observation with Code"/><use value="out"/><min value="0"/><max value="1"/><type value="boolean"/></parameter><parameter><name value="HIVVS_SYS_VAL"/><use value="out"/><min value="0"/><max value="1"/><type value="string"/></parameter><dataRequirement><type value="Condition"/><profile value="http://hl7.org/fhir/StructureDefinition/Condition"/><codeFilter><path value="code"/><code><system value="http://snomed.info/sct"/><version value="http://snomed.info/sct/900000000000207008"/><code value="86406008"/><display value="HIV infection"/></code></codeFilter></dataRequirement><dataRequirement><type value="Condition"/><profile value="http://hl7.org/fhir/StructureDefinition/Condition"/><codeFilter><path value="code"/><code><system value="http://snomed.info/sct"/><version value="http://snomed.info/sct/900000000000207008"/><code value="77386006"/><display value="Pregnant (finding)"/></code></codeFilter></dataRequirement><dataRequirement><type value="Observation"/><profile value="http://hl7.org/fhir/StructureDefinition/Observation"/><codeFilter><path value="code"/><code><system value="http://loinc.org"/><code value="25836-8"/><display value="HIV 1 RNA [#/volume] (viral load) in Specimen by NAA with probe detection"/></code></codeFilter></dataRequirement><dataRequirement><type value="Observation"/><profile value="http://hl7.org/fhir/StructureDefinition/Observation"/><codeFilter><path value="code"/><code><system value="http://loinc.org"/><code value="25836-8"/><display value="HIV 1 RNA [#/volume] (viral load) in Specimen by NAA with probe detection"/></code></codeFilter></dataRequirement><dataRequirement><type value="Observation"/><profile value="http://hl7.org/fhir/StructureDefinition/Observation"/><codeFilter><path value="code"/><code><system value="http://loinc.org"/><code value="25836-8"/><display value="HIV 1 RNA [#/volume] (viral load) in Specimen by NAA with probe detection"/></code></codeFilter></dataRequirement><dataRequirement><type value="Observation"/><profile value="http://hl7.org/fhir/StructureDefinition/Observation"/><codeFilter><path value="code"/><code><system value="http://loinc.org"/><code value="25836-8"/><display value="HIV 1 RNA [#/volume] (viral load) in Specimen by NAA with probe detection"/></code></codeFilter></dataRequirement><dataRequirement><type value="Observation"/><profile value="http://hl7.org/fhir/StructureDefinition/Observation"/><codeFilter><path value="code"/><code><system value="http://loinc.org"/><code value="25836-8"/><display value="HIV 1 RNA [#/volume] (viral load) in Specimen by NAA with probe detection"/></code></codeFilter></dataRequirement><dataRequirement><type value="Encounter"/><profile value="http://hl7.org/fhir/StructureDefinition/Encounter"/></dataRequirement><dataRequirement><type value="Location"/><profile value="http://hl7.org/fhir/StructureDefinition/Location"/></dataRequirement><dataRequirement><type value="Encounter"/><profile value="http://hl7.org/fhir/StructureDefinition/Encounter"/></dataRequirement><dataRequirement><type value="Encounter"/><profile value="http://hl7.org/fhir/StructureDefinition/Encounter"/></dataRequirement><dataRequirement><type value="Location"/><profile value="http://hl7.org/fhir/StructureDefinition/Location"/></dataRequirement><dataRequirement><type value="Location"/><profile value="http://hl7.org/fhir/StructureDefinition/Location"/></dataRequirement><dataRequirement><type value="Observation"/><profile value="http://hl7.org/fhir/StructureDefinition/Observation"/></dataRequirement><content><contentType value="text/cql"/><data/></content><content><contentType value="application/elm+xml"/><data/></content><content><contentType value="application/elm+json"/><data/></content></Library>