<?xml version="1.0" encoding="UTF-8"?><Measure xmlns="http://hl7.org/fhir"><id value="HIVSimpleTestResult"/><url value="https://intrahealth.github.io/simple-hiv-ig/Measure/HIVSimpleTestResult"/><identifier><system value="https://intrahealth.github.io/simple-hiv-ig/Measure/"/><value value="HIVSimpleTestResult"/></identifier><version value="0.1.0"/><name value="HIVSimpleTestResult"/><status value="draft"/><experimental value="true"/><date value="2021-07-01"/><publisher value="Digital Health Team"/><contact><name value="Digital Health Team"/><telecom><system value="url"/><value value="https://www.intrahealth.org"/></telecom><telecom><system value="email"/><value value="digitalhealth@intrahealth.org"/></telecom></contact><contact><name value="Digital Health Team"/><telecom><system value="email"/><value value="digitalhealth@intrahealth.org"/><use value="work"/></telecom></contact><library value="https://intrahealth.github.io/simple-hiv-ig/Library/KitchenSink"/><scoring><coding><system value="http://terminology.hl7.org/CodeSystem/measure-scoring"/><code value="proportion"/></coding></scoring><group><code><coding><system value="http://ohie.org/CodeSystem"/><code value="cohort"/><display value="cohort"/></coding></code><population><code><coding><system value="http://terminology.hl7.org/CodeSystem/measure-population"/><code value="initial-population"/></coding></code><description value="Initial Population"/><criteria><language value="text/cql"/><expression value="Initial Population"/></criteria></population><population><code><coding><system value="http://terminology.hl7.org/CodeSystem/measure-population"/><code value="denominator"/></coding></code><description value="Denominator"/><criteria><language value="text/cql"/><expression value="Denominator"/></criteria></population><population><code><coding><system value="http://terminology.hl7.org/CodeSystem/measure-population"/><code value="numerator"/></coding></code><description value="Numerator"/><criteria><language value="text/cql"/><expression value="Numerator"/></criteria></population></group></Measure>