<?xml version="1.0" encoding="UTF-8"?><Measure xmlns="http://hl7.org/fhir"><id value="HIVSimpleGenderSuppDataIndiv"/><url value="Measure/HIVSimpleGenderSuppDataIndiv"/><identifier><system value="http://ohie.org/Measure/"/><value value="HIVSimpleGenderSuppDataIndiv"/></identifier><version value="0.1.0"/><name value="HIVSimpleGenderSuppDataIndiv"/><title value="HIVSimpleGenderSuppDataIndiv"/><status value="draft"/><experimental value="true"/><date value="2021-03-01"/><publisher value="IntraHealth International"/><contact><telecom><system value="url"/><value value="http://hl7.org/Special/committees/[something]"/></telecom></contact><description value="HIVSimpleGenderSuppDataIndiv"/><library value="Library/HIVSimpleGender"/><scoring><coding><code value="proportion"/></coding></scoring><type><coding><code value="individual"/></coding></type><group><code><text value="cohort"/></code><description value="HIVSimpleGenderSuppDataIndiv Cohort"/><population><code><coding><system value="http://terminology.hl7.org/CodeSystem/measure-population"/><code value="initial-population"/></coding></code><description value="HIVSimpleGenderSuppDataIndiv Initial Population"/><criteria><language value="text/cql"/><expression value="Initial Population"/></criteria></population><population><code><coding><system value="http://terminology.hl7.org/CodeSystem/measure-population"/><code value="numerator"/></coding></code><description value="HIVSimpleGenderSuppDataIndiv Numerator"/><criteria><language value="text/cql"/><expression value="Numerator"/></criteria></population><population><code><coding><system value="http://terminology.hl7.org/CodeSystem/measure-population"/><code value="denominator"/></coding></code><description value="HIVSimpleGenderSuppDataIndiv Denominator"/><criteria><language value="text/cql"/><expression value="Denominator"/></criteria></population><stratifier><code><text value="supplemental-data-example-define"/></code><criteria><language value="text/cql"/><expression value="Female"/></criteria></stratifier><stratifier><code><text value="stratifier-gender"/></code><criteria><language value="text/fhirpath"/><expression value="Patient.gender"/></criteria></stratifier></group><supplementalData><code><text value="supplemental-data-example-define"/></code><criteria><language value="text/cql"/><expression value="Female"/></criteria></supplementalData></Measure>