<?xml version="1.0" encoding="UTF-8"?><Measure xmlns="http://hl7.org/fhir"><id value="HIVSimpleTestResult"/><url value="Measure/HIVSimpleTestResult"/><identifier><system value="http://ohie.org/Measure/"/><value value="HIVSimpleTestResult"/></identifier><version value="0.1.0"/><name value="HIVSimpleTestResult"/><title value="HIVSimpleTestResult"/><status value="draft"/><experimental value="true"/><date value="2021-03-01"/><publisher value="HL7 International - [Some] Work Group"/><contact><telecom><system value="url"/><value value="http://hl7.org/Special/committees/[something]"/></telecom></contact><description value="HIVSimpleTestResult"/><jurisdiction><coding><system value="http://unstats.un.org/unsd/methods/m49/m49.htm"/><code value="001"/></coding></jurisdiction><relatedArtifact><type value="derived-from"/><url value="http://wiki.ihe.net/index.php/Aggregate_Data_Exchange_-_HIV"/></relatedArtifact><library value="Library/HIVSimpleTestResult"/><scoring><coding><code value="proportion"/></coding></scoring><group><code><coding><system value="http://terminology.hl7.org/CodeSystem/measure-population"/><code value="numerator"/></coding></code><description value="HIVSimpleTestResult"/><population><code><text value="cohort"/></code><criteria><language value="text/cql-identifier"/><expression value="Numerator"/></criteria></population></group><group><code><coding><system value="http://terminology.hl7.org/CodeSystem/measure-population"/><code value="denominator"/></coding></code><description value="HIVSimpleTestResult"/><population><code><text value="cohort"/></code><criteria><language value="text/cql"/><expression value="Denominator"/></criteria></population></group></Measure>