<?xml version="1.0" encoding="UTF-8"?><Measure xmlns="http://hl7.org/fhir"><id value="HIVSimpleGender"/><url value="Measure/HIVSimpleGender"/><identifier><system value="http://ohie.org/Measure/"/><value value="HIVSimpleGender"/></identifier><version value="0.1.0"/><name value="HIVSimpleGender"/><title value="HIVSimpleGender"/><status value="draft"/><experimental value="true"/><date value="2018-03-08"/><publisher value="HL7 International - [Some] Work Group"/><contact><telecom><system value="url"/><value value="http://hl7.org/Special/committees/[something]"/></telecom></contact><description value="HIVSimpleGender"/><jurisdiction><coding><system value="http://unstats.un.org/unsd/methods/m49/m49.htm"/><code value="001"/></coding></jurisdiction><library value="Library/HIVSimpleGender"/><scoring><coding><code value="proportion"/></coding></scoring><group><code><coding><system value="http://terminology.hl7.org/CodeSystem/measure-population"/><code value="numerator"/></coding></code><description value="HIVSimpleGender numerator"/><population><code><text value="cohort"/></code><criteria><language value="text/cql-identifier"/><expression value="Numerator"/></criteria></population></group><group><code><coding><system value="http://terminology.hl7.org/CodeSystem/measure-population"/><code value="denominator"/></coding></code><description value="HIVSimpleGender denominator"/><population><code><text value="cohort"/></code><criteria><language value="text/cql"/><expression value="Denominator"/></criteria></population></group></Measure>