<?xml version="1.0" encoding="UTF-8"?><Measure xmlns="http://hl7.org/fhir"><id value="HIVSimpleGender2"/><url value="Measure/HIVSimpleGender2"/><identifier><system value="http://ohie.org/Measure/"/><value value="HIVSimpleGender2"/></identifier><version value="0.1.0"/><name value="HIVSimpleGender2"/><title value="HIVSimpleGender2"/><status value="draft"/><experimental value="true"/><date value="2021-03-01"/><publisher value="IntraHealth International"/><contact><telecom><system value="url"/><value value="http://hl7.org/Special/committees/[something]"/></telecom></contact><description value="HIVSimpleGender2"/><library value="Library/HIVSimpleGender"/><scoring><coding><code value="proportion"/></coding></scoring><type><coding><code value="process"/></coding></type><group><code><text value="cohort"/></code><description value="HIVSimpleGender2 Cohort"/><population><code><coding><system value="http://terminology.hl7.org/CodeSystem/measure-population"/><code value="initial-population"/></coding></code><description value="HIVSimpleGender2 Initial Population"/><criteria><language value="text/cql"/><expression value="Initial Population"/></criteria></population><population><code><coding><system value="http://terminology.hl7.org/CodeSystem/measure-population"/><code value="numerator"/></coding></code><description value="HIVSimpleGender2 Numerator"/><criteria><language value="text/cql"/><expression value="Numerator"/></criteria></population><population><code><coding><system value="http://terminology.hl7.org/CodeSystem/measure-population"/><code value="denominator"/></coding></code><description value="HIVSimpleGender2 Denominator"/><criteria><language value="text/cql"/><expression value="Denominator"/></criteria></population></group></Measure>