<?xml version="1.0" encoding="UTF-8"?><Measure xmlns="http://hl7.org/fhir"><id value="BlazeStratifierTest"/><url value="https://intrahealth.github.io/simple-hiv-ig/Measure/BlazeStratifierTest"/><identifier><system value="https://intrahealth.github.io/simple-hiv-ig/Measure/"/><value value="BlazeStratifierTest"/></identifier><version value="0.1.0"/><name value="BlazeStratifierTest"/><title value="BlazeStratifierTest"/><status value="draft"/><experimental value="true"/><date value="2021-07-01"/><publisher value="IntraHealth International"/><contact><telecom><system value="url"/><value value="http://hl7.org/Special/committees/[something]"/></telecom></contact><description value="BlazeStratifierTest"/><library value="https://intrahealth.github.io/simple-hiv-ig/Library/Blaze"/><scoring><coding><system value="http://terminology.hl7.org/CodeSystem/measure-scoring"/><code value="proportion"/></coding></scoring><group><code><coding><system value="https://intrahealth.github.io/simple-hiv-ig/CodeSystem/OpenHIE"/><code value="cohort"/><display value="cohort"/></coding></code><population><code><coding><system value="http://terminology.hl7.org/CodeSystem/measure-population"/><code value="initial-population"/></coding></code><description value="Initial Population"/><criteria><language value="text/cql"/><expression value="Initial Population"/></criteria></population><population><code><coding><system value="http://terminology.hl7.org/CodeSystem/measure-population"/><code value="denominator"/></coding></code><description value="Denominator"/><criteria><language value="text/cql"/><expression value="Denominator"/></criteria></population><population><code><coding><system value="http://terminology.hl7.org/CodeSystem/measure-population"/><code value="numerator"/></coding></code><description value="Numerator"/><criteria><language value="text/cql"/><expression value="Numerator"/></criteria></population><stratifier><criteria><language value="text/cql"/><expression value="Gender"/></criteria></stratifier></group></Measure>