<?xml version="1.0" encoding="UTF-8"?><Measure xmlns="http://hl7.org/fhir"><id value="HIVSimpleGenderCohort"/><url value="Measure/HIVSimpleGenderCohort"/><identifier><system value="http://ohie.org/Measure/"/><value value="HIVSimpleGenderCohort"/></identifier><version value="0.1.0"/><name value="HIVSimpleGenderCohort"/><title value="HIVSimpleGenderCohort"/><status value="draft"/><experimental value="true"/><date value="2021-03-01"/><publisher value="IntraHealth International"/><contact><telecom><system value="url"/><value value="http://hl7.org/Special/committees/[something]"/></telecom></contact><description value="HIVSimpleGenderCohort"/><library value="Library/HIVSimpleGender"/><scoring><coding><code value="cohort"/></coding></scoring><group><code><text value="HIVSimpleGenderCohort"/></code><description value="HIVSimpleGenderCohort"/><population><code><coding><system value="http://terminology.hl7.org/CodeSystem/measure-population"/><code value="initial-population"/></coding></code><description value="HIVSimpleGenderCohort Initial Population"/><criteria><language value="text/cql"/><expression value="Initial Population"/></criteria></population></group></Measure>