<?xml version="1.0" encoding="UTF-8"?><Measure xmlns="http://hl7.org/fhir"><id value="HIVSimpleAgeGroup"/><url value="Measure/HIVSimpleAgeGroup"/><identifier><system value="http://ohie.org/Measure/"/><value value="HIVSimpleAgeGroup"/></identifier><version value="0.1.0"/><name value="HIVSimpleAgeGroup"/><title value="HIVSimpleAgeGroup"/><status value="draft"/><experimental value="true"/><date value="2018-03-08"/><publisher value="HL7 International - [Some] Work Group"/><contact><telecom><system value="url"/><value value="http://hl7.org/Special/committees/[something]"/></telecom></contact><description value="HIVSimpleAgeGroup"/><jurisdiction><coding><system value="http://unstats.un.org/unsd/methods/m49/m49.htm"/><code value="001"/></coding></jurisdiction><relatedArtifact><type value="derived-from"/><url value="http://wiki.ihe.net/index.php/Aggregate_Data_Exchange_-_HIV"/></relatedArtifact><library value="Library/HIVSimpleAgeGroup"/><scoring><coding><code value="proportion"/></coding></scoring><type><coding><code value="process"/></coding></type><group><code><text value="cohort"/></code><description value="HIVSimpleAgeGroup Cohort"/><population><code><coding><system value="http://terminology.hl7.org/CodeSystem/measure-population"/><code value="initial-population"/></coding></code><description value="HIVSimpleAgeGroup Initial Population"/><criteria><language value="text/cql"/><expression value="Initial Population"/></criteria></population><population><code><coding><system value="http://terminology.hl7.org/CodeSystem/measure-population"/><code value="numerator"/></coding></code><description value="HIVSimpleAgeGroup Numerator"/><criteria><language value="text/cql"/><expression value="Numerator"/></criteria></population><population><code><coding><system value="http://terminology.hl7.org/CodeSystem/measure-population"/><code value="denominator"/></coding></code><description value="HIVSimpleAgeGroup Denominator"/><criteria><language value="text/cql"/><expression value="Denominator"/></criteria></population></group></Measure>