<?xml version="1.0" encoding="UTF-8"?><Measure xmlns="http://hl7.org/fhir"><id value="Cohort"/><url value="https://intrahealth.github.io/simple-hiv-ig/Measure/Cohort"/><identifier><system value="https://intrahealth.github.io/simple-hiv-ig/Measure/"/><value value="Cohort"/></identifier><version value="0.1.0"/><name value="Cohort"/><title value="Cohort"/><status value="draft"/><experimental value="true"/><date value="2021-07-01"/><publisher value="IntraHealth International"/><contact><telecom><system value="url"/><value value="http://hl7.org/Special/committees/[something]"/></telecom></contact><description value="Cohort"/><library value="https://intrahealth.github.io/simple-hiv-ig/Library/KitchenSink"/><scoring><coding><system value="http://terminology.hl7.org/CodeSystem/measure-scoring"/><code value="cohort"/></coding></scoring><group><code><coding><system value="https://intrahealth.github.io/simple-hiv-ig/CodeSystem/OpenHIE"/><code value="cohort"/><display value="cohort"/></coding></code><population><code><coding><system value="http://terminology.hl7.org/CodeSystem/measure-population"/><code value="initial-population"/></coding></code><description value="Initial Population"/><criteria><language value="text/cql"/><expression value="Initial Population"/></criteria></population></group></Measure>