<?xml version="1.0" encoding="UTF-8"?><Measure xmlns="http://hl7.org/fhir"><id value="HIV-TXCURR"/><url value="https://intrahealth.github.io/simple-hiv-ig/Measure/HIV-TXCURR"/><identifier><system value="https://intrahealth.github.io/simple-hiv-ig/Measure/"/><value value="HIV-TXCURR"/></identifier><identifier><system value="https://datim.org/factsinfo/mechanism"/><value value="12345"/></identifier><version value="0.1.0"/><name value="HIV-TXCURR"/><title value="HIV-TXCURR"/><status value="draft"/><experimental value="true"/><date value="2021-07-01"/><publisher value="IntraHealth International"/><contact><telecom><system value="url"/><value value="http://hl7.org/Special/committees/[something]"/></telecom></contact><description value="HIV-TXCURR"/><library value="https://intrahealth.github.io/simple-hiv-ig/Library/TXCURR"/><scoring><coding><system value="http://terminology.hl7.org/CodeSystem/measure-scoring"/><code value="cohort"/></coding></scoring><group><code><coding><system value="https://intrahealth.github.io/simple-hiv-ig/CodeSystem/OpenHIE"/><code value="cohort"/><display value="cohort"/></coding></code><population><code><coding><system value="http://terminology.hl7.org/CodeSystem/measure-population"/><code value="numerator"/></coding></code><description value="Numerator"/><criteria><language value="text/cql"/><expression value="Numerator"/></criteria></population><stratifier><criteria><language value="text/cql"/><expression value="Stratifier"/></criteria></stratifier></group></Measure>