<?xml version="1.0" encoding="UTF-8"?><Measure xmlns="http://hl7.org/fhir"><id value="HIVSimpleGenderSubjectList"/><url value="Measure/HIVSimpleGenderSubjectList"/><identifier><system value="http://ohie.org/Measure/"/><value value="HIVSimpleGenderSubjectList"/></identifier><version value="0.1.0"/><name value="HIVSimpleGenderSubjectList"/><title value="HIVSimpleGenderSubjectList"/><status value="draft"/><experimental value="true"/><date value="2021-03-01"/><publisher value="IntraHealth International"/><contact><telecom><system value="url"/><value value="http://hl7.org/Special/committees/[something]"/></telecom></contact><description value="HIVSimpleGenderSubjectList"/><library value="Library/HIVSimpleGender"/><scoring><coding><code value="cohort"/></coding></scoring><type><coding><code value="subject-list"/></coding></type><group><code><text value="HIVSimpleGenderSubjectList"/></code><description value="HIVSimpleGenderSubjectList"/><population><code><coding><system value="http://terminology.hl7.org/CodeSystem/measure-population"/><code value="initial-population"/></coding></code><description value="HIVSimpleGenderSubjectList Initial Population"/><criteria><language value="text/cql"/><expression value="Initial Population"/></criteria></population></group></Measure>