<?xml version="1.0" encoding="UTF-8"?><Measure xmlns="http://hl7.org/fhir"><id value="HIVSimpleGender-Measure"/><url value="Measure/HIVSimpleGender"/><identifier><system value="http://ohie.org/Measure/"/><value value="HIVSimpleGender"/></identifier><version value="0.1.0"/><name value="HIVSimpleGender"/><title value="HIVSimpleGender"/><status value="draft"/><experimental value="true"/><date value="2018-03-08"/><publisher value="IntraHealth International"/><contact><telecom><system value="url"/><value value="http://hl7.org/Special/committees/[something]"/></telecom></contact><description value="HIVSimpleGender"/><library value="Library/HIVSimpleGender"/><scoring><coding><code value="proportion"/></coding></scoring><type><coding><code value="process"/></coding></type><group><code><text value="cohort"/></code><description value="Cohort"/><population><code><coding><system value="http://terminology.hl7.org/CodeSystem/measure-population"/><code value="initial-population"/></coding></code><description value="Initial Population"/><criteria><language value="text/cql"/><expression value="Initial Population"/></criteria></population><population><code><coding><system value="http://terminology.hl7.org/CodeSystem/measure-population"/><code value="numerator"/></coding></code><description value="Numerator"/><criteria><language value="text/cql"/><expression value="Numerator"/></criteria></population><population><code><coding><system value="http://terminology.hl7.org/CodeSystem/measure-population"/><code value="denominator"/></coding></code><description value="Denominator"/><criteria><language value="text/cql"/><expression value="Denominator"/></criteria></population></group></Measure>