<?xml version="1.0" encoding="UTF-8"?><Measure xmlns="http://hl7.org/fhir"><id value="HIVSimpleGenderSubjectList-Measure"/><url value="Measure/HIVSimpleGenderSubjectList"/><identifier><system value="http://ohie.org/Measure/"/><value value="HIVSimpleGenderSubjectList"/></identifier><version value="0.1.0"/><status value="draft"/><experimental value="true"/><date value="2021-07-01"/><publisher value="IntraHealth International"/><contact><telecom><system value="url"/><value value="http://hl7.org/Special/committees/[something]"/></telecom></contact><library value="Library/HIVSimpleGender"/><scoring><coding><code value="cohort"/></coding></scoring><group><population><code><coding><system value="http://terminology.hl7.org/CodeSystem/measure-population"/><code value="initial-population"/></coding></code><description value="Initial Population"/><criteria><language value="text/cql"/><expression value="Initial Population"/></criteria></population></group></Measure>