<?xml version="1.0" encoding="UTF-8"?><Measure xmlns="http://hl7.org/fhir"><id value="HIV-TXPVLS"/><url value="https://intrahealth.github.io/simple-hiv-ig/Measure/HIV-TXPVLS"/><identifier><system value="https://intrahealth.github.io/simple-hiv-ig/Measure/"/><value value="HIV-TXPVLS"/></identifier><identifier><system value="https://datim.org/factsinfo/mechanism"/><value value="12345"/></identifier><version value="0.1.0"/><name value="HIV-TXPVLS"/><title value="HIV-TXPVLS"/><status value="draft"/><experimental value="true"/><date value="2021-07-01"/><publisher value="IntraHealth International"/><contact><telecom><system value="url"/><value value="http://hl7.org/Special/committees/[something]"/></telecom></contact><description value="HIV-TXPVLS"/><library value="https://intrahealth.github.io/simple-hiv-ig/Library/KitchenSink"/><scoring><coding><system value="http://terminology.hl7.org/CodeSystem/measure-scoring"/><code value="proportion"/></coding></scoring><group><code><coding><system value="https://intrahealth.github.io/simple-hiv-ig/CodeSystem/OpenHIE"/><code value="cohort"/><display value="cohort"/></coding></code><population><code><coding><system value="http://terminology.hl7.org/CodeSystem/measure-population"/><code value="initial-population"/></coding></code><description value="Initial Population"/><criteria><language value="text/cql"/><expression value="Initial Population"/></criteria></population><population><code><coding><system value="http://terminology.hl7.org/CodeSystem/measure-population"/><code value="denominator"/></coding></code><description value="Denominator"/><criteria><language value="text/cql"/><expression value="Viral Load Test Result"/></criteria></population><population><code><coding><system value="http://terminology.hl7.org/CodeSystem/measure-population"/><code value="numerator"/></coding></code><description value="Numerator"/><criteria><language value="text/cql"/><expression value="Suppressed"/></criteria></population><stratifier><criteria><language value="text/cql"/><expression value="Age Group/Sex/Location 2"/></criteria></stratifier></group></Measure>