<?xml version="1.0" encoding="UTF-8"?><Measure xmlns="http://hl7.org/fhir"><id value="HIVSimpleGenderSuppData"/><url value="Measure/HIVSimpleGenderSuppData"/><identifier><system value="http://ohie.org/Measure/"/><value value="HIVSimpleGenderSuppData"/></identifier><version value="0.1.0"/><name value="HIVSimpleGenderSuppData"/><title value="HIVSimpleGenderSuppData"/><status value="draft"/><experimental value="true"/><date value="2021-03-01"/><publisher value="IntraHealth International"/><contact><telecom><system value="url"/><value value="http://hl7.org/Special/committees/[something]"/></telecom></contact><description value="HIVSimpleGenderSuppData"/><library value="Library/HIVSimpleGender"/><scoring><coding><code value="proportion"/></coding></scoring><type><coding><code value="process"/></coding></type><group><code><text value="cohort"/></code><description value="HIVSimpleGenderSuppData Cohort"/><population><code><coding><system value="http://terminology.hl7.org/CodeSystem/measure-population"/><code value="initial-population"/></coding></code><description value="HIVSimpleGenderSuppData Initial Population"/><criteria><language value="text/cql"/><expression value="Initial Population"/></criteria></population><population><code><coding><system value="http://terminology.hl7.org/CodeSystem/measure-population"/><code value="numerator"/></coding></code><description value="HIVSimpleGenderSuppData Numerator"/><criteria><language value="text/cql"/><expression value="Numerator"/></criteria></population><population><code><coding><system value="http://terminology.hl7.org/CodeSystem/measure-population"/><code value="denominator"/></coding></code><description value="HIVSimpleGenderSuppData Denominator"/><criteria><language value="text/cql"/><expression value="Denominator"/></criteria></population></group><supplementalData><code><text value="supplemental-data-example-define"/></code><criteria><language value="text/cql"/><expression value="SDE Sex"/></criteria></supplementalData></Measure>