{
  "resourceType": "Bundle",
  "id": "HIVSimpleMeasures",
  "type": "transaction",
  "entry": [
    {
      "fullUrl": "http://www.example.org/fhir/Measure/HIVSimpleAgeGroup",
      "resource": {
        "resourceType": "Measure",
        "id": "HIVSimpleAgeGroup",
        "text": {
          "status": "generated",
          "div": "<div xmlns=\"http://www.w3.org/1999/xhtml\"><p><b>Generated Narrative</b></p><p><b>url</b>: <code>https://intrahealth.github.io/simple-hiv-ig/Measure/HIVSimpleAgeGroup</code></p><p><b>identifier</b>: id: HIVSimpleAgeGroup</p><p><b>version</b>: 0.0.0</p><p><b>status</b>: draft</p><p><b>experimental</b>: true</p><p><b>date</b>: 2021-07-01</p><p><b>publisher</b>: OpenHIE</p><p><b>library</b>: <a href=\"https://intrahealth.github.io/simple-hiv-ig/Library/KitchenSink\">https://intrahealth.github.io/simple-hiv-ig/Library/KitchenSink</a></p><p><b>scoring</b>: <span title=\"Codes: {http://terminology.hl7.org/CodeSystem/measure-scoring proportion}\">Proportion</span></p><blockquote><p><b>group</b></p><p><b>code</b>: <span title=\"Codes: {http://ohie.org/CodeSystem cohort}\">cohort</span></p><blockquote><p><b>population</b></p><p><b>code</b>: <span title=\"Codes: {http://terminology.hl7.org/CodeSystem/measure-population initial-population}\">Initial Population</span></p><p><b>description</b>: Initial Population</p></blockquote><blockquote><p><b>stratifier</b></p></blockquote></blockquote><blockquote><p><b>group</b></p><p><b>code</b>: <span title=\"Codes: {http://ohie.org/CodeSystem cohort}\">cohort</span></p><blockquote><p><b>population</b></p><p><b>code</b>: <span title=\"Codes: {http://terminology.hl7.org/CodeSystem/measure-population denominator}\">Denominator</span></p><p><b>description</b>: Denominator</p></blockquote><blockquote><p><b>stratifier</b></p></blockquote></blockquote><blockquote><p><b>group</b></p><p><b>code</b>: <span title=\"Codes: {http://ohie.org/CodeSystem cohort}\">cohort</span></p><blockquote><p><b>population</b></p><p><b>code</b>: <span title=\"Codes: {http://terminology.hl7.org/CodeSystem/measure-population numerator}\">Numerator</span></p><p><b>description</b>: Numerator</p></blockquote><blockquote><p><b>stratifier</b></p></blockquote></blockquote></div>"
        },
        "url": "https://intrahealth.github.io/simple-hiv-ig/Measure/HIVSimpleAgeGroup",
        "identifier": [
          {
            "system": "https://intrahealth.github.io/simple-hiv-ig/Measure/",
            "value": "HIVSimpleAgeGroup"
          }
        ],
        "version": "0.0.0",
        "status": "draft",
        "experimental": true,
        "date": "2021-07-01",
        "publisher": "OpenHIE",
        "library": [
          "https://intrahealth.github.io/simple-hiv-ig/Library/KitchenSink"
        ],
        "scoring": {
          "coding": [
            {
              "system": "http://terminology.hl7.org/CodeSystem/measure-scoring",
              "code": "proportion"
            }
          ]
        },
        "group": [
          {
            "code": {
              "coding": [
                {
                  "system": "http://ohie.org/CodeSystem",
                  "code": "cohort",
                  "display": "cohort"
                }
              ]
            },
            "population": [
              {
                "code": {
                  "coding": [
                    {
                      "system": "http://terminology.hl7.org/CodeSystem/measure-population",
                      "code": "initial-population"
                    }
                  ]
                },
                "description": "Initial Population",
                "criteria": {
                  "language": "text/cql",
                  "expression": "Initial Population"
                }
              }
            ],
            "stratifier": [
              {
                "criteria": {
                  "language": "text/cql",
                  "expression": "Age Group"
                }
              }
            ]
          },
          {
            "code": {
              "coding": [
                {
                  "system": "http://ohie.org/CodeSystem",
                  "code": "cohort",
                  "display": "cohort"
                }
              ]
            },
            "population": [
              {
                "code": {
                  "coding": [
                    {
                      "system": "http://terminology.hl7.org/CodeSystem/measure-population",
                      "code": "denominator"
                    }
                  ]
                },
                "description": "Denominator",
                "criteria": {
                  "language": "text/cql",
                  "expression": "Denominator"
                }
              }
            ],
            "stratifier": [
              {
                "criteria": {
                  "language": "text/cql",
                  "expression": "Age Group"
                }
              }
            ]
          },
          {
            "code": {
              "coding": [
                {
                  "system": "http://ohie.org/CodeSystem",
                  "code": "cohort",
                  "display": "cohort"
                }
              ]
            },
            "population": [
              {
                "code": {
                  "coding": [
                    {
                      "system": "http://terminology.hl7.org/CodeSystem/measure-population",
                      "code": "numerator"
                    }
                  ]
                },
                "description": "Numerator",
                "criteria": {
                  "language": "text/cql",
                  "expression": "Numerator"
                }
              }
            ],
            "stratifier": [
              {
                "criteria": {
                  "language": "text/cql",
                  "expression": "Age Group"
                }
              }
            ]
          }
        ]
      },
      "request": {
        "method": "PUT",
        "url": "Measure"
      }
    },
    {
      "fullUrl": "http://www.example.org/fhir/Measure/HIVSimpleCondition",
      "resource": {
        "resourceType": "Measure",
        "id": "HIVSimpleCondition",
        "text": {
          "status": "generated",
          "div": "<div xmlns=\"http://www.w3.org/1999/xhtml\"><p><b>Generated Narrative</b></p><p><b>url</b>: <code>https://intrahealth.github.io/simple-hiv-ig/Measure/HIVSimpleCondition</code></p><p><b>identifier</b>: id: HIVSimpleCondition</p><p><b>version</b>: 0.0.0</p><p><b>status</b>: draft</p><p><b>experimental</b>: true</p><p><b>date</b>: 2021-07-01</p><p><b>publisher</b>: OpenHIE</p><p><b>library</b>: <a href=\"https://intrahealth.github.io/simple-hiv-ig/Library/KitchenSink\">https://intrahealth.github.io/simple-hiv-ig/Library/KitchenSink</a></p><p><b>scoring</b>: <span title=\"Codes: {http://terminology.hl7.org/CodeSystem/measure-scoring proportion}\">Proportion</span></p><blockquote><p><b>group</b></p><p><b>code</b>: <span title=\"Codes: {http://ohie.org/CodeSystem cohort}\">cohort</span></p><blockquote><p><b>population</b></p><p><b>code</b>: <span title=\"Codes: {http://terminology.hl7.org/CodeSystem/measure-population initial-population}\">Initial Population</span></p><p><b>description</b>: Initial Population</p></blockquote><blockquote><p><b>population</b></p><p><b>code</b>: <span title=\"Codes: {http://terminology.hl7.org/CodeSystem/measure-population denominator}\">Denominator</span></p><p><b>description</b>: Denominator</p></blockquote><blockquote><p><b>population</b></p><p><b>code</b>: <span title=\"Codes: {http://terminology.hl7.org/CodeSystem/measure-population numerator}\">Numerator</span></p><p><b>description</b>: Numerator</p></blockquote><blockquote><p><b>stratifier</b></p></blockquote></blockquote></div>"
        },
        "url": "https://intrahealth.github.io/simple-hiv-ig/Measure/HIVSimpleCondition",
        "identifier": [
          {
            "system": "https://intrahealth.github.io/simple-hiv-ig/Measure/",
            "value": "HIVSimpleCondition"
          }
        ],
        "version": "0.0.0",
        "status": "draft",
        "experimental": true,
        "date": "2021-07-01",
        "publisher": "OpenHIE",
        "library": [
          "https://intrahealth.github.io/simple-hiv-ig/Library/KitchenSink"
        ],
        "scoring": {
          "coding": [
            {
              "system": "http://terminology.hl7.org/CodeSystem/measure-scoring",
              "code": "proportion"
            }
          ]
        },
        "group": [
          {
            "code": {
              "coding": [
                {
                  "system": "http://ohie.org/CodeSystem",
                  "code": "cohort",
                  "display": "cohort"
                }
              ]
            },
            "population": [
              {
                "code": {
                  "coding": [
                    {
                      "system": "http://terminology.hl7.org/CodeSystem/measure-population",
                      "code": "initial-population"
                    }
                  ]
                },
                "description": "Initial Population",
                "criteria": {
                  "language": "text/cql",
                  "expression": "Initial Population"
                }
              },
              {
                "code": {
                  "coding": [
                    {
                      "system": "http://terminology.hl7.org/CodeSystem/measure-population",
                      "code": "denominator"
                    }
                  ]
                },
                "description": "Denominator",
                "criteria": {
                  "language": "text/cql",
                  "expression": "Denominator"
                }
              },
              {
                "code": {
                  "coding": [
                    {
                      "system": "http://terminology.hl7.org/CodeSystem/measure-population",
                      "code": "numerator"
                    }
                  ]
                },
                "description": "Numerator",
                "criteria": {
                  "language": "text/cql",
                  "expression": "Numerator"
                }
              }
            ],
            "stratifier": [
              {
                "criteria": {
                  "language": "text/cql",
                  "expression": "Age Group"
                }
              }
            ]
          }
        ]
      },
      "request": {
        "method": "PUT",
        "url": "Measure"
      }
    },
    {
      "fullUrl": "http://www.example.org/fhir/Measure/HIVSimpleGender",
      "resource": {
        "resourceType": "Measure",
        "id": "HIVSimpleGender",
        "text": {
          "status": "generated",
          "div": "<div xmlns=\"http://www.w3.org/1999/xhtml\"><p><b>Generated Narrative</b></p><p><b>url</b>: <code>https://intrahealth.github.io/simple-hiv-ig/Measure/HIVSimpleGender</code></p><p><b>identifier</b>: id: HIVSimpleGender</p><p><b>version</b>: 0.0.0</p><p><b>status</b>: draft</p><p><b>experimental</b>: true</p><p><b>date</b>: 2021-07-01</p><p><b>publisher</b>: OpenHIE</p><p><b>library</b>: <a href=\"https://intrahealth.github.io/simple-hiv-ig/Library/KitchenSink\">https://intrahealth.github.io/simple-hiv-ig/Library/KitchenSink</a></p><p><b>scoring</b>: <span title=\"Codes: {http://terminology.hl7.org/CodeSystem/measure-scoring proportion}\">Proportion</span></p><blockquote><p><b>group</b></p><p><b>code</b>: <span title=\"Codes: {http://ohie.org/CodeSystem cohort}\">cohort</span></p><blockquote><p><b>population</b></p><p><b>code</b>: <span title=\"Codes: {http://terminology.hl7.org/CodeSystem/measure-population initial-population}\">Initial Population</span></p><p><b>description</b>: Initial Population</p></blockquote><blockquote><p><b>population</b></p><p><b>code</b>: <span title=\"Codes: {http://terminology.hl7.org/CodeSystem/measure-population denominator}\">Denominator</span></p><p><b>description</b>: Denominator</p></blockquote><blockquote><p><b>population</b></p><p><b>code</b>: <span title=\"Codes: {http://terminology.hl7.org/CodeSystem/measure-population numerator}\">Numerator</span></p><p><b>description</b>: Numerator</p></blockquote></blockquote></div>"
        },
        "url": "https://intrahealth.github.io/simple-hiv-ig/Measure/HIVSimpleGender",
        "identifier": [
          {
            "system": "https://intrahealth.github.io/simple-hiv-ig/Measure/",
            "value": "HIVSimpleGender"
          }
        ],
        "version": "0.0.0",
        "status": "draft",
        "experimental": true,
        "date": "2021-07-01",
        "publisher": "OpenHIE",
        "library": [
          "https://intrahealth.github.io/simple-hiv-ig/Library/KitchenSink"
        ],
        "scoring": {
          "coding": [
            {
              "system": "http://terminology.hl7.org/CodeSystem/measure-scoring",
              "code": "proportion"
            }
          ]
        },
        "group": [
          {
            "code": {
              "coding": [
                {
                  "system": "http://ohie.org/CodeSystem",
                  "code": "cohort",
                  "display": "cohort"
                }
              ]
            },
            "population": [
              {
                "code": {
                  "coding": [
                    {
                      "system": "http://terminology.hl7.org/CodeSystem/measure-population",
                      "code": "initial-population"
                    }
                  ]
                },
                "description": "Initial Population",
                "criteria": {
                  "language": "text/cql",
                  "expression": "Initial Population"
                }
              },
              {
                "code": {
                  "coding": [
                    {
                      "system": "http://terminology.hl7.org/CodeSystem/measure-population",
                      "code": "denominator"
                    }
                  ]
                },
                "description": "Denominator",
                "criteria": {
                  "language": "text/cql",
                  "expression": "Denominator"
                }
              },
              {
                "code": {
                  "coding": [
                    {
                      "system": "http://terminology.hl7.org/CodeSystem/measure-population",
                      "code": "numerator"
                    }
                  ]
                },
                "description": "Numerator",
                "criteria": {
                  "language": "text/cql",
                  "expression": "Numerator"
                }
              }
            ]
          }
        ]
      },
      "request": {
        "method": "PUT",
        "url": "Measure"
      }
    },
    {
      "fullUrl": "http://www.example.org/fhir/Measure/HIVSimpleGenderCohort",
      "resource": {
        "resourceType": "Measure",
        "id": "HIVSimpleGenderCohort",
        "text": {
          "status": "generated",
          "div": "<div xmlns=\"http://www.w3.org/1999/xhtml\"><p><b>Generated Narrative</b></p><p><b>url</b>: <code>https://intrahealth.github.io/simple-hiv-ig/Measure/HIVSimpleGenderCohort</code></p><p><b>identifier</b>: id: HIVSimpleGenderCohort</p><p><b>version</b>: 0.0.0</p><p><b>status</b>: draft</p><p><b>experimental</b>: true</p><p><b>date</b>: 2021-07-01</p><p><b>publisher</b>: OpenHIE</p><p><b>library</b>: <a href=\"https://intrahealth.github.io/simple-hiv-ig/Library/KitchenSink\">https://intrahealth.github.io/simple-hiv-ig/Library/KitchenSink</a></p><p><b>scoring</b>: <span title=\"Codes: {http://terminology.hl7.org/CodeSystem/measure-scoring cohort}\">Cohort</span></p><blockquote><p><b>group</b></p><p><b>code</b>: <span title=\"Codes: {http://ohie.org/CodeSystem cohort}\">cohort</span></p><blockquote><p><b>population</b></p><p><b>code</b>: <span title=\"Codes: {http://terminology.hl7.org/CodeSystem/measure-population initial-population}\">Initial Population</span></p><p><b>description</b>: Initial Population</p></blockquote></blockquote></div>"
        },
        "url": "https://intrahealth.github.io/simple-hiv-ig/Measure/HIVSimpleGenderCohort",
        "identifier": [
          {
            "system": "https://intrahealth.github.io/simple-hiv-ig/Measure/",
            "value": "HIVSimpleGenderCohort"
          }
        ],
        "version": "0.0.0",
        "status": "draft",
        "experimental": true,
        "date": "2021-07-01",
        "publisher": "OpenHIE",
        "library": [
          "https://intrahealth.github.io/simple-hiv-ig/Library/KitchenSink"
        ],
        "scoring": {
          "coding": [
            {
              "system": "http://terminology.hl7.org/CodeSystem/measure-scoring",
              "code": "cohort"
            }
          ]
        },
        "group": [
          {
            "code": {
              "coding": [
                {
                  "system": "http://ohie.org/CodeSystem",
                  "code": "cohort",
                  "display": "cohort"
                }
              ]
            },
            "population": [
              {
                "code": {
                  "coding": [
                    {
                      "system": "http://terminology.hl7.org/CodeSystem/measure-population",
                      "code": "initial-population"
                    }
                  ]
                },
                "description": "Initial Population",
                "criteria": {
                  "language": "text/cql",
                  "expression": "Initial Population"
                }
              }
            ]
          }
        ]
      },
      "request": {
        "method": "PUT",
        "url": "Measure"
      }
    },
    {
      "fullUrl": "http://www.example.org/fhir/Measure/HIVSimpleGenderSubjectList",
      "resource": {
        "resourceType": "Measure",
        "id": "HIVSimpleGenderSubjectList",
        "text": {
          "status": "generated",
          "div": "<div xmlns=\"http://www.w3.org/1999/xhtml\"><p><b>Generated Narrative</b></p><p><b>url</b>: <code>https://intrahealth.github.io/simple-hiv-ig/Measure/HIVSimpleGenderSubjectList</code></p><p><b>identifier</b>: id: HIVSimpleGenderSubjectList</p><p><b>version</b>: 0.0.0</p><p><b>status</b>: draft</p><p><b>experimental</b>: true</p><p><b>date</b>: 2021-07-01</p><p><b>publisher</b>: OpenHIE</p><p><b>library</b>: <a href=\"https://intrahealth.github.io/simple-hiv-ig/Library/KitchenSink\">https://intrahealth.github.io/simple-hiv-ig/Library/KitchenSink</a></p><p><b>scoring</b>: <span title=\"Codes: {http://terminology.hl7.org/CodeSystem/measure-scoring cohort}\">Cohort</span></p><blockquote><p><b>group</b></p><p><b>code</b>: <span title=\"Codes: {http://ohie.org/CodeSystem cohort}\">cohort</span></p><blockquote><p><b>population</b></p><p><b>code</b>: <span title=\"Codes: {http://terminology.hl7.org/CodeSystem/measure-population initial-population}\">Initial Population</span></p><p><b>description</b>: Initial Population</p></blockquote></blockquote></div>"
        },
        "url": "https://intrahealth.github.io/simple-hiv-ig/Measure/HIVSimpleGenderSubjectList",
        "identifier": [
          {
            "system": "https://intrahealth.github.io/simple-hiv-ig/Measure/",
            "value": "HIVSimpleGenderSubjectList"
          }
        ],
        "version": "0.0.0",
        "status": "draft",
        "experimental": true,
        "date": "2021-07-01",
        "publisher": "OpenHIE",
        "library": [
          "https://intrahealth.github.io/simple-hiv-ig/Library/KitchenSink"
        ],
        "scoring": {
          "coding": [
            {
              "system": "http://terminology.hl7.org/CodeSystem/measure-scoring",
              "code": "cohort"
            }
          ]
        },
        "group": [
          {
            "code": {
              "coding": [
                {
                  "system": "http://ohie.org/CodeSystem",
                  "code": "cohort",
                  "display": "cohort"
                }
              ]
            },
            "population": [
              {
                "code": {
                  "coding": [
                    {
                      "system": "http://terminology.hl7.org/CodeSystem/measure-population",
                      "code": "initial-population"
                    }
                  ]
                },
                "description": "Initial Population",
                "criteria": {
                  "language": "text/cql",
                  "expression": "Initial Population"
                }
              }
            ]
          }
        ]
      },
      "request": {
        "method": "PUT",
        "url": "Measure"
      }
    },
    {
      "fullUrl": "http://www.example.org/fhir/Measure/HIVSimpleGenderSuppData",
      "resource": {
        "resourceType": "Measure",
        "id": "HIVSimpleGenderSuppData",
        "text": {
          "status": "generated",
          "div": "<div xmlns=\"http://www.w3.org/1999/xhtml\"><p><b>Generated Narrative</b></p><p><b>url</b>: <code>https://intrahealth.github.io/simple-hiv-ig/Measure/HIVSimpleGenderSuppData</code></p><p><b>identifier</b>: id: HIVSimpleGenderSuppData</p><p><b>version</b>: 0.0.0</p><p><b>status</b>: draft</p><p><b>experimental</b>: true</p><p><b>date</b>: 2021-07-01</p><p><b>publisher</b>: OpenHIE</p><p><b>library</b>: <a href=\"https://intrahealth.github.io/simple-hiv-ig/Library/KitchenSink\">https://intrahealth.github.io/simple-hiv-ig/Library/KitchenSink</a></p><p><b>scoring</b>: <span title=\"Codes: {http://terminology.hl7.org/CodeSystem/measure-scoring proportion}\">Proportion</span></p><blockquote><p><b>group</b></p><p><b>code</b>: <span title=\"Codes: {http://ohie.org/CodeSystem cohort}\">cohort</span></p><blockquote><p><b>population</b></p><p><b>code</b>: <span title=\"Codes: {http://terminology.hl7.org/CodeSystem/measure-population initial-population}\">Initial Population</span></p><p><b>description</b>: Initial Population</p></blockquote><blockquote><p><b>population</b></p><p><b>code</b>: <span title=\"Codes: {http://terminology.hl7.org/CodeSystem/measure-population denominator}\">Denominator</span></p><p><b>description</b>: Denominator</p></blockquote><blockquote><p><b>population</b></p><p><b>code</b>: <span title=\"Codes: {http://terminology.hl7.org/CodeSystem/measure-population numerator}\">Numerator</span></p><p><b>description</b>: Numerator</p></blockquote></blockquote><blockquote><p><b>supplementalData</b></p><p><b>code</b>: <span title=\"Codes: \">supplemental-data-example-define</span></p></blockquote></div>"
        },
        "url": "https://intrahealth.github.io/simple-hiv-ig/Measure/HIVSimpleGenderSuppData",
        "identifier": [
          {
            "system": "https://intrahealth.github.io/simple-hiv-ig/Measure/",
            "value": "HIVSimpleGenderSuppData"
          }
        ],
        "version": "0.0.0",
        "status": "draft",
        "experimental": true,
        "date": "2021-07-01",
        "publisher": "OpenHIE",
        "library": [
          "https://intrahealth.github.io/simple-hiv-ig/Library/KitchenSink"
        ],
        "scoring": {
          "coding": [
            {
              "system": "http://terminology.hl7.org/CodeSystem/measure-scoring",
              "code": "proportion"
            }
          ]
        },
        "group": [
          {
            "code": {
              "coding": [
                {
                  "system": "http://ohie.org/CodeSystem",
                  "code": "cohort",
                  "display": "cohort"
                }
              ]
            },
            "population": [
              {
                "code": {
                  "coding": [
                    {
                      "system": "http://terminology.hl7.org/CodeSystem/measure-population",
                      "code": "initial-population"
                    }
                  ]
                },
                "description": "Initial Population",
                "criteria": {
                  "language": "text/cql",
                  "expression": "Initial Population"
                }
              },
              {
                "code": {
                  "coding": [
                    {
                      "system": "http://terminology.hl7.org/CodeSystem/measure-population",
                      "code": "denominator"
                    }
                  ]
                },
                "description": "Denominator",
                "criteria": {
                  "language": "text/cql",
                  "expression": "Denominator"
                }
              },
              {
                "code": {
                  "coding": [
                    {
                      "system": "http://terminology.hl7.org/CodeSystem/measure-population",
                      "code": "numerator"
                    }
                  ]
                },
                "description": "Numerator",
                "criteria": {
                  "language": "text/cql",
                  "expression": "Numerator"
                }
              }
            ]
          }
        ],
        "supplementalData": [
          {
            "code": {
              "text": "supplemental-data-example-define"
            },
            "criteria": {
              "language": "text/cql",
              "expression": "SDE Sex"
            }
          }
        ]
      },
      "request": {
        "method": "PUT",
        "url": "Measure"
      }
    },
    {
      "fullUrl": "http://www.example.org/fhir/Measure/HIVSimpleGenderSuppDataIndiv",
      "resource": {
        "resourceType": "Measure",
        "id": "HIVSimpleGenderSuppDataIndiv",
        "text": {
          "status": "generated",
          "div": "<div xmlns=\"http://www.w3.org/1999/xhtml\"><p><b>Generated Narrative</b></p><p><b>url</b>: <code>https://intrahealth.github.io/simple-hiv-ig/Measure/HIVSimpleGenderSuppDataIndiv</code></p><p><b>identifier</b>: id: HIVSimpleGenderSuppDataIndiv</p><p><b>version</b>: 0.0.0</p><p><b>status</b>: draft</p><p><b>experimental</b>: true</p><p><b>date</b>: 2021-07-01</p><p><b>publisher</b>: OpenHIE</p><p><b>library</b>: <a href=\"https://intrahealth.github.io/simple-hiv-ig/Library/KitchenSink\">https://intrahealth.github.io/simple-hiv-ig/Library/KitchenSink</a></p><p><b>scoring</b>: <span title=\"Codes: {http://terminology.hl7.org/CodeSystem/measure-scoring proportion}\">Proportion</span></p><blockquote><p><b>group</b></p><p><b>code</b>: <span title=\"Codes: {http://ohie.org/CodeSystem cohort}\">cohort</span></p><blockquote><p><b>population</b></p><p><b>code</b>: <span title=\"Codes: {http://terminology.hl7.org/CodeSystem/measure-population initial-population}\">Initial Population</span></p><p><b>description</b>: Initial Population</p></blockquote><blockquote><p><b>population</b></p><p><b>code</b>: <span title=\"Codes: {http://terminology.hl7.org/CodeSystem/measure-population denominator}\">Denominator</span></p><p><b>description</b>: Denominator</p></blockquote><blockquote><p><b>population</b></p><p><b>code</b>: <span title=\"Codes: {http://terminology.hl7.org/CodeSystem/measure-population numerator}\">Numerator</span></p><p><b>description</b>: Numerator</p></blockquote></blockquote><blockquote><p><b>supplementalData</b></p><p><b>code</b>: <span title=\"Codes: \">supplemental-data-example-define-sex</span></p></blockquote><blockquote><p><b>supplementalData</b></p><p><b>code</b>: <span title=\"Codes: \">supplemental-data-example-define-location</span></p></blockquote></div>"
        },
        "url": "https://intrahealth.github.io/simple-hiv-ig/Measure/HIVSimpleGenderSuppDataIndiv",
        "identifier": [
          {
            "system": "https://intrahealth.github.io/simple-hiv-ig/Measure/",
            "value": "HIVSimpleGenderSuppDataIndiv"
          }
        ],
        "version": "0.0.0",
        "status": "draft",
        "experimental": true,
        "date": "2021-07-01",
        "publisher": "OpenHIE",
        "library": [
          "https://intrahealth.github.io/simple-hiv-ig/Library/KitchenSink"
        ],
        "scoring": {
          "coding": [
            {
              "system": "http://terminology.hl7.org/CodeSystem/measure-scoring",
              "code": "proportion"
            }
          ]
        },
        "group": [
          {
            "code": {
              "coding": [
                {
                  "system": "http://ohie.org/CodeSystem",
                  "code": "cohort",
                  "display": "cohort"
                }
              ]
            },
            "population": [
              {
                "code": {
                  "coding": [
                    {
                      "system": "http://terminology.hl7.org/CodeSystem/measure-population",
                      "code": "initial-population"
                    }
                  ]
                },
                "description": "Initial Population",
                "criteria": {
                  "language": "text/cql",
                  "expression": "Initial Population"
                }
              },
              {
                "code": {
                  "coding": [
                    {
                      "system": "http://terminology.hl7.org/CodeSystem/measure-population",
                      "code": "denominator"
                    }
                  ]
                },
                "description": "Denominator",
                "criteria": {
                  "language": "text/cql",
                  "expression": "Denominator"
                }
              },
              {
                "code": {
                  "coding": [
                    {
                      "system": "http://terminology.hl7.org/CodeSystem/measure-population",
                      "code": "numerator"
                    }
                  ]
                },
                "description": "Numerator",
                "criteria": {
                  "language": "text/cql",
                  "expression": "Numerator"
                }
              }
            ]
          }
        ],
        "supplementalData": [
          {
            "code": {
              "text": "supplemental-data-example-define-sex"
            },
            "criteria": {
              "language": "text/cql",
              "expression": "SDE Sex"
            }
          },
          {
            "code": {
              "text": "supplemental-data-example-define-location"
            },
            "criteria": {
              "language": "text/cql",
              "expression": "SDE Location"
            }
          }
        ]
      },
      "request": {
        "method": "PUT",
        "url": "Measure"
      }
    },
    {
      "fullUrl": "http://www.example.org/fhir/Measure/HIVSimpleTestResult",
      "resource": {
        "resourceType": "Measure",
        "id": "HIVSimpleTestResult",
        "text": {
          "status": "generated",
          "div": "<div xmlns=\"http://www.w3.org/1999/xhtml\"><p><b>Generated Narrative</b></p><p><b>url</b>: <code>https://intrahealth.github.io/simple-hiv-ig/Measure/HIVSimpleTestResult</code></p><p><b>identifier</b>: id: HIVSimpleTestResult</p><p><b>version</b>: 0.0.0</p><p><b>status</b>: draft</p><p><b>experimental</b>: true</p><p><b>date</b>: 2021-07-01</p><p><b>publisher</b>: OpenHIE</p><p><b>library</b>: <a href=\"https://intrahealth.github.io/simple-hiv-ig/Library/KitchenSink\">https://intrahealth.github.io/simple-hiv-ig/Library/KitchenSink</a></p><p><b>scoring</b>: <span title=\"Codes: {http://terminology.hl7.org/CodeSystem/measure-scoring proportion}\">Proportion</span></p><blockquote><p><b>group</b></p><p><b>code</b>: <span title=\"Codes: {http://ohie.org/CodeSystem cohort}\">cohort</span></p><blockquote><p><b>population</b></p><p><b>code</b>: <span title=\"Codes: {http://terminology.hl7.org/CodeSystem/measure-population initial-population}\">Initial Population</span></p><p><b>description</b>: Initial Population</p></blockquote><blockquote><p><b>population</b></p><p><b>code</b>: <span title=\"Codes: {http://terminology.hl7.org/CodeSystem/measure-population denominator}\">Denominator</span></p><p><b>description</b>: Denominator</p></blockquote><blockquote><p><b>population</b></p><p><b>code</b>: <span title=\"Codes: {http://terminology.hl7.org/CodeSystem/measure-population numerator}\">Numerator</span></p><p><b>description</b>: Numerator</p></blockquote></blockquote></div>"
        },
        "url": "https://intrahealth.github.io/simple-hiv-ig/Measure/HIVSimpleTestResult",
        "identifier": [
          {
            "system": "https://intrahealth.github.io/simple-hiv-ig/Measure/",
            "value": "HIVSimpleTestResult"
          }
        ],
        "version": "0.0.0",
        "status": "draft",
        "experimental": true,
        "date": "2021-07-01",
        "publisher": "OpenHIE",
        "library": [
          "https://intrahealth.github.io/simple-hiv-ig/Library/KitchenSink"
        ],
        "scoring": {
          "coding": [
            {
              "system": "http://terminology.hl7.org/CodeSystem/measure-scoring",
              "code": "proportion"
            }
          ]
        },
        "group": [
          {
            "code": {
              "coding": [
                {
                  "system": "http://ohie.org/CodeSystem",
                  "code": "cohort",
                  "display": "cohort"
                }
              ]
            },
            "population": [
              {
                "code": {
                  "coding": [
                    {
                      "system": "http://terminology.hl7.org/CodeSystem/measure-population",
                      "code": "initial-population"
                    }
                  ]
                },
                "description": "Initial Population",
                "criteria": {
                  "language": "text/cql",
                  "expression": "Initial Population"
                }
              },
              {
                "code": {
                  "coding": [
                    {
                      "system": "http://terminology.hl7.org/CodeSystem/measure-population",
                      "code": "denominator"
                    }
                  ]
                },
                "description": "Denominator",
                "criteria": {
                  "language": "text/cql",
                  "expression": "Denominator"
                }
              },
              {
                "code": {
                  "coding": [
                    {
                      "system": "http://terminology.hl7.org/CodeSystem/measure-population",
                      "code": "numerator"
                    }
                  ]
                },
                "description": "Numerator",
                "criteria": {
                  "language": "text/cql",
                  "expression": "Numerator"
                }
              }
            ]
          }
        ]
      },
      "request": {
        "method": "PUT",
        "url": "Measure"
      }
    }
  ]
}