<?xml version="1.0" encoding="UTF-8"?>

<Bundle xmlns="http://hl7.org/fhir">
  <id value="Example-Locations-Organizations"/>
  <type value="transaction"/>
  <entry>
    <fullUrl value="https://intrahealth.github.io/simple-hiv-ig/Organization/Organization-HIVSimple1"/>
    <resource>
      <Organization>
        <id value="Organization-HIVSimple1"/>
        <text>
          <status value="generated"/><div xmlns="http://www.w3.org/1999/xhtml"><p><b>Generated Narrative</b></p><div style="display: inline-block; background-color: #d9e0e7; padding: 6px; margin: 4px; border: 1px solid #8da1b4; border-radius: 5px; line-height: 60%"><p style="margin-bottom: 0px">Resource "Organization-HIVSimple1" </p></div><p><b>identifier</b>: id: Organization-HIVSimple1</p><p><b>name</b>: Organization-HIVSimple Government Hospital</p></div>
        </text>
        <identifier>
          <system value="https://github.com/synthetichealth/synthea"/>
          <value value="Organization-HIVSimple1"/>
        </identifier>
        <name value="Organization-HIVSimple Government Hospital"/>
      </Organization>
    </resource>
    <request>
      <method value="POST"/>
      <url value="Organization"/>
    </request>
  </entry>
  <entry>
    <fullUrl value="https://intrahealth.github.io/simple-hiv-ig/Organization/Organization-HIVSimple2"/>
    <resource>
      <Organization>
        <id value="Organization-HIVSimple2"/>
        <text>
          <status value="generated"/><div xmlns="http://www.w3.org/1999/xhtml"><p><b>Generated Narrative</b></p><div style="display: inline-block; background-color: #d9e0e7; padding: 6px; margin: 4px; border: 1px solid #8da1b4; border-radius: 5px; line-height: 60%"><p style="margin-bottom: 0px">Resource "Organization-HIVSimple2" </p></div><p><b>identifier</b>: id: Organization-HIVSimple2</p><p><b>name</b>: Organization-HIVSimple2 Government Hospital</p></div>
        </text>
        <identifier>
          <system value="https://github.com/synthetichealth/synthea"/>
          <value value="Organization-HIVSimple2"/>
        </identifier>
        <name value="Organization-HIVSimple2 Government Hospital"/>
      </Organization>
    </resource>
    <request>
      <method value="POST"/>
      <url value="Organization"/>
    </request>
  </entry>
  <entry>
    <fullUrl value="https://intrahealth.github.io/simple-hiv-ig/Organization/Organization-100"/>
    <resource>
      <Organization>
        <id value="Organization-100"/>
        <text>
          <status value="generated"/><div xmlns="http://www.w3.org/1999/xhtml"><p><b>Generated Narrative</b></p><div style="display: inline-block; background-color: #d9e0e7; padding: 6px; margin: 4px; border: 1px solid #8da1b4; border-radius: 5px; line-height: 60%"><p style="margin-bottom: 0px">Resource "Organization-100" </p></div><p><b>identifier</b>: id: Organization-100</p><p><b>name</b>: Organization-100 Government Hospital</p></div>
        </text>
        <identifier>
          <system value="https://github.com/synthetichealth/synthea"/>
          <value value="Organization-100"/>
        </identifier>
        <name value="Organization-100 Government Hospital"/>
      </Organization>
    </resource>
    <request>
      <method value="POST"/>
      <url value="Organization"/>
    </request>
  </entry>
  <entry>
    <fullUrl value="https://intrahealth.github.io/simple-hiv-ig/Organization/Organization-101"/>
    <resource>
      <Organization>
        <id value="Organization-101"/>
        <text>
          <status value="generated"/><div xmlns="http://www.w3.org/1999/xhtml"><p><b>Generated Narrative</b></p><div style="display: inline-block; background-color: #d9e0e7; padding: 6px; margin: 4px; border: 1px solid #8da1b4; border-radius: 5px; line-height: 60%"><p style="margin-bottom: 0px">Resource "Organization-101" </p></div><p><b>identifier</b>: id: Organization-101</p><p><b>name</b>: Organization-101 Government Hospital</p></div>
        </text>
        <identifier>
          <system value="https://github.com/synthetichealth/synthea"/>
          <value value="Organization-101"/>
        </identifier>
        <name value="Organization-101 Government Hospital"/>
      </Organization>
    </resource>
    <request>
      <method value="POST"/>
      <url value="Organization"/>
    </request>
  </entry>
  <entry>
    <fullUrl value="https://intrahealth.github.io/simple-hiv-ig/Organization/Organization-102"/>
    <resource>
      <Organization>
        <id value="Organization-102"/>
        <text>
          <status value="generated"/><div xmlns="http://www.w3.org/1999/xhtml"><p><b>Generated Narrative</b></p><div style="display: inline-block; background-color: #d9e0e7; padding: 6px; margin: 4px; border: 1px solid #8da1b4; border-radius: 5px; line-height: 60%"><p style="margin-bottom: 0px">Resource "Organization-102" </p></div><p><b>identifier</b>: id: Organization-102</p><p><b>name</b>: Organization-102 Government Hospital</p></div>
        </text>
        <identifier>
          <system value="https://github.com/synthetichealth/synthea"/>
          <value value="Organization-102"/>
        </identifier>
        <name value="Organization-102 Government Hospital"/>
      </Organization>
    </resource>
    <request>
      <method value="POST"/>
      <url value="Organization"/>
    </request>
  </entry>
  <entry>
    <fullUrl value="https://intrahealth.github.io/simple-hiv-ig/Organization/IntraHealth"/>
    <resource>
      <Organization>
        <id value="IntraHealth"/>
        <text>
          <status value="generated"/><div xmlns="http://www.w3.org/1999/xhtml"><p><b>Generated Narrative</b></p><div style="display: inline-block; background-color: #d9e0e7; padding: 6px; margin: 4px; border: 1px solid #8da1b4; border-radius: 5px; line-height: 60%"><p style="margin-bottom: 0px">Resource "IntraHealth" </p></div><p><b>identifier</b>: id: IntraHealth</p><p><b>name</b>: IntraHealth</p></div>
        </text>
        <identifier>
          <system value="https://github.com/synthetichealth/synthea"/>
          <value value="IntraHealth"/>
        </identifier>
        <name value="IntraHealth"/>
      </Organization>
    </resource>
    <request>
      <method value="POST"/>
      <url value="Organization"/>
    </request>
  </entry>
  <entry>
    <fullUrl value="https://intrahealth.github.io/simple-hiv-ig/Location/Location-HIVSimple1"/>
    <resource>
      <Location>
        <id value="Location-HIVSimple1"/>
        <text>
          <status value="generated"/><div xmlns="http://www.w3.org/1999/xhtml"><p><b>Generated Narrative</b></p><div style="display: inline-block; background-color: #d9e0e7; padding: 6px; margin: 4px; border: 1px solid #8da1b4; border-radius: 5px; line-height: 60%"><p style="margin-bottom: 0px">Resource "Location-HIVSimple1" </p></div><p><b>identifier</b>: id: Location-HIVSimple1</p><p><b>managingOrganization</b>: <span></span></p></div>
        </text>
        <identifier>
          <system value="https://github.com/synthetichealth/synthea"/>
          <value value="Location-HIVSimple1"/>
        </identifier>
        <managingOrganization>
          <identifier>
            <system value="https://github.com/synthetichealth/synthea"/>
            <value value="Organization-HIVSimple1"/>
          </identifier>
        </managingOrganization>
      </Location>
    </resource>
    <request>
      <method value="POST"/>
      <url value="Location"/>
    </request>
  </entry>
  <entry>
    <fullUrl value="https://intrahealth.github.io/simple-hiv-ig/Location/Location-HIVSimple2"/>
    <resource>
      <Location>
        <id value="Location-HIVSimple2"/>
        <text>
          <status value="generated"/><div xmlns="http://www.w3.org/1999/xhtml"><p><b>Generated Narrative</b></p><div style="display: inline-block; background-color: #d9e0e7; padding: 6px; margin: 4px; border: 1px solid #8da1b4; border-radius: 5px; line-height: 60%"><p style="margin-bottom: 0px">Resource "Location-HIVSimple2" </p></div><p><b>identifier</b>: id: Location-HIVSimple2</p><p><b>managingOrganization</b>: <span></span></p></div>
        </text>
        <identifier>
          <system value="https://github.com/synthetichealth/synthea"/>
          <value value="Location-HIVSimple2"/>
        </identifier>
        <managingOrganization>
          <identifier>
            <system value="https://github.com/synthetichealth/synthea"/>
            <value value="Organization-HIVSimple2"/>
          </identifier>
        </managingOrganization>
      </Location>
    </resource>
    <request>
      <method value="POST"/>
      <url value="Location"/>
    </request>
  </entry>
  <entry>
    <fullUrl value="https://intrahealth.github.io/simple-hiv-ig/Location/Location-100"/>
    <resource>
      <Location>
        <id value="Location-100"/>
        <text>
          <status value="generated"/><div xmlns="http://www.w3.org/1999/xhtml"><p><b>Generated Narrative</b></p><div style="display: inline-block; background-color: #d9e0e7; padding: 6px; margin: 4px; border: 1px solid #8da1b4; border-radius: 5px; line-height: 60%"><p style="margin-bottom: 0px">Resource "Location-100" </p></div><p><b>identifier</b>: id: Location-100</p><p><b>managingOrganization</b>: <span></span></p></div>
        </text>
        <identifier>
          <system value="https://github.com/synthetichealth/synthea"/>
          <value value="Location-100"/>
        </identifier>
        <managingOrganization>
          <identifier>
            <system value="https://github.com/synthetichealth/synthea"/>
            <value value="Organization-100"/>
          </identifier>
        </managingOrganization>
      </Location>
    </resource>
    <request>
      <method value="POST"/>
      <url value="Location"/>
    </request>
  </entry>
  <entry>
    <fullUrl value="https://intrahealth.github.io/simple-hiv-ig/Location/Location-101"/>
    <resource>
      <Location>
        <id value="Location-101"/>
        <text>
          <status value="generated"/><div xmlns="http://www.w3.org/1999/xhtml"><p><b>Generated Narrative</b></p><div style="display: inline-block; background-color: #d9e0e7; padding: 6px; margin: 4px; border: 1px solid #8da1b4; border-radius: 5px; line-height: 60%"><p style="margin-bottom: 0px">Resource "Location-101" </p></div><p><b>identifier</b>: id: Location-101</p><p><b>managingOrganization</b>: <span></span></p></div>
        </text>
        <identifier>
          <system value="https://github.com/synthetichealth/synthea"/>
          <value value="Location-101"/>
        </identifier>
        <managingOrganization>
          <identifier>
            <system value="https://github.com/synthetichealth/synthea"/>
            <value value="Organization-101"/>
          </identifier>
        </managingOrganization>
      </Location>
    </resource>
    <request>
      <method value="POST"/>
      <url value="Location"/>
    </request>
  </entry>
  <entry>
    <fullUrl value="https://intrahealth.github.io/simple-hiv-ig/Location/Location-102"/>
    <resource>
      <Location>
        <id value="Location-102"/>
        <text>
          <status value="generated"/><div xmlns="http://www.w3.org/1999/xhtml"><p><b>Generated Narrative</b></p><div style="display: inline-block; background-color: #d9e0e7; padding: 6px; margin: 4px; border: 1px solid #8da1b4; border-radius: 5px; line-height: 60%"><p style="margin-bottom: 0px">Resource "Location-102" </p></div><p><b>identifier</b>: id: Location-102</p><p><b>managingOrganization</b>: <span></span></p></div>
        </text>
        <identifier>
          <system value="https://github.com/synthetichealth/synthea"/>
          <value value="Location-102"/>
        </identifier>
        <managingOrganization>
          <identifier>
            <system value="https://github.com/synthetichealth/synthea"/>
            <value value="Organization-102"/>
          </identifier>
        </managingOrganization>
      </Location>
    </resource>
    <request>
      <method value="POST"/>
      <url value="Location"/>
    </request>
  </entry>
</Bundle>