<?xml version="1.0" encoding="UTF-8"?>

<Bundle xmlns="http://hl7.org/fhir">
  <id value="Attribution-Bundle"/>
  <type value="transaction"/>
  <entry>
    <fullUrl value="https://intrahealth.github.io/simple-hiv-ig/Patient/Patient-HIVSimple"/>
    <resource>
      <Patient>
        <id value="Patient-HIVSimple"/>
        <text>
          <status value="generated"/><div xmlns="http://www.w3.org/1999/xhtml"><p><b>Generated Narrative</b></p><div style="display: inline-block; background-color: #d9e0e7; padding: 6px; margin: 4px; border: 1px solid #8da1b4; border-radius: 5px; line-height: 60%"><p style="margin-bottom: 0px">Resource "Patient-HIVSimple" </p></div><p><b>identifier</b>: id: 1234</p><p><b>name</b>: Mittens Cat</p><p><b>gender</b>: female</p><p><b>birthDate</b>: 1985-01-01</p></div>
        </text>
        <identifier>
          <system value="https://intrahealth.github.io/simple-hiv-ig/CodeSystem/OpenCR"/>
          <value value="1234"/>
        </identifier>
        <name>
          <text value="Mittens Cat"/>
          <family value="Cat"/>
          <given value="Mittens"/>
        </name>
        <gender value="female"/>
        <birthDate value="1985-01-01"/>
      </Patient>
    </resource>
    <request>
      <method value="POST"/>
      <url value="Patient"/>
    </request>
  </entry>
  <entry>
    <fullUrl value="https://intrahealth.github.io/simple-hiv-ig/Organization/Organization-HIVSimple1"/>
    <resource>
      <Organization>
        <id value="Organization-HIVSimple1"/>
        <text>
          <status value="generated"/><div xmlns="http://www.w3.org/1999/xhtml"><p><b>Generated Narrative</b></p><div style="display: inline-block; background-color: #d9e0e7; padding: 6px; margin: 4px; border: 1px solid #8da1b4; border-radius: 5px; line-height: 60%"><p style="margin-bottom: 0px">Resource "Organization-HIVSimple1" </p></div><p><b>identifier</b>: id: Organization-HIVSimple1</p><p><b>name</b>: Organization-HIVSimple Government Hospital</p></div>
        </text>
        <identifier>
          <system value="https://github.com/synthetichealth/synthea"/>
          <value value="Organization-HIVSimple1"/>
        </identifier>
        <name value="Organization-HIVSimple Government Hospital"/>
      </Organization>
    </resource>
    <request>
      <method value="POST"/>
      <url value="Organization"/>
    </request>
  </entry>
  <entry>
    <fullUrl value="https://intrahealth.github.io/simple-hiv-ig/Organization/IntraHealth"/>
    <resource>
      <Organization>
        <id value="IntraHealth"/>
        <text>
          <status value="generated"/><div xmlns="http://www.w3.org/1999/xhtml"><p><b>Generated Narrative</b></p><div style="display: inline-block; background-color: #d9e0e7; padding: 6px; margin: 4px; border: 1px solid #8da1b4; border-radius: 5px; line-height: 60%"><p style="margin-bottom: 0px">Resource "IntraHealth" </p></div><p><b>identifier</b>: id: IntraHealth</p><p><b>name</b>: IntraHealth</p></div>
        </text>
        <identifier>
          <system value="https://github.com/synthetichealth/synthea"/>
          <value value="IntraHealth"/>
        </identifier>
        <name value="IntraHealth"/>
      </Organization>
    </resource>
    <request>
      <method value="POST"/>
      <url value="Organization"/>
    </request>
  </entry>
  <entry>
    <fullUrl value="https://intrahealth.github.io/simple-hiv-ig/Location/Location-HIVSimple1"/>
    <resource>
      <Location>
        <id value="Location-HIVSimple1"/>
        <text>
          <status value="generated"/><div xmlns="http://www.w3.org/1999/xhtml"><p><b>Generated Narrative</b></p><div style="display: inline-block; background-color: #d9e0e7; padding: 6px; margin: 4px; border: 1px solid #8da1b4; border-radius: 5px; line-height: 60%"><p style="margin-bottom: 0px">Resource "Location-HIVSimple1" </p></div><p><b>identifier</b>: id: Location-HIVSimple1</p><p><b>managingOrganization</b>: <span></span></p></div>
        </text>
        <identifier>
          <system value="https://github.com/synthetichealth/synthea"/>
          <value value="Location-HIVSimple1"/>
        </identifier>
        <managingOrganization>
          <identifier>
            <system value="https://github.com/synthetichealth/synthea"/>
            <value value="Organization-HIVSimple1"/>
          </identifier>
        </managingOrganization>
      </Location>
    </resource>
    <request>
      <method value="POST"/>
      <url value="Location"/>
    </request>
  </entry>
  <entry>
    <fullUrl value="https://intrahealth.github.io/simple-hiv-ig/Condition/Condition-HIVSimple"/>
    <resource>
      <Condition>
        <id value="Condition-HIVSimple"/>
        <text>
          <status value="generated"/><div xmlns="http://www.w3.org/1999/xhtml"><p><b>Generated Narrative</b></p><div style="display: inline-block; background-color: #d9e0e7; padding: 6px; margin: 4px; border: 1px solid #8da1b4; border-radius: 5px; line-height: 60%"><p style="margin-bottom: 0px">Resource "Condition-HIVSimple" </p></div><p><b>clinicalStatus</b>: Active <span style="background: LightGoldenRodYellow; margin: 4px; border: 1px solid khaki"> (<a href="http://terminology.hl7.org/3.0.0/CodeSystem-condition-clinical.html">Condition Clinical Status Codes</a>#active)</span></p><p><b>verificationStatus</b>: Confirmed <span style="background: LightGoldenRodYellow; margin: 4px; border: 1px solid khaki"> (<a href="http://terminology.hl7.org/3.0.0/CodeSystem-condition-ver-status.html">ConditionVerificationStatus</a>#confirmed)</span></p><p><b>code</b>: HIV - Human immunodeficiency virus infection <span style="background: LightGoldenRodYellow; margin: 4px; border: 1px solid khaki"> (<a href="https://browser.ihtsdotools.org/">SNOMED CT</a>#86406008)</span></p><p><b>subject</b>: <a href="#Patient_Patient-HIVSimple">See above (Patient/Patient-HIVSimple)</a></p><p><b>onset</b>: 2010-01-01</p></div>
        </text>
        <clinicalStatus>
          <coding>
            <system value="http://terminology.hl7.org/CodeSystem/condition-clinical"/>
            <code value="active"/>
          </coding>
        </clinicalStatus>
        <verificationStatus>
          <coding>
            <system value="http://terminology.hl7.org/CodeSystem/condition-ver-status"/>
            <code value="confirmed"/>
          </coding>
        </verificationStatus>
        <code>
          <coding>
            <system value="http://snomed.info/sct"/>
            <code value="86406008"/>
            <display value="HIV - Human immunodeficiency virus infection"/>
          </coding>
        </code>
        <subject>
          <reference value="Patient/Patient-HIVSimple"/>
        </subject>
        <onsetDateTime value="2010-01-01"/>
      </Condition>
    </resource>
    <request>
      <method value="POST"/>
      <url value="Condition"/>
    </request>
  </entry>
  <entry>
    <fullUrl value="https://intrahealth.github.io/simple-hiv-ig/Condition/Condition-Pregnancy"/>
    <resource>
      <Condition>
        <id value="Condition-Pregnancy"/>
        <text>
          <status value="generated"/><div xmlns="http://www.w3.org/1999/xhtml"><p><b>Generated Narrative</b></p><div style="display: inline-block; background-color: #d9e0e7; padding: 6px; margin: 4px; border: 1px solid #8da1b4; border-radius: 5px; line-height: 60%"><p style="margin-bottom: 0px">Resource "Condition-Pregnancy" </p></div><p><b>clinicalStatus</b>: Inactive <span style="background: LightGoldenRodYellow; margin: 4px; border: 1px solid khaki"> (<a href="http://terminology.hl7.org/3.0.0/CodeSystem-condition-clinical.html">Condition Clinical Status Codes</a>#inactive)</span></p><p><b>verificationStatus</b>: Confirmed <span style="background: LightGoldenRodYellow; margin: 4px; border: 1px solid khaki"> (<a href="http://terminology.hl7.org/3.0.0/CodeSystem-condition-ver-status.html">ConditionVerificationStatus</a>#confirmed)</span></p><p><b>code</b>: Pregnant (finding) <span style="background: LightGoldenRodYellow; margin: 4px; border: 1px solid khaki"> (<a href="https://browser.ihtsdotools.org/">SNOMED CT</a>#77386006)</span></p><p><b>subject</b>: <a href="#Patient_Patient-HIVSimple">See above (Patient/Patient-HIVSimple)</a></p><p><b>onset</b>: 2020-01-01</p><p><b>abatement</b>: 2020-09-30</p></div>
        </text>
        <clinicalStatus>
          <coding>
            <system value="http://terminology.hl7.org/CodeSystem/condition-clinical"/>
            <code value="inactive"/>
          </coding>
        </clinicalStatus>
        <verificationStatus>
          <coding>
            <system value="http://terminology.hl7.org/CodeSystem/condition-ver-status"/>
            <code value="confirmed"/>
          </coding>
        </verificationStatus>
        <code>
          <coding>
            <system value="http://snomed.info/sct"/>
            <code value="77386006"/>
            <display value="Pregnant (finding)"/>
          </coding>
        </code>
        <subject>
          <reference value="Patient/Patient-HIVSimple"/>
        </subject>
        <onsetDateTime value="2020-01-01"/>
        <abatementDateTime value="2020-09-30"/>
      </Condition>
    </resource>
    <request>
      <method value="POST"/>
      <url value="Condition"/>
    </request>
  </entry>
  <entry>
    <fullUrl value="https://intrahealth.github.io/simple-hiv-ig/Encounter/Encounter-HIVSimple"/>
    <resource>
      <Encounter>
        <id value="Encounter-HIVSimple"/>
        <text>
          <status value="generated"/><div xmlns="http://www.w3.org/1999/xhtml"><p><b>Generated Narrative</b></p><div style="display: inline-block; background-color: #d9e0e7; padding: 6px; margin: 4px; border: 1px solid #8da1b4; border-radius: 5px; line-height: 60%"><p style="margin-bottom: 0px">Resource "Encounter-HIVSimple" </p></div><p><b>status</b>: finished</p><p><b>class</b>: inpatient acute (Details: http://terminology.hl7.org/CodeSystem/v3-ActCode code ACUTE = 'inpatient acute', stated as 'null')</p><p><b>subject</b>: <a href="#Patient_Patient-HIVSimple">See above (Patient/Patient-HIVSimple)</a></p><p><b>period</b>: 2011-01-01 --&gt; 2011-01-01</p><p><b>account</b>: <a href="#Account_Account-HIVSimple">See above (Account/Account-HIVSimple)</a></p><h3>Locations</h3><table class="grid"><tr><td>-</td><td><b>Location</b></td></tr><tr><td>*</td><td><span></span></td></tr></table><p><b>serviceProvider</b>: <span></span></p></div>
        </text>
        <status value="finished"/>
        <class>
          <system value="http://terminology.hl7.org/CodeSystem/v3-ActCode"/>
          <code value="ACUTE"/>
        </class>
        <subject>
          <reference value="Patient/Patient-HIVSimple"/>
        </subject>
        <period>
          <start value="2011-01-01"/>
          <end value="2011-01-01"/>
        </period>
        <account>
          <reference value="Account/Account-HIVSimple"/>
        </account>
        <location>
          <location>
            <identifier>
              <system value="https://github.com/synthetichealth/synthea"/>
              <value value="Location-HIVSimple1"/>
            </identifier>
          </location>
        </location>
        <serviceProvider>
          <identifier>
            <system value="https://github.com/synthetichealth/synthea"/>
            <value value="Organization-HIVSimple1"/>
          </identifier>
        </serviceProvider>
      </Encounter>
    </resource>
    <request>
      <method value="POST"/>
      <url value="Encounter"/>
    </request>
  </entry>
  <entry>
    <fullUrl value="https://intrahealth.github.io/simple-hiv-ig/DiagnosticReport/DiagnosticReport-HIVSimple"/>
    <resource>
      <DiagnosticReport>
        <id value="DiagnosticReport-HIVSimple"/>
        <text>
          <status value="generated"/><div xmlns="http://www.w3.org/1999/xhtml"><p><b>Generated Narrative</b></p><div style="display: inline-block; background-color: #d9e0e7; padding: 6px; margin: 4px; border: 1px solid #8da1b4; border-radius: 5px; line-height: 60%"><p style="margin-bottom: 0px">Resource "DiagnosticReport-HIVSimple" </p></div><p><b>status</b>: final</p><p><b>code</b>: HIV 1 and 2 tests - Meaningful Use set <span style="background: LightGoldenRodYellow; margin: 4px; border: 1px solid khaki"> (<a href="https://loinc.org/">LOINC</a>#75622-1)</span></p><p><b>subject</b>: <a href="#Patient_Patient-HIVSimple">See above (Patient/Patient-HIVSimple)</a></p><p><b>encounter</b>: <a href="#Encounter_Encounter-HIVSimple">See above (Encounter/Encounter-HIVSimple)</a></p><p><b>result</b>: <a href="#Observation_Observation-HIVSimple">See above (Observation/Observation-HIVSimple)</a></p></div>
        </text>
        <status value="final"/>
        <code>
          <coding>
            <system value="http://loinc.org"/>
            <code value="75622-1"/>
            <display value="HIV 1 and 2 tests - Meaningful Use set"/>
          </coding>
        </code>
        <subject>
          <reference value="Patient/Patient-HIVSimple"/>
        </subject>
        <encounter>
          <reference value="Encounter/Encounter-HIVSimple"/>
        </encounter>
        <result>
          <reference value="Observation/Observation-HIVSimple"/>
        </result>
      </DiagnosticReport>
    </resource>
    <request>
      <method value="POST"/>
      <url value="DiagnosticReport"/>
    </request>
  </entry>
  <entry>
    <fullUrl value="https://intrahealth.github.io/simple-hiv-ig/Observation/Observation-HIVSimple"/>
    <resource>
      <Observation>
        <id value="Observation-HIVSimple"/>
        <text>
          <status value="generated"/><div xmlns="http://www.w3.org/1999/xhtml"><p><b>Generated Narrative</b></p><div style="display: inline-block; background-color: #d9e0e7; padding: 6px; margin: 4px; border: 1px solid #8da1b4; border-radius: 5px; line-height: 60%"><p style="margin-bottom: 0px">Resource "Observation-HIVSimple" </p></div><p><b>status</b>: final</p><p><b>code</b>: HIV 1 and 2 tests - Meaningful Use set <span style="background: LightGoldenRodYellow; margin: 4px; border: 1px solid khaki"> (<a href="https://loinc.org/">LOINC</a>#75622-1)</span></p><p><b>subject</b>: <a href="#Patient_Patient-HIVSimple">See above (Patient/Patient-HIVSimple)</a></p><p><b>encounter</b>: <a href="#Encounter_Encounter-HIVSimple">See above (Encounter/Encounter-HIVSimple)</a></p><p><b>value</b>: HIV Positive <span style="background: LightGoldenRodYellow; margin: 4px; border: 1px solid khaki"> (<a href="https://browser.ihtsdotools.org/">SNOMED CT</a>#165816005)</span></p></div>
        </text>
        <status value="final"/>
        <code>
          <coding>
            <system value="http://loinc.org"/>
            <code value="75622-1"/>
            <display value="HIV 1 and 2 tests - Meaningful Use set"/>
          </coding>
        </code>
        <subject>
          <reference value="Patient/Patient-HIVSimple"/>
        </subject>
        <encounter>
          <reference value="Encounter/Encounter-HIVSimple"/>
        </encounter>
        <valueCodeableConcept>
          <coding>
            <system value="http://snomed.info/sct"/>
            <code value="165816005"/>
            <display value="HIV Positive"/>
          </coding>
        </valueCodeableConcept>
      </Observation>
    </resource>
    <request>
      <method value="POST"/>
      <url value="Observation"/>
    </request>
  </entry>
  <entry>
    <fullUrl value="https://intrahealth.github.io/simple-hiv-ig/Encounter/Encounter-ViralLoad"/>
    <resource>
      <Encounter>
        <id value="Encounter-ViralLoad"/>
        <text>
          <status value="generated"/><div xmlns="http://www.w3.org/1999/xhtml"><p><b>Generated Narrative</b></p><div style="display: inline-block; background-color: #d9e0e7; padding: 6px; margin: 4px; border: 1px solid #8da1b4; border-radius: 5px; line-height: 60%"><p style="margin-bottom: 0px">Resource "Encounter-ViralLoad" </p></div><p><b>status</b>: finished</p><p><b>class</b>: inpatient acute (Details: http://terminology.hl7.org/CodeSystem/v3-ActCode code ACUTE = 'inpatient acute', stated as 'null')</p><p><b>subject</b>: <a href="#Patient_Patient-HIVSimple">See above (Patient/Patient-HIVSimple)</a></p><p><b>period</b>: 2020-06-01 --&gt; 2020-06-01</p><p><b>account</b>: <a href="#Account_Account-HIVSimple">See above (Account/Account-HIVSimple)</a></p><h3>Locations</h3><table class="grid"><tr><td>-</td><td><b>Location</b></td></tr><tr><td>*</td><td><span></span></td></tr></table><p><b>serviceProvider</b>: <span></span></p></div>
        </text>
        <status value="finished"/>
        <class>
          <system value="http://terminology.hl7.org/CodeSystem/v3-ActCode"/>
          <code value="ACUTE"/>
        </class>
        <subject>
          <reference value="Patient/Patient-HIVSimple"/>
        </subject>
        <period>
          <start value="2020-06-01"/>
          <end value="2020-06-01"/>
        </period>
        <account>
          <reference value="Account/Account-HIVSimple"/>
        </account>
        <location>
          <location>
            <identifier>
              <system value="https://github.com/synthetichealth/synthea"/>
              <value value="Location-HIVSimple1"/>
            </identifier>
          </location>
        </location>
        <serviceProvider>
          <identifier>
            <system value="https://github.com/synthetichealth/synthea"/>
            <value value="Organization-HIVSimple1"/>
          </identifier>
        </serviceProvider>
      </Encounter>
    </resource>
    <request>
      <method value="POST"/>
      <url value="Encounter"/>
    </request>
  </entry>
  <entry>
    <fullUrl value="https://intrahealth.github.io/simple-hiv-ig/DiagnosticReport/DiagnosticReport-ViralLoad"/>
    <resource>
      <DiagnosticReport>
        <id value="DiagnosticReport-ViralLoad"/>
        <text>
          <status value="generated"/><div xmlns="http://www.w3.org/1999/xhtml"><p><b>Generated Narrative</b></p><div style="display: inline-block; background-color: #d9e0e7; padding: 6px; margin: 4px; border: 1px solid #8da1b4; border-radius: 5px; line-height: 60%"><p style="margin-bottom: 0px">Resource "DiagnosticReport-ViralLoad" </p></div><p><b>status</b>: final</p><p><b>code</b>: HIV 1 RNA [#/volume] (viral load) in Specimen by NAA with probe detection <span style="background: LightGoldenRodYellow; margin: 4px; border: 1px solid khaki"> (<a href="https://loinc.org/">LOINC</a>#25836-8)</span></p><p><b>subject</b>: <a href="#Patient_Patient-HIVSimple">See above (Patient/Patient-HIVSimple)</a></p><p><b>encounter</b>: <a href="#Encounter_Encounter-ViralLoad">See above (Encounter/Encounter-ViralLoad)</a></p><p><b>result</b>: <a href="#Observation_Observation-ViralLoad">See above (Observation/Observation-ViralLoad)</a></p></div>
        </text>
        <status value="final"/>
        <code>
          <coding>
            <system value="http://loinc.org"/>
            <code value="25836-8"/>
            <display value="HIV 1 RNA [#/volume] (viral load) in Specimen by NAA with probe detection"/>
          </coding>
        </code>
        <subject>
          <reference value="Patient/Patient-HIVSimple"/>
        </subject>
        <encounter>
          <reference value="Encounter/Encounter-ViralLoad"/>
        </encounter>
        <result>
          <reference value="Observation/Observation-ViralLoad"/>
        </result>
      </DiagnosticReport>
    </resource>
    <request>
      <method value="POST"/>
      <url value="DiagnosticReport"/>
    </request>
  </entry>
  <entry>
    <fullUrl value="https://intrahealth.github.io/simple-hiv-ig/Observation/Observation-ViralLoad"/>
    <resource>
      <Observation>
        <id value="Observation-ViralLoad"/>
        <text>
          <status value="generated"/><div xmlns="http://www.w3.org/1999/xhtml"><p><b>Generated Narrative</b></p><div style="display: inline-block; background-color: #d9e0e7; padding: 6px; margin: 4px; border: 1px solid #8da1b4; border-radius: 5px; line-height: 60%"><p style="margin-bottom: 0px">Resource "Observation-ViralLoad" </p></div><p><b>status</b>: final</p><p><b>code</b>: HIV 1 RNA [#/volume] (viral load) in Specimen by NAA with probe detection <span style="background: LightGoldenRodYellow; margin: 4px; border: 1px solid khaki"> (<a href="https://loinc.org/">LOINC</a>#25836-8)</span></p><p><b>subject</b>: <a href="#Patient_Patient-HIVSimple">See above (Patient/Patient-HIVSimple)</a></p><p><b>encounter</b>: <a href="#Encounter_Encounter-ViralLoad">See above (Encounter/Encounter-ViralLoad)</a></p><p><b>value</b>: 741660 copies/mL<span style="background: LightGoldenRodYellow"> (Details: UCUM code {copies}/mL = '{copies}/mL')</span></p></div>
        </text>
        <status value="final"/>
        <code>
          <coding>
            <system value="http://loinc.org"/>
            <code value="25836-8"/>
            <display value="HIV 1 RNA [#/volume] (viral load) in Specimen by NAA with probe detection"/>
          </coding>
        </code>
        <subject>
          <reference value="Patient/Patient-HIVSimple"/>
        </subject>
        <encounter>
          <reference value="Encounter/Encounter-ViralLoad"/>
        </encounter>
        <valueQuantity>
          <value value="741660"/>
          <unit value="copies/mL"/>
          <system value="http://unitsofmeasure.org"/>
          <code value="{copies}/mL"/>
        </valueQuantity>
      </Observation>
    </resource>
    <request>
      <method value="POST"/>
      <url value="Observation"/>
    </request>
  </entry>
  <entry>
    <fullUrl value="https://intrahealth.github.io/simple-hiv-ig/Account/Account-HIVSimple"/>
    <resource>
      <Account>
        <id value="Account-HIVSimple"/>
        <text>
          <status value="generated"/><div xmlns="http://www.w3.org/1999/xhtml"><p><b>Generated Narrative</b></p><div style="display: inline-block; background-color: #d9e0e7; padding: 6px; margin: 4px; border: 1px solid #8da1b4; border-radius: 5px; line-height: 60%"><p style="margin-bottom: 0px">Resource "Account-HIVSimple" </p></div><p><b>status</b>: active</p><p><b>subject</b>: <a href="#Patient_Patient-HIVSimple">See above (Patient/Patient-HIVSimple)</a></p><h3>Coverages</h3><table class="grid"><tr><td>-</td><td><b>Coverage</b></td></tr><tr><td>*</td><td><a href="#Coverage_Coverage-HIVSimple">See above (Coverage/Coverage-HIVSimple)</a></td></tr></table><p><b>owner</b>: <a href="#Organization_IntraHealth">See above (Organization/IntraHealth)</a></p><h3>Guarantors</h3><table class="grid"><tr><td>-</td><td><b>Party</b></td></tr><tr><td>*</td><td><a href="#Organization_IntraHealth">See above (Organization/IntraHealth)</a></td></tr></table></div>
        </text>
        <status value="active"/>
        <subject>
          <reference value="Patient/Patient-HIVSimple"/>
        </subject>
        <coverage>
          <coverage>
            <reference value="Coverage/Coverage-HIVSimple"/>
          </coverage>
        </coverage>
        <owner>
          <reference value="Organization/IntraHealth"/>
        </owner>
        <guarantor>
          <party>
            <reference value="Organization/IntraHealth"/>
          </party>
        </guarantor>
      </Account>
    </resource>
    <request>
      <method value="POST"/>
      <url value="Account"/>
    </request>
  </entry>
  <entry>
    <fullUrl value="https://intrahealth.github.io/simple-hiv-ig/Coverage/Coverage-HIVSimple"/>
    <resource>
      <Coverage>
        <id value="Coverage-HIVSimple"/>
        <text>
          <status value="generated"/><div xmlns="http://www.w3.org/1999/xhtml"><p><b>Generated Narrative</b></p><div style="display: inline-block; background-color: #d9e0e7; padding: 6px; margin: 4px; border: 1px solid #8da1b4; border-radius: 5px; line-height: 60%"><p style="margin-bottom: 0px">Resource "Coverage-HIVSimple" </p></div><p><b>status</b>: active</p><p><b>beneficiary</b>: <a href="#Patient_Patient-HIVSimple">See above (Patient/Patient-HIVSimple)</a></p><p><b>payor</b>: <a href="#Organization_IntraHealth">See above (Organization/IntraHealth)</a></p><p><b>contract</b>: <a href="#Contract_Contract-HIVSimple">See above (Contract/Contract-HIVSimple)</a></p></div>
        </text>
        <status value="active"/>
        <beneficiary>
          <reference value="Patient/Patient-HIVSimple"/>
        </beneficiary>
        <payor>
          <reference value="Organization/IntraHealth"/>
        </payor>
        <contract>
          <reference value="Contract/Contract-HIVSimple"/>
        </contract>
      </Coverage>
    </resource>
    <request>
      <method value="POST"/>
      <url value="Coverage"/>
    </request>
  </entry>
  <entry>
    <fullUrl value="https://intrahealth.github.io/simple-hiv-ig/Contract/Contract-HIVSimple"/>
    <resource>
      <Contract>
        <id value="Contract-HIVSimple"/>
        <text>
          <status value="generated"/><div xmlns="http://www.w3.org/1999/xhtml"><p><b>Generated Narrative</b></p><div style="display: inline-block; background-color: #d9e0e7; padding: 6px; margin: 4px; border: 1px solid #8da1b4; border-radius: 5px; line-height: 60%"><p style="margin-bottom: 0px">Resource "Contract-HIVSimple" </p></div><p><b>identifier</b>: id: 4321</p><blockquote><p><b>term</b></p><blockquote><p><b>offer</b></p><h3>Parties</h3><table class="grid"><tr><td>-</td><td><b>Reference</b></td><td><b>Role</b></td></tr><tr><td>*</td><td><a href="#Organization_IntraHealth">See above (Organization/IntraHealth)</a></td><td>FLunky <span style="background: LightGoldenRodYellow; margin: 4px; border: 1px solid khaki"> (<a href="http://hl7.org/fhir/R4/codesystem-contract-party-role.html">Contract Resource Party Role codes</a>#flunky)</span></td></tr></table></blockquote></blockquote><blockquote><p><b>term</b></p><blockquote><p><b>offer</b></p><h3>Parties</h3><table class="grid"><tr><td>-</td><td><b>Reference</b></td><td><b>Role</b></td></tr><tr><td>*</td><td><a href="#Patient_Patient-HIVSimple">See above (Patient/Patient-HIVSimple)</a></td><td>FLunky <span style="background: LightGoldenRodYellow; margin: 4px; border: 1px solid khaki"> (<a href="http://hl7.org/fhir/R4/codesystem-contract-party-role.html">Contract Resource Party Role codes</a>#flunky)</span></td></tr></table></blockquote><h3>Assets</h3><table class="grid"><tr><td>-</td><td><b>Period</b></td></tr><tr><td>*</td><td>2005-01-01 --&gt; 2022-01-01</td></tr></table><blockquote><p><b>action</b></p><p><b>type</b>: Action A <span style="background: LightGoldenRodYellow; margin: 4px; border: 1px solid khaki"> (<a href="http://terminology.hl7.org/3.0.0/CodeSystem-contractaction.html">Contract Action Codes</a>#action-a)</span></p><h3>Subjects</h3><table class="grid"><tr><td>-</td><td><b>Reference</b></td></tr><tr><td>*</td><td><a href="#Organization_Organization-HIVSimple1">See above (Organization/Organization-HIVSimple1)</a></td></tr></table><p><b>intent</b>: population health <span style="background: LightGoldenRodYellow; margin: 4px; border: 1px solid khaki"> (<a href="http://terminology.hl7.org/3.0.0/CodeSystem-v3-ActReason.html">ActReason</a>#POPHLTH)</span></p><p><b>status</b>: Complete <span style="background: LightGoldenRodYellow; margin: 4px; border: 1px solid khaki"> (<a href="http://hl7.org/fhir/R4/codesystem-contract-actionstatus.html">Contract Resource Action Status codes</a>#complete)</span></p></blockquote></blockquote></div>
        </text>
        <identifier>
          <system value="https://intrahealth.github.io/simple-hiv-ig/CodeSystem/PEPFAR"/>
          <value value="4321"/>
        </identifier>
        <term>
          <offer>
            <party>
              <reference>
                <reference value="Organization/IntraHealth"/>
              </reference>
              <role>
                <coding>
                  <system value="http://hl7.org/fhir/contract-party-role"/>
                  <code value="flunky"/>
                </coding>
              </role>
            </party>
          </offer>
        </term>
        <term>
          <offer>
            <party>
              <reference>
                <reference value="Patient/Patient-HIVSimple"/>
              </reference>
              <role>
                <coding>
                  <system value="http://hl7.org/fhir/contract-party-role"/>
                  <code value="flunky"/>
                </coding>
              </role>
            </party>
          </offer>
          <asset>
            <period>
              <start value="2005-01-01"/>
              <end value="2022-01-01"/>
            </period>
          </asset>
          <action>
            <type>
              <coding>
                <system value="http://terminology.hl7.org/CodeSystem/contractaction"/>
                <code value="action-a"/>
              </coding>
            </type>
            <subject>
              <reference>
                <reference value="Organization/Organization-HIVSimple1"/>
              </reference>
            </subject>
            <intent>
              <coding>
                <system value="http://terminology.hl7.org/CodeSystem/v3-ActReason"/>
                <code value="POPHLTH"/>
              </coding>
            </intent>
            <status>
              <coding>
                <system value="http://hl7.org/fhir/contract-action-status"/>
                <code value="complete"/>
              </coding>
            </status>
          </action>
        </term>
      </Contract>
    </resource>
    <request>
      <method value="POST"/>
      <url value="Contract"/>
    </request>
  </entry>
</Bundle>