[
  {
    "id": "OpenCR",
    "type": "CodeSystem",
    "url": "https://intrahealth.github.io/simple-hiv-ig/CodeSystem/OpenCR",
    "version": "0.1.0",
    "name": "OpenCR"
  },
  {
    "id": "OpenHIE",
    "type": "CodeSystem",
    "url": "https://intrahealth.github.io/simple-hiv-ig/CodeSystem/OpenHIE",
    "version": "0.1.0",
    "name": "OpenHIE"
  },
  {
    "id": "simple.hiv.ig",
    "type": "ImplementationGuide",
    "url": "https://intrahealth.github.io/simple-hiv-ig/ImplementationGuide/simple.hiv.ig",
    "version": "0.1.0",
    "name": "SimpleHIVIG"
  },
  {
    "id": "AgeRanges",
    "type": "Library",
    "url": "https://intrahealth.github.io/simple-hiv-ig/Library/AgeRanges",
    "version": "0.1.0",
    "name": "AgeRanges"
  },
  {
    "id": "Blaze",
    "type": "Library",
    "url": "https://intrahealth.github.io/simple-hiv-ig/Library/Blaze",
    "version": "0.1.0",
    "name": "Blaze"
  },
  {
    "id": "Dedupe",
    "type": "Library",
    "url": "https://intrahealth.github.io/simple-hiv-ig/Library/Dedupe",
    "version": "0.1.0",
    "name": "Dedupe"
  },
  {
    "id": "FHIRCommon",
    "type": "Library",
    "url": "https://intrahealth.github.io/simple-hiv-ig/Library/FHIRCommon",
    "version": "0.1.0",
    "name": "FHIRCommon"
  },
  {
    "id": "FHIRHelpers",
    "type": "Library",
    "url": "https://intrahealth.github.io/simple-hiv-ig/Library/FHIRHelpers",
    "version": "0.1.0",
    "name": "FHIRHelpers"
  },
  {
    "id": "GoldenRecord",
    "type": "Library",
    "url": "https://intrahealth.github.io/simple-hiv-ig/Library/GoldenRecord",
    "version": "0.1.0",
    "name": "GoldenRecord"
  },
  {
    "id": "KitchenSink",
    "type": "Library",
    "url": "https://intrahealth.github.io/simple-hiv-ig/Library/KitchenSink",
    "version": "0.1.0",
    "name": "KitchenSink"
  },
  {
    "id": "AgeGroupGender",
    "type": "Measure",
    "url": "https://intrahealth.github.io/simple-hiv-ig/Measure/AgeGroupGender",
    "version": "0.1.0",
    "name": "AgeGroupGender"
  },
  {
    "id": "AgeGroupGenderLocation",
    "type": "Measure",
    "url": "https://intrahealth.github.io/simple-hiv-ig/Measure/AgeGroupGenderLocation",
    "version": "0.1.0",
    "name": "AgeGroupGenderLocation"
  },
  {
    "id": "BlazeAgeGroupLocation",
    "type": "Measure",
    "url": "https://intrahealth.github.io/simple-hiv-ig/Measure/BlazeAgeGroupLocation",
    "version": "0.1.0",
    "name": "BlazeAgeGroupLocation"
  },
  {
    "id": "BlazeGenderLocation",
    "type": "Measure",
    "url": "https://intrahealth.github.io/simple-hiv-ig/Measure/BlazeGenderLocation",
    "version": "0.1.0",
    "name": "BlazeGenderLocation"
  },
  {
    "id": "BlazeStratifierAgeGroup",
    "type": "Measure",
    "url": "https://intrahealth.github.io/simple-hiv-ig/Measure/BlazeStratifierAgeGroup",
    "version": "0.1.0",
    "name": "BlazeStratifierAgeGroup"
  },
  {
    "id": "BlazeStratifierTest",
    "type": "Measure",
    "url": "https://intrahealth.github.io/simple-hiv-ig/Measure/BlazeStratifierTest",
    "version": "0.1.0",
    "name": "BlazeStratifierTest"
  },
  {
    "id": "Cohort",
    "type": "Measure",
    "url": "https://intrahealth.github.io/simple-hiv-ig/Measure/Cohort",
    "version": "0.1.0",
    "name": "Cohort"
  },
  {
    "id": "JustAgeGroup",
    "type": "Measure",
    "url": "https://intrahealth.github.io/simple-hiv-ig/Measure/JustAgeGroup",
    "version": "0.1.0",
    "name": "JustAgeGroup"
  },
  {
    "id": "JustGender",
    "type": "Measure",
    "url": "https://intrahealth.github.io/simple-hiv-ig/Measure/JustGender",
    "version": "0.1.0",
    "name": "JustGender"
  },
  {
    "id": "JustLocation",
    "type": "Measure",
    "url": "https://intrahealth.github.io/simple-hiv-ig/Measure/JustLocation",
    "version": "0.1.0",
    "name": "JustLocation"
  },
  {
    "id": "SuppData",
    "type": "Measure",
    "url": "https://intrahealth.github.io/simple-hiv-ig/Measure/SuppData",
    "version": "0.1.0",
    "name": "SuppData"
  },
  {
    "id": "TXPVLS",
    "type": "Measure",
    "url": "https://intrahealth.github.io/simple-hiv-ig/Measure/TXPVLS",
    "version": "0.1.0",
    "name": "TXPVLS"
  }
]