[
  {
    "id": "OpenCR",
    "type": "CodeSystem",
    "url": "https://intrahealth.github.io/simple-hiv-ig/CodeSystem/OpenCR",
    "version": "0.1.0",
    "name": "OpenCR"
  },
  {
    "id": "OpenHIE",
    "type": "CodeSystem",
    "url": "https://intrahealth.github.io/simple-hiv-ig/CodeSystem/OpenHIE",
    "version": "0.1.0",
    "name": "OpenHIE"
  },
  {
    "id": "PEPFAR",
    "type": "CodeSystem",
    "url": "https://intrahealth.github.io/simple-hiv-ig/CodeSystem/PEPFAR",
    "version": "0.1.0",
    "name": "PEPFAR"
  },
  {
    "id": "simple.hiv.ig",
    "type": "ImplementationGuide",
    "url": "https://intrahealth.github.io/simple-hiv-ig/ImplementationGuide/simple.hiv.ig",
    "version": "0.1.0",
    "name": "SimpleHIVIG"
  },
  {
    "id": "ANC",
    "type": "Library",
    "url": "https://intrahealth.github.io/simple-hiv-ig/Library/ANC",
    "version": "0.1.0",
    "name": "ANC"
  },
  {
    "id": "AgeRanges",
    "type": "Library",
    "url": "https://intrahealth.github.io/simple-hiv-ig/Library/AgeRanges",
    "version": "0.1.0",
    "name": "AgeRanges"
  },
  {
    "id": "Attribution",
    "type": "Library",
    "url": "https://intrahealth.github.io/simple-hiv-ig/Library/Attribution",
    "version": "0.1.0",
    "name": "Attribution"
  },
  {
    "id": "Blaze",
    "type": "Library",
    "url": "https://intrahealth.github.io/simple-hiv-ig/Library/Blaze",
    "version": "0.1.0",
    "name": "Blaze"
  },
  {
    "id": "Dedupe",
    "type": "Library",
    "url": "https://intrahealth.github.io/simple-hiv-ig/Library/Dedupe",
    "version": "0.1.0",
    "name": "Dedupe"
  },
  {
    "id": "EncounterLocation",
    "type": "Library",
    "url": "https://intrahealth.github.io/simple-hiv-ig/Library/EncounterLocation",
    "version": "0.1.0",
    "name": "EncounterLocation"
  },
  {
    "id": "FHIRCommon",
    "type": "Library",
    "url": "https://intrahealth.github.io/simple-hiv-ig/Library/FHIRCommon",
    "version": "0.1.0",
    "name": "FHIRCommon"
  },
  {
    "id": "FHIRHelpers",
    "type": "Library",
    "url": "https://intrahealth.github.io/simple-hiv-ig/Library/FHIRHelpers",
    "version": "0.1.0",
    "name": "FHIRHelpers"
  },
  {
    "id": "GoldenRecord",
    "type": "Library",
    "url": "https://intrahealth.github.io/simple-hiv-ig/Library/GoldenRecord",
    "version": "0.1.0",
    "name": "GoldenRecord"
  },
  {
    "id": "HIVIndicators",
    "type": "Library",
    "url": "https://intrahealth.github.io/simple-hiv-ig/Library/HIVIndicators",
    "version": "0.1.0",
    "name": "HIVIndicators"
  },
  {
    "id": "KitchenSink",
    "type": "Library",
    "url": "https://intrahealth.github.io/simple-hiv-ig/Library/KitchenSink",
    "version": "0.1.0",
    "name": "KitchenSink"
  },
  {
    "id": "Parameters",
    "type": "Library",
    "url": "https://intrahealth.github.io/simple-hiv-ig/Library/Parameters",
    "version": "0.1.0",
    "name": "Parameters"
  },
  {
    "id": "TXCURR",
    "type": "Library",
    "url": "https://intrahealth.github.io/simple-hiv-ig/Library/TXCURR",
    "version": "0.1.0",
    "name": "TXCURR"
  },
  {
    "id": "TXML",
    "type": "Library",
    "url": "https://intrahealth.github.io/simple-hiv-ig/Library/TXML",
    "version": "0.1.0",
    "name": "TXML"
  },
  {
    "id": "TXNEW",
    "type": "Library",
    "url": "https://intrahealth.github.io/simple-hiv-ig/Library/TXNEW",
    "version": "0.1.0",
    "name": "TXNEW"
  },
  {
    "id": "TXPVLS",
    "type": "Library",
    "url": "https://intrahealth.github.io/simple-hiv-ig/Library/TXPVLS",
    "version": "0.1.0",
    "name": "TXPVLS"
  },
  {
    "id": "AgeGroupGender",
    "type": "Measure",
    "url": "https://intrahealth.github.io/simple-hiv-ig/Measure/AgeGroupGender",
    "version": "0.1.0",
    "name": "AgeGroupGender"
  },
  {
    "id": "AgeGroupGenderLocation",
    "type": "Measure",
    "url": "https://intrahealth.github.io/simple-hiv-ig/Measure/AgeGroupGenderLocation",
    "version": "0.1.0",
    "name": "AgeGroupGenderLocation"
  },
  {
    "id": "BlazeAgeGroupLocation",
    "type": "Measure",
    "url": "https://intrahealth.github.io/simple-hiv-ig/Measure/BlazeAgeGroupLocation",
    "version": "0.1.0",
    "name": "BlazeAgeGroupLocation"
  },
  {
    "id": "BlazeGenderLocation",
    "type": "Measure",
    "url": "https://intrahealth.github.io/simple-hiv-ig/Measure/BlazeGenderLocation",
    "version": "0.1.0",
    "name": "BlazeGenderLocation"
  },
  {
    "id": "BlazeStratifierAgeGroup",
    "type": "Measure",
    "url": "https://intrahealth.github.io/simple-hiv-ig/Measure/BlazeStratifierAgeGroup",
    "version": "0.1.0",
    "name": "BlazeStratifierAgeGroup"
  },
  {
    "id": "BlazeStratifierTest",
    "type": "Measure",
    "url": "https://intrahealth.github.io/simple-hiv-ig/Measure/BlazeStratifierTest",
    "version": "0.1.0",
    "name": "BlazeStratifierTest"
  },
  {
    "id": "Cohort",
    "type": "Measure",
    "url": "https://intrahealth.github.io/simple-hiv-ig/Measure/Cohort",
    "version": "0.1.0",
    "name": "Cohort"
  },
  {
    "id": "HIV-TXPVLS",
    "type": "Measure",
    "url": "https://intrahealth.github.io/simple-hiv-ig/Measure/HIV-TXPVLS",
    "version": "0.1.0",
    "name": "HIV-TXPVLS"
  },
  {
    "id": "JustAgeGroup",
    "type": "Measure",
    "url": "https://intrahealth.github.io/simple-hiv-ig/Measure/JustAgeGroup",
    "version": "0.1.0",
    "name": "JustAgeGroup"
  },
  {
    "id": "JustGender",
    "type": "Measure",
    "url": "https://intrahealth.github.io/simple-hiv-ig/Measure/JustGender",
    "version": "0.1.0",
    "name": "JustGender"
  },
  {
    "id": "JustLocation",
    "type": "Measure",
    "url": "https://intrahealth.github.io/simple-hiv-ig/Measure/JustLocation",
    "version": "0.1.0",
    "name": "JustLocation"
  },
  {
    "id": "SuppData",
    "type": "Measure",
    "url": "https://intrahealth.github.io/simple-hiv-ig/Measure/SuppData",
    "version": "0.1.0",
    "name": "SuppData"
  }
]