[
  {
    "id": "OpenCR",
    "type": "CodeSystem",
    "url": "https://intrahealth.github.io/simple-hiv-ig/CodeSystem/OpenCR",
    "version": "0.1.0",
    "name": "OpenCR"
  },
  {
    "id": "OpenHIE",
    "type": "CodeSystem",
    "url": "https://intrahealth.github.io/simple-hiv-ig/CodeSystem/OpenHIE",
    "version": "0.1.0",
    "name": "OpenHIE"
  },
  {
    "id": "PEPFAR",
    "type": "CodeSystem",
    "url": "https://intrahealth.github.io/simple-hiv-ig/CodeSystem/PEPFAR",
    "version": "0.1.0",
    "name": "PEPFAR"
  },
  {
    "id": "simple.hiv.ig",
    "type": "ImplementationGuide",
    "url": "https://intrahealth.github.io/simple-hiv-ig/ImplementationGuide/simple.hiv.ig",
    "version": "0.1.0",
    "name": "SimpleHIVIG"
  },
  {
    "id": "FHIRCommon",
    "type": "Library",
    "url": "https://intrahealth.github.io/simple-hiv-ig/Library/FHIRCommon",
    "version": "0.1.0",
    "name": "FHIRCommon"
  },
  {
    "id": "FHIRHelpers",
    "type": "Library",
    "url": "https://intrahealth.github.io/simple-hiv-ig/Library/FHIRHelpers",
    "version": "0.1.0",
    "name": "FHIRHelpers"
  },
  {
    "id": "HIVConcepts",
    "type": "Library",
    "url": "https://intrahealth.github.io/simple-hiv-ig/Library/HIVConcepts",
    "version": "0.1.0",
    "name": "HIVConcepts"
  },
  {
    "id": "HIVDataElements",
    "type": "Library",
    "url": "https://intrahealth.github.io/simple-hiv-ig/Library/HIVDataElements",
    "version": "0.1.0",
    "name": "HIVDataElements"
  },
  {
    "id": "HIVStratifiers",
    "type": "Library",
    "url": "https://intrahealth.github.io/simple-hiv-ig/Library/HIVStratifiers",
    "version": "0.1.0",
    "name": "HIVStratifiers"
  },
  {
    "id": "KitchenSink",
    "type": "Library",
    "url": "https://intrahealth.github.io/simple-hiv-ig/Library/KitchenSink",
    "version": "0.1.0",
    "name": "KitchenSink"
  },
  {
    "id": "TXCURR",
    "type": "Library",
    "url": "https://intrahealth.github.io/simple-hiv-ig/Library/TXCURR",
    "version": "0.1.0",
    "name": "TXCURR"
  },
  {
    "id": "TXML",
    "type": "Library",
    "url": "https://intrahealth.github.io/simple-hiv-ig/Library/TXML",
    "version": "0.1.0",
    "name": "TXML"
  },
  {
    "id": "TXNEW",
    "type": "Library",
    "url": "https://intrahealth.github.io/simple-hiv-ig/Library/TXNEW",
    "version": "0.1.0",
    "name": "TXNEW"
  },
  {
    "id": "TXPVLS",
    "type": "Library",
    "url": "https://intrahealth.github.io/simple-hiv-ig/Library/TXPVLS",
    "version": "0.1.0",
    "name": "TXPVLS"
  },
  {
    "id": "AgeGroupGender",
    "type": "Measure",
    "url": "https://intrahealth.github.io/simple-hiv-ig/Measure/AgeGroupGender",
    "version": "0.1.0",
    "name": "AgeGroupGender"
  },
  {
    "id": "AgeGroupGenderLocation",
    "type": "Measure",
    "url": "https://intrahealth.github.io/simple-hiv-ig/Measure/AgeGroupGenderLocation",
    "version": "0.1.0",
    "name": "AgeGroupGenderLocation"
  },
  {
    "id": "Cohort",
    "type": "Measure",
    "url": "https://intrahealth.github.io/simple-hiv-ig/Measure/Cohort",
    "version": "0.1.0",
    "name": "Cohort"
  },
  {
    "id": "HIV-TXCURR",
    "type": "Measure",
    "url": "https://intrahealth.github.io/simple-hiv-ig/Measure/HIV-TXCURR",
    "version": "0.1.0",
    "name": "HIV-TXCURR"
  },
  {
    "id": "HIV-TXML",
    "type": "Measure",
    "url": "https://intrahealth.github.io/simple-hiv-ig/Measure/HIV-TXML",
    "version": "0.1.0",
    "name": "HIV-TXML"
  },
  {
    "id": "HIV-TXNEW",
    "type": "Measure",
    "url": "https://intrahealth.github.io/simple-hiv-ig/Measure/HIV-TXNEW",
    "version": "0.1.0",
    "name": "HIV-TXNEW"
  },
  {
    "id": "HIV-TXPVLS",
    "type": "Measure",
    "url": "https://intrahealth.github.io/simple-hiv-ig/Measure/HIV-TXPVLS",
    "version": "0.1.0",
    "name": "HIV-TXPVLS"
  },
  {
    "id": "JustAgeGroup",
    "type": "Measure",
    "url": "https://intrahealth.github.io/simple-hiv-ig/Measure/JustAgeGroup",
    "version": "0.1.0",
    "name": "JustAgeGroup"
  },
  {
    "id": "JustGender",
    "type": "Measure",
    "url": "https://intrahealth.github.io/simple-hiv-ig/Measure/JustGender",
    "version": "0.1.0",
    "name": "JustGender"
  },
  {
    "id": "JustLocation",
    "type": "Measure",
    "url": "https://intrahealth.github.io/simple-hiv-ig/Measure/JustLocation",
    "version": "0.1.0",
    "name": "JustLocation"
  },
  {
    "id": "SuppData",
    "type": "Measure",
    "url": "https://intrahealth.github.io/simple-hiv-ig/Measure/SuppData",
    "version": "0.1.0",
    "name": "SuppData"
  }
]