[
  {
    "id": "FHIRHelpers",
    "type": "Library",
    "url": "http://hl7.org/fhir/Library/FHIRHelpers",
    "version": "0.1.0"
  },
  {
    "id": "simple.hiv.ig",
    "type": "ImplementationGuide",
    "url": "https://intrahealth.github.io/simple-hiv-ig/ImplementationGuide/simple.hiv.ig",
    "version": "0.1.0",
    "name": "simplehivig"
  },
  {
    "id": "AgeRanges",
    "type": "Library",
    "url": "https://intrahealth.github.io/simple-hiv-ig/Library/AgeRanges",
    "version": "0.1.0"
  },
  {
    "id": "FHIRCommon",
    "type": "Library",
    "url": "https://intrahealth.github.io/simple-hiv-ig/Library/FHIRCommon",
    "version": "0.1.0"
  },
  {
    "id": "KitchenSink",
    "type": "Library",
    "url": "https://intrahealth.github.io/simple-hiv-ig/Library/KitchenSink",
    "version": "0.1.0"
  },
  {
    "id": "HIVSimpleAgeGroup",
    "type": "Measure",
    "url": "https://intrahealth.github.io/simple-hiv-ig/Measure/HIVSimpleAgeGroup",
    "version": "0.1.0"
  },
  {
    "id": "HIVSimpleCondition",
    "type": "Measure",
    "url": "https://intrahealth.github.io/simple-hiv-ig/Measure/HIVSimpleCondition",
    "version": "0.1.0"
  },
  {
    "id": "HIVSimpleGender",
    "type": "Measure",
    "url": "https://intrahealth.github.io/simple-hiv-ig/Measure/HIVSimpleGender",
    "version": "0.1.0"
  },
  {
    "id": "HIVSimpleGenderCohort",
    "type": "Measure",
    "url": "https://intrahealth.github.io/simple-hiv-ig/Measure/HIVSimpleGenderCohort",
    "version": "0.1.0"
  },
  {
    "id": "HIVSimpleGenderSubjectList",
    "type": "Measure",
    "url": "https://intrahealth.github.io/simple-hiv-ig/Measure/HIVSimpleGenderSubjectList",
    "version": "0.1.0"
  },
  {
    "id": "HIVSimpleGenderSuppData",
    "type": "Measure",
    "url": "https://intrahealth.github.io/simple-hiv-ig/Measure/HIVSimpleGenderSuppData",
    "version": "0.1.0"
  },
  {
    "id": "HIVSimpleGenderSuppDataIndiv",
    "type": "Measure",
    "url": "https://intrahealth.github.io/simple-hiv-ig/Measure/HIVSimpleGenderSuppDataIndiv",
    "version": "0.1.0"
  },
  {
    "id": "HIVSimpleTestResult",
    "type": "Measure",
    "url": "https://intrahealth.github.io/simple-hiv-ig/Measure/HIVSimpleTestResult",
    "version": "0.1.0"
  }
]