<?xml version="1.0" encoding="UTF-8"?>

<CodeSystem xmlns="http://hl7.org/fhir">
  <id value="LocationCS"/>
  <text>
    <status value="generated"/><div xmlns="http://www.w3.org/1999/xhtml"><p>This code system https://intrahealth.github.io/simple-hiv-ig/CodeSystem/LocationCS defines the following codes:</p><table class="codes"><tr><td style="white-space:nowrap"><b>Code</b></td><td><b>Display</b></td></tr><tr><td style="white-space:nowrap">Location-HIVSimple<a name="LocationCS-Location-HIVSimple"> </a></td><td>Location-HIVSimple</td></tr><tr><td style="white-space:nowrap">Location-HIVSimple2<a name="LocationCS-Location-HIVSimple2"> </a></td><td>Location-HIVSimple2</td></tr></table></div>
  </text>
  <url value="https://intrahealth.github.io/simple-hiv-ig/CodeSystem/LocationCS"/>
  <version value="0.1.0"/>
  <name value="LocationCS"/>
  <title value="LocationCS"/>
  <status value="active"/>
  <date value="2021-08-10T02:32:15+00:00"/>
  <publisher value="Digital Health Team"/>
  <contact>
    <name value="Digital Health Team"/>
    <telecom>
      <system value="url"/>
      <value value="https://www.intrahealth.org"/>
    </telecom>
    <telecom>
      <system value="email"/>
      <value value="digitalhealth@intrahealth.org"/>
    </telecom>
  </contact>
  <contact>
    <name value="Digital Health Team"/>
    <telecom>
      <system value="email"/>
      <value value="digitalhealth@intrahealth.org"/>
      <use value="work"/>
    </telecom>
  </contact>
  <description value="LocationCS"/>
  <content value="complete"/>
  <count value="2"/>
  <concept>
    <code value="Location-HIVSimple"/>
    <display value="Location-HIVSimple"/>
  </concept>
  <concept>
    <code value="Location-HIVSimple2"/>
    <display value="Location-HIVSimple2"/>
  </concept>
</CodeSystem>