{
  "resourceType": "CodeSystem",
  "id": "OpenCR",
  "text": {
    "status": "generated",
    "div": "<div xmlns=\"http://www.w3.org/1999/xhtml\"><p>This code system https://intrahealth.github.io/simple-hiv-ig/CodeSystem/OpenCR defines the following codes:</p><table class=\"codes\"><tr><td style=\"white-space:nowrap\"><b>Code</b></td><td><b>Display</b></td></tr><tr><td style=\"white-space:nowrap\">1234<a name=\"OpenCR-1234\"> </a></td><td>Golden Record</td></tr></table></div>"
  },
  "url": "https://intrahealth.github.io/simple-hiv-ig/CodeSystem/OpenCR",
  "version": "0.1.0",
  "name": "OpenCR",
  "title": "OpenCR CodeSystem",
  "status": "active",
  "date": "2022-01-11T19:35:20+00:00",
  "publisher": "IntraHealth International",
  "contact": [
    {
      "telecom": [
        {
          "system": "url",
          "value": "http://hl7.org/Special/committees/[something]"
        }
      ]
    }
  ],
  "description": "OpenCR CodeSystem",
  "content": "complete",
  "count": 1,
  "concept": [
    {
      "code": "1234",
      "display": "Golden Record"
    }
  ]
}