{
  "resourceType": "Condition",
  "id": "Condition-Pregnancy",
  "text": {
    "status": "generated",
    "div": "<div xmlns=\"http://www.w3.org/1999/xhtml\"><p><b>Generated Narrative</b></p><div style=\"display: inline-block; background-color: #d9e0e7; padding: 6px; margin: 4px; border: 1px solid #8da1b4; border-radius: 5px; line-height: 60%\"><p style=\"margin-bottom: 0px\">Resource \"Condition-Pregnancy\" </p></div><p><b>clinicalStatus</b>: Inactive <span style=\"background: LightGoldenRodYellow; margin: 4px; border: 1px solid khaki\"> (<a href=\"http://terminology.hl7.org/3.0.0/CodeSystem-condition-clinical.html\">Condition Clinical Status Codes</a>#inactive)</span></p><p><b>verificationStatus</b>: Confirmed <span style=\"background: LightGoldenRodYellow; margin: 4px; border: 1px solid khaki\"> (<a href=\"http://terminology.hl7.org/3.0.0/CodeSystem-condition-ver-status.html\">ConditionVerificationStatus</a>#confirmed)</span></p><p><b>code</b>: Pregnant (finding) <span style=\"background: LightGoldenRodYellow; margin: 4px; border: 1px solid khaki\"> (<a href=\"https://browser.ihtsdotools.org/\">SNOMED CT</a>#77386006)</span></p><p><b>subject</b>: <a href=\"Patient-Patient-HIVSimple.html\">Patient/Patient-HIVSimple</a> \" CAT\"</p><p><b>onset</b>: 2020-01-01</p><p><b>abatement</b>: 2020-09-30</p></div>"
  },
  "clinicalStatus": {
    "coding": [
      {
        "system": "http://terminology.hl7.org/CodeSystem/condition-clinical",
        "code": "inactive"
      }
    ]
  },
  "verificationStatus": {
    "coding": [
      {
        "system": "http://terminology.hl7.org/CodeSystem/condition-ver-status",
        "code": "confirmed"
      }
    ]
  },
  "code": {
    "coding": [
      {
        "system": "http://snomed.info/sct",
        "code": "77386006",
        "display": "Pregnant (finding)"
      }
    ]
  },
  "subject": {
    "reference": "Patient/Patient-HIVSimple"
  },
  "onsetDateTime": "2020-01-01",
  "abatementDateTime": "2020-09-30"
}