<?xml version="1.0" encoding="UTF-8"?>

<Condition xmlns="http://hl7.org/fhir">
  <id value="Condition-HIVSimple"/>
  <text>
    <status value="generated"/><div xmlns="http://www.w3.org/1999/xhtml"><p><b>Generated Narrative</b></p><p><b>clinicalStatus</b>: <span title="Codes: ">active</span></p><p><b>verificationStatus</b>: <span title="Codes: ">confirmed</span></p><p><b>code</b>: <span title="Codes: {http://snomed.info/sct 86406008}">HIV Positive</span></p><p><b>subject</b>: <a href="Patient-Patient-HIVSimple.html">Generated Summary: Felix Cat; birthDate: 2000-01-02</a></p></div>
  </text>
  <clinicalStatus>
    <coding>
      <code value="active"/>
    </coding>
  </clinicalStatus>
  <verificationStatus>
    <coding>
      <code value="confirmed"/>
    </coding>
  </verificationStatus>
  <code>
    <coding>
      <system value="http://snomed.info/sct"/>
      <code value="86406008"/>
      <display value="HIV Positive"/>
    </coding>
  </code>
  <subject>
    <reference value="Patient/Patient-HIVSimple"/>
  </subject>
</Condition>