{
  "resourceType": "Condition",
  "id": "Condition-HIVSimple",
  "text": {
    "status": "generated",
    "div": "<div xmlns=\"http://www.w3.org/1999/xhtml\"><p><b>Generated Narrative</b></p><p><b>clinicalStatus</b>: <span title=\"Codes: {http://terminology.hl7.org/CodeSystem/condition-clinical active}\">Active</span></p><p><b>verificationStatus</b>: <span title=\"Codes: {http://terminology.hl7.org/CodeSystem/condition-ver-status confirmed}\">Confirmed</span></p><p><b>code</b>: <span title=\"Codes: {http://snomed.info/sct 86406008}\">HIV - Human immunodeficiency virus infection</span></p><p><b>subject</b>: <a href=\"Patient-Patient-HIVSimple.html\">Generated Summary: Mittens Cat; gender: female; birthDate: 1985-01-01</a></p><p><b>onset</b>: 2010-01-01</p></div>"
  },
  "clinicalStatus": {
    "coding": [
      {
        "system": "http://terminology.hl7.org/CodeSystem/condition-clinical",
        "code": "active"
      }
    ]
  },
  "verificationStatus": {
    "coding": [
      {
        "system": "http://terminology.hl7.org/CodeSystem/condition-ver-status",
        "code": "confirmed"
      }
    ]
  },
  "code": {
    "coding": [
      {
        "system": "http://snomed.info/sct",
        "code": "86406008",
        "display": "HIV - Human immunodeficiency virus infection"
      }
    ]
  },
  "subject": {
    "reference": "Patient/Patient-HIVSimple"
  },
  "onsetDateTime": "2010-01-01"
}