<?xml version="1.0" encoding="UTF-8"?>

<Contract xmlns="http://hl7.org/fhir">
  <id value="Contract-HIVSimple"/>
  <text>
    <status value="generated"/><div xmlns="http://www.w3.org/1999/xhtml"><p><b>Generated Narrative</b></p><div style="display: inline-block; background-color: #d9e0e7; padding: 6px; margin: 4px; border: 1px solid #8da1b4; border-radius: 5px; line-height: 60%"><p style="margin-bottom: 0px">Resource "Contract-HIVSimple" </p></div><p><b>identifier</b>: id: 4321</p><blockquote><p><b>term</b></p><blockquote><p><b>offer</b></p><h3>Parties</h3><table class="grid"><tr><td>-</td><td><b>Reference</b></td><td><b>Role</b></td></tr><tr><td>*</td><td><a href="Organization-IntraHealth.html">Organization/IntraHealth</a> "IntraHealth"</td><td>FLunky <span style="background: LightGoldenRodYellow; margin: 4px; border: 1px solid khaki"> (<a href="http://hl7.org/fhir/R4/codesystem-contract-party-role.html">Contract Resource Party Role codes</a>#flunky)</span></td></tr></table></blockquote></blockquote><blockquote><p><b>term</b></p><blockquote><p><b>offer</b></p><h3>Parties</h3><table class="grid"><tr><td>-</td><td><b>Reference</b></td><td><b>Role</b></td></tr><tr><td>*</td><td><a href="Patient-Patient-HIVSimple.html">Patient/Patient-HIVSimple</a> " CAT"</td><td>FLunky <span style="background: LightGoldenRodYellow; margin: 4px; border: 1px solid khaki"> (<a href="http://hl7.org/fhir/R4/codesystem-contract-party-role.html">Contract Resource Party Role codes</a>#flunky)</span></td></tr></table></blockquote><h3>Assets</h3><table class="grid"><tr><td>-</td><td><b>Period</b></td></tr><tr><td>*</td><td>2005-01-01 --&gt; 2022-01-01</td></tr></table><blockquote><p><b>action</b></p><p><b>type</b>: Action A <span style="background: LightGoldenRodYellow; margin: 4px; border: 1px solid khaki"> (<a href="http://terminology.hl7.org/3.0.0/CodeSystem-contractaction.html">Contract Action Codes</a>#action-a)</span></p><h3>Subjects</h3><table class="grid"><tr><td>-</td><td><b>Reference</b></td></tr><tr><td>*</td><td><a href="Organization-Organization-HIVSimple.html">Organization/Organization-HIVSimple</a> "Government Hospital"</td></tr></table><p><b>intent</b>: population health <span style="background: LightGoldenRodYellow; margin: 4px; border: 1px solid khaki"> (<a href="http://terminology.hl7.org/3.0.0/CodeSystem-v3-ActReason.html">ActReason</a>#POPHLTH)</span></p><p><b>status</b>: Complete <span style="background: LightGoldenRodYellow; margin: 4px; border: 1px solid khaki"> (<a href="http://hl7.org/fhir/R4/codesystem-contract-actionstatus.html">Contract Resource Action Status codes</a>#complete)</span></p></blockquote></blockquote></div>
  </text>
  <identifier>
    <system value="https://intrahealth.github.io/simple-hiv-ig/CodeSystem/PEPFAR"/>
    <value value="4321"/>
  </identifier>
  <term>
    <offer>
      <party>
        <reference>
          <reference value="Organization/IntraHealth"/>
        </reference>
        <role>
          <coding>
            <system value="http://hl7.org/fhir/contract-party-role"/>
            <code value="flunky"/>
          </coding>
        </role>
      </party>
    </offer>
  </term>
  <term>
    <offer>
      <party>
        <reference>
          <reference value="Patient/Patient-HIVSimple"/>
        </reference>
        <role>
          <coding>
            <system value="http://hl7.org/fhir/contract-party-role"/>
            <code value="flunky"/>
          </coding>
        </role>
      </party>
    </offer>
    <asset>
      <period>
        <start value="2005-01-01"/>
        <end value="2022-01-01"/>
      </period>
    </asset>
    <action>
      <type>
        <coding>
          <system value="http://terminology.hl7.org/CodeSystem/contractaction"/>
          <code value="action-a"/>
        </coding>
      </type>
      <subject>
        <reference>
          <reference value="Organization/Organization-HIVSimple"/>
        </reference>
      </subject>
      <intent>
        <coding>
          <system value="http://terminology.hl7.org/CodeSystem/v3-ActReason"/>
          <code value="POPHLTH"/>
        </coding>
      </intent>
      <status>
        <coding>
          <system value="http://hl7.org/fhir/contract-action-status"/>
          <code value="complete"/>
        </coding>
      </status>
    </action>
  </term>
</Contract>