{
  "resourceType": "Encounter",
  "id": "Encounter-HIVSimple",
  "text": {
    "status": "generated",
    "div": "<div xmlns=\"http://www.w3.org/1999/xhtml\"><p><b>Generated Narrative</b></p><div style=\"display: inline-block; background-color: #d9e0e7; padding: 6px; margin: 4px; border: 1px solid #8da1b4; border-radius: 5px; line-height: 60%\"><p style=\"margin-bottom: 0px\">Resource \"Encounter-HIVSimple\" </p></div><p><b>status</b>: finished</p><p><b>class</b>: inpatient acute (Details: http://terminology.hl7.org/CodeSystem/v3-ActCode code ACUTE = 'inpatient acute', stated as 'null')</p><p><b>subject</b>: <a href=\"Patient-Patient-HIVSimple.html\">Patient/Patient-HIVSimple</a> \" CAT\"</p><p><b>period</b>: 2011-01-01 --&gt; 2011-01-01</p><p><b>account</b>: <a href=\"Account-Account-HIVSimple.html\">Account/Account-HIVSimple</a></p><h3>Locations</h3><table class=\"grid\"><tr><td>-</td><td><b>Location</b></td></tr><tr><td>*</td><td><span></span></td></tr></table><p><b>serviceProvider</b>: <span></span></p></div>"
  },
  "status": "finished",
  "class": {
    "system": "http://terminology.hl7.org/CodeSystem/v3-ActCode",
    "code": "ACUTE"
  },
  "subject": {
    "reference": "Patient/Patient-HIVSimple"
  },
  "period": {
    "start": "2011-01-01",
    "end": "2011-01-01"
  },
  "account": [
    {
      "reference": "Account/Account-HIVSimple"
    }
  ],
  "location": [
    {
      "location": {
        "identifier": {
          "system": "https://github.com/synthetichealth/synthea",
          "value": "Location-HIVSimple1"
        }
      }
    }
  ],
  "serviceProvider": {
    "identifier": {
      "system": "https://github.com/synthetichealth/synthea",
      "value": "Organization-HIVSimple1"
    }
  }
}