{
  "resourceType": "Encounter",
  "id": "Encounter-ViralLoad2",
  "text": {
    "status": "generated",
    "div": "<div xmlns=\"http://www.w3.org/1999/xhtml\"><p><b>Generated Narrative</b></p><div style=\"display: inline-block; background-color: #d9e0e7; padding: 6px; margin: 4px; border: 1px solid #8da1b4; border-radius: 5px; line-height: 60%\"><p style=\"margin-bottom: 0px\">Resource \"Encounter-ViralLoad2\" </p></div><p><b>status</b>: finished</p><p><b>class</b>: inpatient acute (Details: http://terminology.hl7.org/CodeSystem/v3-ActCode code ACUTE = 'inpatient acute', stated as 'null')</p><p><b>subject</b>: <a href=\"Patient-Patient-HIVSimple2.html\">Patient/Patient-HIVSimple2</a> \" CAT\"</p><p><b>period</b>: 2020-06-01 --&gt; 2020-06-01</p><h3>Locations</h3><table class=\"grid\"><tr><td>-</td><td><b>Location</b></td></tr><tr><td>*</td><td><a href=\"Location-Location-HIVSimple2.html\">Location/Location-HIVSimple2</a></td></tr></table><p><b>serviceProvider</b>: <a href=\"Organization-Organization-HIVSimple2.html\">Organization/Organization-HIVSimple2</a> \"Government Hospital\"</p></div>"
  },
  "status": "finished",
  "class": {
    "system": "http://terminology.hl7.org/CodeSystem/v3-ActCode",
    "code": "ACUTE"
  },
  "subject": {
    "reference": "Patient/Patient-HIVSimple2"
  },
  "period": {
    "start": "2020-06-01",
    "end": "2020-06-01"
  },
  "location": [
    {
      "location": {
        "reference": "Location/Location-HIVSimple2"
      }
    }
  ],
  "serviceProvider": {
    "reference": "Organization/Organization-HIVSimple2"
  }
}