{
  "resourceType": "Encounter",
  "id": "Encounter-HIVSimple2",
  "text": {
    "status": "generated",
    "div": "<div xmlns=\"http://www.w3.org/1999/xhtml\"><p><b>Generated Narrative</b></p><p><b>status</b>: finished</p><p><b>class</b>: <span title=\"{http://terminology.hl7.org/CodeSystem/v3-ActCode ACUTE}\">inpatient acute</span></p><p><b>subject</b>: <a href=\"Patient-Patient-HIVSimple2.html\">Generated Summary: Mittens Cat; gender: female; birthDate: 1985-01-01</a></p><p><b>period</b>: 2011-01-01 --&gt; 2011-01-01</p><h3>Locations</h3><table class=\"grid\"><tr><td>-</td><td><b>Location</b></td></tr><tr><td>*</td><td><a href=\"Location-Location-HIVSimple2.html\">Generated Summary: id: Location-HIVSimple2</a></td></tr></table><p><b>serviceProvider</b>: <a href=\"Organization-Organization-HIVSimple2.html\">Generated Summary: name: Government Hospital</a></p></div>"
  },
  "status": "finished",
  "class": {
    "system": "http://terminology.hl7.org/CodeSystem/v3-ActCode",
    "code": "ACUTE"
  },
  "subject": {
    "reference": "Patient/Patient-HIVSimple2"
  },
  "period": {
    "start": "2011-01-01",
    "end": "2011-01-01"
  },
  "location": [
    {
      "location": {
        "reference": "Location/Location-HIVSimple2"
      }
    }
  ],
  "serviceProvider": {
    "reference": "Organization/Organization-HIVSimple2"
  }
}