<?xml version="1.0" encoding="UTF-8"?>

<Encounter xmlns="http://hl7.org/fhir">
  <id value="Encounter-HIVSimple"/>
  <text>
    <status value="generated"/><div xmlns="http://www.w3.org/1999/xhtml"><p><b>Generated Narrative</b></p><div style="display: inline-block; background-color: #d9e0e7; padding: 6px; margin: 4px; border: 1px solid #8da1b4; border-radius: 5px; line-height: 60%"><p style="margin-bottom: 0px">Resource "Encounter-HIVSimple" </p></div><p><b>status</b>: finished</p><p><b>class</b>: inpatient acute (Details: http://terminology.hl7.org/CodeSystem/v3-ActCode code ACUTE = 'inpatient acute', stated as 'null')</p><p><b>subject</b>: <a href="Patient-Patient-HIVSimple.html">Patient/Patient-HIVSimple</a> " CAT"</p><p><b>period</b>: 2011-01-01 --&gt; 2011-01-01</p><p><b>account</b>: <a href="Account-Account-HIVSimple.html">Account/Account-HIVSimple</a></p><h3>Locations</h3><table class="grid"><tr><td>-</td><td><b>Location</b></td></tr><tr><td>*</td><td><a href="Location-Location-HIVSimple.html">Location/Location-HIVSimple</a></td></tr></table><p><b>serviceProvider</b>: <a href="Organization-Organization-HIVSimple.html">Organization/Organization-HIVSimple</a> "Government Hospital"</p></div>
  </text>
  <status value="finished"/>
  <class>
    <system value="http://terminology.hl7.org/CodeSystem/v3-ActCode"/>
    <code value="ACUTE"/>
  </class>
  <subject>
    <reference value="Patient/Patient-HIVSimple"/>
  </subject>
  <period>
    <start value="2011-01-01"/>
    <end value="2011-01-01"/>
  </period>
  <account>
    <reference value="Account/Account-HIVSimple"/>
  </account>
  <location>
    <location>
      <reference value="Location/Location-HIVSimple"/>
    </location>
  </location>
  <serviceProvider>
    <reference value="Organization/Organization-HIVSimple"/>
  </serviceProvider>
</Encounter>