{
  "resourceType": "HealthcareService",
  "id": "HealthcareService-HIVSimple",
  "text": {
    "status": "generated",
    "div": "<div xmlns=\"http://www.w3.org/1999/xhtml\"><p><b>Generated Narrative</b></p><div style=\"display: inline-block; background-color: #d9e0e7; padding: 6px; margin: 4px; border: 1px solid #8da1b4; border-radius: 5px; line-height: 60%\"><p style=\"margin-bottom: 0px\">Resource \"HealthcareService-HIVSimple\" </p></div><p><b>active</b>: true</p><p><b>providedBy</b>: <a href=\"Organization-Organization-HIVSimple.html\">Organization/Organization-HIVSimple</a> \"Government Hospital\"</p><p><b>name</b>: HealthcareService-HIVSimple</p></div>"
  },
  "active": true,
  "providedBy": {
    "reference": "Organization/Organization-HIVSimple"
  },
  "name": "HealthcareService-HIVSimple"
}