<?xml version="1.0" encoding="UTF-8"?>
<library xmlns="urn:hl7-org:elm:r1" xmlns:t="urn:hl7-org:elm-types:r1" xmlns:xsi="http://www.w3.org/2001/XMLSchema-instance" xmlns:xsd="http://www.w3.org/2001/XMLSchema" xmlns:fhir="http://hl7.org/fhir" xmlns:qdm43="urn:healthit-gov:qdm:v4_3" xmlns:qdm53="urn:healthit-gov:qdm:v5_3" xmlns:a="urn:hl7-org:cql-annotations:r1">
   <annotation translatorOptions="EnableAnnotations,EnableLocators,DisableListDemotion,DisableListPromotion" xsi:type="a:CqlToElmInfo"/>
   <identifier id="HIVSimpleGender" system="https://github.com/intrahealth/simple-hiv-ig" version="0.1.0"/>
   <schemaIdentifier id="urn:hl7-org:elm" version="r1"/>
   <usings>
      <def localIdentifier="System" uri="urn:hl7-org:elm-types:r1"/>
      <def localId="1" locator="3:1-3:26" localIdentifier="FHIR" uri="http://hl7.org/fhir" version="4.0.1">
         <annotation xsi:type="a:Annotation">
            <a:s r="1">
               <a:s>using FHIR version '4.0.1'</a:s>
            </a:s>
         </annotation>
      </def>
      <def localId="2" locator="4:1-4:11" localIdentifier="QUICK" uri="http://hl7.org/fhir">
         <annotation xsi:type="a:Annotation">
            <a:s r="2">
               <a:s>using QUICK</a:s>
            </a:s>
         </annotation>
      </def>
   </usings>
   <includes>
      <def localId="3" locator="6:1-6:35" localIdentifier="FHIRHelpers" path="https://github.com/intrahealth/simple-hiv-ig/FHIRHelpers" version="4.0.1">
         <annotation xsi:type="a:Annotation">
            <a:s r="3">
               <a:s>include </a:s>
               <a:s>
                  <a:s>FHIRHelpers</a:s>
               </a:s>
               <a:s> version '4.0.1'</a:s>
            </a:s>
         </annotation>
      </def>
      <def localId="4" locator="7:1-7:44" localIdentifier="FC" path="https://github.com/intrahealth/simple-hiv-ig/FHIRCommon" version="4.0.1">
         <annotation xsi:type="a:Annotation">
            <a:s r="4">
               <a:s>include </a:s>
               <a:s>
                  <a:s>FHIRCommon</a:s>
               </a:s>
               <a:s> version '4.0.1' called FC</a:s>
            </a:s>
         </annotation>
      </def>
   </includes>
   <codeSystems>
      <def localId="5" locator="11:1-11:100" name="SNOMED-CT" id="http://snomed.info/sct" version="http://snomed.info/sct/900000000000207008" accessLevel="Public">
         <annotation xsi:type="a:Annotation">
            <a:s r="5">
               <a:s>codesystem &quot;SNOMED-CT&quot;: 'http://snomed.info/sct' version 'http://snomed.info/sct/900000000000207008'</a:s>
            </a:s>
         </annotation>
      </def>
      <def localId="6" locator="14:1-14:38" name="LOINC" id="http://loinc.org" accessLevel="Public">
         <annotation xsi:type="a:Annotation">
            <a:s r="6">
               <a:s>codesystem &quot;LOINC&quot;: 'http://loinc.org'</a:s>
            </a:s>
         </annotation>
      </def>
   </codeSystems>
   <contexts>
      <def locator="16:1-16:15" name="Patient"/>
   </contexts>
   <statements>
      <def locator="16:1-16:15" name="Patient" context="Patient">
         <expression xsi:type="SingletonFrom">
            <operand locator="16:1-16:15" dataType="fhir:Patient" templateId="http://hl7.org/fhir/StructureDefinition/Patient" xsi:type="Retrieve"/>
         </expression>
      </def>
      <def localId="9" locator="18:1-18:28" name="Sex" context="Patient" accessLevel="Public">
         <annotation xsi:type="a:Annotation">
            <a:s r="9">
               <a:s>define &quot;Sex&quot;: </a:s>
               <a:s r="8">
                  <a:s r="7">
                     <a:s>Patient</a:s>
                  </a:s>
                  <a:s>.</a:s>
                  <a:s r="8">
                     <a:s>gender</a:s>
                  </a:s>
               </a:s>
            </a:s>
         </annotation>
         <expression localId="8" locator="18:15-18:28" path="gender" xsi:type="Property">
            <source localId="7" locator="18:15-18:21" name="Patient" xsi:type="ExpressionRef"/>
         </expression>
      </def>
      <def localId="14" locator="20:1-21:27" name="Female" context="Patient" accessLevel="Public">
         <annotation xsi:type="a:Annotation">
            <a:s r="14">
               <a:s>define &quot;Female&quot;:
  </a:s>
               <a:s r="13">
                  <a:s r="11">
                     <a:s r="10">
                        <a:s>Patient</a:s>
                     </a:s>
                     <a:s>.</a:s>
                     <a:s r="11">
                        <a:s>gender</a:s>
                     </a:s>
                  </a:s>
                  <a:s> = </a:s>
                  <a:s r="12">
                     <a:s>'female'</a:s>
                  </a:s>
               </a:s>
            </a:s>
         </annotation>
         <expression localId="13" locator="21:3-21:27" xsi:type="Equal">
            <operand name="ToString" libraryName="FHIRHelpers" xsi:type="FunctionRef">
               <operand localId="11" locator="21:3-21:16" path="gender" xsi:type="Property">
                  <source localId="10" locator="21:3-21:9" name="Patient" xsi:type="ExpressionRef"/>
               </operand>
            </operand>
            <operand localId="12" locator="21:20-21:27" valueType="t:String" value="female" xsi:type="Literal"/>
         </expression>
      </def>
      <def localId="19" locator="23:1-24:25" name="Male" context="Patient" accessLevel="Public">
         <annotation xsi:type="a:Annotation">
            <a:s r="19">
               <a:s>define &quot;Male&quot;:
  </a:s>
               <a:s r="18">
                  <a:s r="16">
                     <a:s r="15">
                        <a:s>Patient</a:s>
                     </a:s>
                     <a:s>.</a:s>
                     <a:s r="16">
                        <a:s>gender</a:s>
                     </a:s>
                  </a:s>
                  <a:s> = </a:s>
                  <a:s r="17">
                     <a:s>'male'</a:s>
                  </a:s>
               </a:s>
            </a:s>
         </annotation>
         <expression localId="18" locator="24:3-24:25" xsi:type="Equal">
            <operand name="ToString" libraryName="FHIRHelpers" xsi:type="FunctionRef">
               <operand localId="16" locator="24:3-24:16" path="gender" xsi:type="Property">
                  <source localId="15" locator="24:3-24:9" name="Patient" xsi:type="ExpressionRef"/>
               </operand>
            </operand>
            <operand localId="17" locator="24:20-24:25" valueType="t:String" value="male" xsi:type="Literal"/>
         </expression>
      </def>
      <def localId="21" locator="26:1-26:33" name="Initial Population" context="Patient" accessLevel="Public">
         <annotation xsi:type="a:Annotation">
            <a:s r="21">
               <a:s r="20">define &quot;Initial Population&quot;: true</a:s>
            </a:s>
         </annotation>
         <expression localId="20" locator="26:30-26:33" valueType="t:Boolean" value="true" xsi:type="Literal"/>
      </def>
      <def localId="24" locator="28:1-29:19" name="Denominator" context="Patient" accessLevel="Public">
         <annotation xsi:type="a:Annotation">
            <a:s r="24">
               <a:s>define &quot;Denominator&quot;:
  </a:s>
               <a:s r="23">
                  <a:s r="22">
                     <a:s>&quot;Sex&quot;</a:s>
                  </a:s>
                  <a:s> is not null</a:s>
               </a:s>
            </a:s>
         </annotation>
         <expression localId="23" locator="29:3-29:19" xsi:type="Not">
            <operand locator="29:3-29:19" xsi:type="IsNull">
               <operand localId="22" locator="29:3-29:7" name="Sex" xsi:type="ExpressionRef"/>
            </operand>
         </expression>
      </def>
      <def localId="28" locator="31:1-32:18" name="Numerator" context="Patient" accessLevel="Public">
         <annotation xsi:type="a:Annotation">
            <a:s r="28">
               <a:s>define &quot;Numerator&quot;:
  </a:s>
               <a:s r="27">
                  <a:s r="25">
                     <a:s>&quot;Sex&quot;</a:s>
                  </a:s>
                  <a:s> = </a:s>
                  <a:s r="26">
                     <a:s>'female'</a:s>
                  </a:s>
               </a:s>
            </a:s>
         </annotation>
         <expression localId="27" locator="32:3-32:18" xsi:type="Equal">
            <operand name="ToString" libraryName="FHIRHelpers" xsi:type="FunctionRef">
               <operand localId="25" locator="32:3-32:7" name="Sex" xsi:type="ExpressionRef"/>
            </operand>
            <operand localId="26" locator="32:11-32:18" valueType="t:String" value="female" xsi:type="Literal"/>
         </expression>
      </def>
   </statements>
</library>
