<?xml version="1.0" encoding="UTF-8"?>
<library xmlns="urn:hl7-org:elm:r1" xmlns:t="urn:hl7-org:elm-types:r1" xmlns:xsi="http://www.w3.org/2001/XMLSchema-instance" xmlns:xsd="http://www.w3.org/2001/XMLSchema" xmlns:fhir="http://hl7.org/fhir" xmlns:qdm43="urn:healthit-gov:qdm:v4_3" xmlns:qdm53="urn:healthit-gov:qdm:v5_3" xmlns:a="urn:hl7-org:cql-annotations:r1">
   <annotation translatorOptions="EnableAnnotations,EnableLocators,DisableListDemotion,DisableListPromotion" xsi:type="a:CqlToElmInfo"/>
   <identifier id="KitchenSink" system="https://intrahealth.github.io/simple-hiv-ig" version="0.1.0"/>
   <schemaIdentifier id="urn:hl7-org:elm" version="r1"/>
   <usings>
      <def localIdentifier="System" uri="urn:hl7-org:elm-types:r1"/>
      <def localId="1" locator="3:1-3:26" localIdentifier="FHIR" uri="http://hl7.org/fhir" version="4.0.1">
         <annotation xsi:type="a:Annotation">
            <a:s r="1">
               <a:s>using FHIR version '4.0.1'</a:s>
            </a:s>
         </annotation>
      </def>
   </usings>
   <includes>
      <def localId="2" locator="5:1-5:35" localIdentifier="FHIRHelpers" path="https://intrahealth.github.io/simple-hiv-ig/FHIRHelpers" version="4.0.1">
         <annotation xsi:type="a:Annotation">
            <a:s r="2">
               <a:s>include </a:s>
               <a:s>
                  <a:s>FHIRHelpers</a:s>
               </a:s>
               <a:s> version '4.0.1'</a:s>
            </a:s>
         </annotation>
      </def>
      <def localId="3" locator="6:1-6:44" localIdentifier="FC" path="https://intrahealth.github.io/simple-hiv-ig/FHIRCommon" version="4.0.1">
         <annotation xsi:type="a:Annotation">
            <a:s r="3">
               <a:s>include </a:s>
               <a:s>
                  <a:s>FHIRCommon</a:s>
               </a:s>
               <a:s> version '4.0.1' called FC</a:s>
            </a:s>
         </annotation>
      </def>
      <def localId="4" locator="7:1-7:43" localIdentifier="AR" path="https://intrahealth.github.io/simple-hiv-ig/AgeRanges" version="0.1.0">
         <annotation xsi:type="a:Annotation">
            <a:s r="4">
               <a:s>include </a:s>
               <a:s>
                  <a:s>AgeRanges</a:s>
               </a:s>
               <a:s> version '0.1.0' called AR</a:s>
            </a:s>
         </annotation>
      </def>
   </includes>
   <codeSystems>
      <def localId="5" locator="10:1-10:100" name="SNOMED-CT" id="http://snomed.info/sct" version="http://snomed.info/sct/900000000000207008" accessLevel="Public">
         <annotation xsi:type="a:Annotation">
            <a:s r="5">
               <a:s>codesystem &quot;SNOMED-CT&quot;: 'http://snomed.info/sct' version 'http://snomed.info/sct/900000000000207008'</a:s>
            </a:s>
         </annotation>
      </def>
      <def localId="6" locator="12:1-12:38" name="LOINC" id="http://loinc.org" accessLevel="Public">
         <annotation xsi:type="a:Annotation">
            <a:s r="6">
               <a:s>codesystem &quot;LOINC&quot;: 'http://loinc.org'</a:s>
            </a:s>
         </annotation>
      </def>
   </codeSystems>
   <codes>
      <def localId="8" locator="15:1-15:82" name="HIV Condition Positive" id="86406008" display="HIV infection" accessLevel="Public">
         <annotation xsi:type="a:Annotation">
            <a:s r="8">
               <a:s>code &quot;HIV Condition Positive&quot;: '86406008' from </a:s>
               <a:s r="7">
                  <a:s>&quot;SNOMED-CT&quot;</a:s>
               </a:s>
               <a:s> display 'HIV infection'</a:s>
            </a:s>
         </annotation>
         <codeSystem localId="7" locator="15:48-15:58" name="SNOMED-CT"/>
      </def>
      <def localId="10" locator="16:1-16:118" name="HIV 1 and 2 tests - Meaningful Use set" id="75622-1" display="HIV 1 and 2 tests - Meaningful Use set" accessLevel="Public">
         <annotation xsi:type="a:Annotation">
            <a:s r="10">
               <a:s>code &quot;HIV 1 and 2 tests - Meaningful Use set&quot;: '75622-1' from </a:s>
               <a:s r="9">
                  <a:s>&quot;LOINC&quot;</a:s>
               </a:s>
               <a:s> display 'HIV 1 and 2 tests - Meaningful Use set'</a:s>
            </a:s>
         </annotation>
         <codeSystem localId="9" locator="16:63-16:69" name="LOINC"/>
      </def>
      <def localId="12" locator="17:1-17:83" name="Pregnant (finding)" id="77386006" display="Pregnant (finding)" accessLevel="Public">
         <annotation xsi:type="a:Annotation">
            <a:s r="12">
               <a:s>code &quot;Pregnant (finding)&quot;: '77386006' from </a:s>
               <a:s r="11">
                  <a:s>&quot;SNOMED-CT&quot;</a:s>
               </a:s>
               <a:s> display 'Pregnant (finding)'</a:s>
            </a:s>
         </annotation>
         <codeSystem localId="11" locator="17:44-17:54" name="SNOMED-CT"/>
      </def>
      <def localId="14" locator="18:1-18:102" name="HIV 1 RNA NAA+probe (Specimen)" id="25836-8" display="HIV 1 RNA NAA+probe (Specimen)" accessLevel="Public">
         <annotation xsi:type="a:Annotation">
            <a:s r="14">
               <a:s>code &quot;HIV 1 RNA NAA+probe (Specimen)&quot;: '25836-8' from </a:s>
               <a:s r="13">
                  <a:s>&quot;LOINC&quot;</a:s>
               </a:s>
               <a:s> display 'HIV 1 RNA NAA+probe (Specimen)'</a:s>
            </a:s>
         </annotation>
         <codeSystem localId="13" locator="18:55-18:61" name="LOINC"/>
      </def>
   </codes>
   <contexts>
      <def locator="20:1-20:15" name="Patient"/>
   </contexts>
   <statements>
      <def locator="20:1-20:15" name="Patient" context="Patient">
         <expression xsi:type="SingletonFrom">
            <operand locator="20:1-20:15" dataType="fhir:Patient" templateId="http://hl7.org/fhir/StructureDefinition/Patient" xsi:type="Retrieve"/>
         </expression>
      </def>
      <def localId="18" locator="22:1-23:22" name="Sex" context="Patient" accessLevel="Public">
         <annotation xsi:type="a:Annotation">
            <a:s r="18">
               <a:s>define &quot;Sex&quot;:
  </a:s>
               <a:s r="17">
                  <a:s r="16">
                     <a:s r="15">
                        <a:s>Patient</a:s>
                     </a:s>
                     <a:s>.</a:s>
                     <a:s r="16">
                        <a:s>gender</a:s>
                     </a:s>
                  </a:s>
                  <a:s>.</a:s>
                  <a:s r="17">
                     <a:s>value</a:s>
                  </a:s>
               </a:s>
            </a:s>
         </annotation>
         <expression localId="17" locator="23:3-23:22" path="value" xsi:type="Property">
            <source localId="16" locator="23:3-23:16" path="gender" xsi:type="Property">
               <source localId="15" locator="23:3-23:9" name="Patient" xsi:type="ExpressionRef"/>
            </source>
         </expression>
      </def>
      <def localId="23" locator="25:1-26:27" name="Female" context="Patient" accessLevel="Public">
         <annotation xsi:type="a:Annotation">
            <a:s r="23">
               <a:s>define &quot;Female&quot;:
  </a:s>
               <a:s r="22">
                  <a:s r="20">
                     <a:s r="19">
                        <a:s>Patient</a:s>
                     </a:s>
                     <a:s>.</a:s>
                     <a:s r="20">
                        <a:s>gender</a:s>
                     </a:s>
                  </a:s>
                  <a:s> = </a:s>
                  <a:s r="21">
                     <a:s>'female'</a:s>
                  </a:s>
               </a:s>
            </a:s>
         </annotation>
         <expression localId="22" locator="26:3-26:27" xsi:type="Equal">
            <operand name="ToString" libraryName="FHIRHelpers" xsi:type="FunctionRef">
               <operand localId="20" locator="26:3-26:16" path="gender" xsi:type="Property">
                  <source localId="19" locator="26:3-26:9" name="Patient" xsi:type="ExpressionRef"/>
               </operand>
            </operand>
            <operand localId="21" locator="26:20-26:27" valueType="t:String" value="female" xsi:type="Literal"/>
         </expression>
      </def>
      <def localId="28" locator="28:1-29:25" name="Male" context="Patient" accessLevel="Public">
         <annotation xsi:type="a:Annotation">
            <a:s r="28">
               <a:s>define &quot;Male&quot;:
  </a:s>
               <a:s r="27">
                  <a:s r="25">
                     <a:s r="24">
                        <a:s>Patient</a:s>
                     </a:s>
                     <a:s>.</a:s>
                     <a:s r="25">
                        <a:s>gender</a:s>
                     </a:s>
                  </a:s>
                  <a:s> = </a:s>
                  <a:s r="26">
                     <a:s>'male'</a:s>
                  </a:s>
               </a:s>
            </a:s>
         </annotation>
         <expression localId="27" locator="29:3-29:25" xsi:type="Equal">
            <operand name="ToString" libraryName="FHIRHelpers" xsi:type="FunctionRef">
               <operand localId="25" locator="29:3-29:16" path="gender" xsi:type="Property">
                  <source localId="24" locator="29:3-29:9" name="Patient" xsi:type="ExpressionRef"/>
               </operand>
            </operand>
            <operand localId="26" locator="29:20-29:25" valueType="t:String" value="male" xsi:type="Literal"/>
         </expression>
      </def>
      <def localId="36" locator="31:1-32:35" name="Age Group/Sex" context="Patient" accessLevel="Public">
         <annotation xsi:type="a:Annotation">
            <a:s r="36">
               <a:s>define &quot;Age Group/Sex&quot;:
  </a:s>
               <a:s r="35">
                  <a:s r="33">
                     <a:s r="31">
                        <a:s r="30">
                           <a:s r="29">
                              <a:s>AR</a:s>
                           </a:s>
                           <a:s>.</a:s>
                           <a:s r="30">
                              <a:s>&quot;Age Group&quot;</a:s>
                           </a:s>
                        </a:s>
                        <a:s>.</a:s>
                        <a:s r="31">
                           <a:s>code</a:s>
                        </a:s>
                     </a:s>
                     <a:s> + </a:s>
                     <a:s r="32">
                        <a:s>':'</a:s>
                     </a:s>
                  </a:s>
                  <a:s> + </a:s>
                  <a:s r="34">
                     <a:s>&quot;Sex&quot;</a:s>
                  </a:s>
               </a:s>
            </a:s>
         </annotation>
         <expression localId="35" locator="32:3-32:35" xsi:type="Concatenate">
            <operand localId="33" locator="32:3-32:27" xsi:type="Concatenate">
               <operand localId="31" locator="32:3-32:21" path="code" xsi:type="Property">
                  <source localId="30" locator="32:3-32:16" name="Age Group" libraryName="AR" xsi:type="ExpressionRef"/>
               </operand>
               <operand localId="32" locator="32:25-32:27" valueType="t:String" value=":" xsi:type="Literal"/>
            </operand>
            <operand localId="34" locator="32:31-32:35" name="Sex" xsi:type="ExpressionRef"/>
         </expression>
      </def>
      <def localId="39" locator="34:1-35:16" name="Age Group" context="Patient" accessLevel="Public">
         <annotation xsi:type="a:Annotation">
            <a:s r="39">
               <a:s>define &quot;Age Group&quot;:
  </a:s>
               <a:s r="38">
                  <a:s r="37">
                     <a:s>AR</a:s>
                  </a:s>
                  <a:s>.</a:s>
                  <a:s r="38">
                     <a:s>&quot;Age Group&quot;</a:s>
                  </a:s>
               </a:s>
            </a:s>
         </annotation>
         <expression localId="38" locator="35:3-35:16" name="Age Group" libraryName="AR" xsi:type="ExpressionRef"/>
      </def>
      <def localId="41" locator="37:1-38:6" name="Initial Population" context="Patient" accessLevel="Public">
         <annotation xsi:type="a:Annotation">
            <a:s r="41">
               <a:s r="40">define &quot;Initial Population&quot;:
  true</a:s>
            </a:s>
         </annotation>
         <expression localId="40" locator="38:3-38:6" valueType="t:Boolean" value="true" xsi:type="Literal"/>
      </def>
      <def localId="44" locator="40:1-41:19" name="Denominator" context="Patient" accessLevel="Public">
         <annotation xsi:type="a:Annotation">
            <a:s r="44">
               <a:s>define &quot;Denominator&quot;:
  </a:s>
               <a:s r="43">
                  <a:s r="42">
                     <a:s>&quot;Sex&quot;</a:s>
                  </a:s>
                  <a:s> is not null</a:s>
               </a:s>
            </a:s>
         </annotation>
         <expression localId="43" locator="41:3-41:19" xsi:type="Not">
            <operand locator="41:3-41:19" xsi:type="IsNull">
               <operand localId="42" locator="41:3-41:7" name="Sex" xsi:type="ExpressionRef"/>
            </operand>
         </expression>
      </def>
      <def localId="48" locator="43:1-44:18" name="Numerator" context="Patient" accessLevel="Public">
         <annotation xsi:type="a:Annotation">
            <a:s r="48">
               <a:s>define &quot;Numerator&quot;:
  </a:s>
               <a:s r="47">
                  <a:s r="45">
                     <a:s>&quot;Sex&quot;</a:s>
                  </a:s>
                  <a:s> = </a:s>
                  <a:s r="46">
                     <a:s>'female'</a:s>
                  </a:s>
               </a:s>
            </a:s>
         </annotation>
         <expression localId="47" locator="44:3-44:18" xsi:type="Equal">
            <operand localId="45" locator="44:3-44:7" name="Sex" xsi:type="ExpressionRef"/>
            <operand localId="46" locator="44:11-44:18" valueType="t:String" value="female" xsi:type="Literal"/>
         </expression>
      </def>
      <def localId="50" locator="46:1-47:17" name="Hello, World!" context="Patient" accessLevel="Public">
         <annotation xsi:type="a:Annotation">
            <a:s r="50">
               <a:s>define &quot;Hello, World!&quot;:
  </a:s>
               <a:s r="49">
                  <a:s>'Hello, World!'</a:s>
               </a:s>
            </a:s>
         </annotation>
         <expression localId="49" locator="47:3-47:17" valueType="t:String" value="Hello, World!" xsi:type="Literal"/>
      </def>
      <def localId="54" locator="50:1-51:29" name="birthDate_str" context="Patient" accessLevel="Public">
         <annotation xsi:type="a:Annotation">
            <a:s r="54">
               <a:s>define &quot;birthDate_str&quot;:
  </a:s>
               <a:s r="53">
                  <a:s>ToString(</a:s>
                  <a:s r="52">
                     <a:s r="51">
                        <a:s>Patient</a:s>
                     </a:s>
                     <a:s>.</a:s>
                     <a:s r="52">
                        <a:s>birthDate</a:s>
                     </a:s>
                  </a:s>
                  <a:s>)</a:s>
               </a:s>
            </a:s>
         </annotation>
         <expression localId="53" locator="51:3-51:29" xsi:type="ToString">
            <operand name="ToDate" libraryName="FHIRHelpers" xsi:type="FunctionRef">
               <operand localId="52" locator="51:12-51:28" path="birthDate" xsi:type="Property">
                  <source localId="51" locator="51:12-51:18" name="Patient" xsi:type="ExpressionRef"/>
               </operand>
            </operand>
         </expression>
      </def>
      <def localId="61" locator="54:1-55:29" name="Given Name" context="Patient" accessLevel="Public">
         <annotation xsi:type="a:Annotation">
            <a:s r="61">
               <a:s>define &quot;Given Name&quot;:
  </a:s>
               <a:s r="60">
                  <a:s r="59">
                     <a:s r="57">
                        <a:s r="56">
                           <a:s r="55">
                              <a:s>Patient</a:s>
                           </a:s>
                           <a:s>.</a:s>
                           <a:s r="56">
                              <a:s>name</a:s>
                           </a:s>
                        </a:s>
                        <a:s>.</a:s>
                        <a:s r="57">
                           <a:s>given</a:s>
                        </a:s>
                     </a:s>
                     <a:s r="58">[0]</a:s>
                  </a:s>
                  <a:s>.</a:s>
                  <a:s r="60">
                     <a:s>value</a:s>
                  </a:s>
               </a:s>
            </a:s>
         </annotation>
         <expression localId="60" locator="55:3-55:29" path="value" xsi:type="Property">
            <source localId="59" locator="55:3-55:23" xsi:type="Indexer">
               <operand localId="57" locator="55:3-55:20" xsi:type="Flatten">
                  <operand xsi:type="Query">
                     <source alias="$this">
                        <expression localId="56" locator="55:3-55:14" path="name" xsi:type="Property">
                           <source localId="55" locator="55:3-55:9" name="Patient" xsi:type="ExpressionRef"/>
                        </expression>
                     </source>
                     <where xsi:type="Not">
                        <operand xsi:type="IsNull">
                           <operand path="given" xsi:type="Property">
                              <source name="$this" xsi:type="AliasRef"/>
                           </operand>
                        </operand>
                     </where>
                     <return distinct="false">
                        <expression path="given" xsi:type="Property">
                           <source name="$this" xsi:type="AliasRef"/>
                        </expression>
                     </return>
                  </operand>
               </operand>
               <operand localId="58" locator="55:22" valueType="t:Integer" value="0" xsi:type="Literal"/>
            </source>
         </expression>
      </def>
      <def localId="68" locator="58:1-59:30" name="Family Name" context="Patient" accessLevel="Public">
         <annotation xsi:type="a:Annotation">
            <a:s r="68">
               <a:s>define &quot;Family Name&quot;:
  </a:s>
               <a:s r="67">
                  <a:s r="66">
                     <a:s r="64">
                        <a:s r="63">
                           <a:s r="62">
                              <a:s>Patient</a:s>
                           </a:s>
                           <a:s>.</a:s>
                           <a:s r="63">
                              <a:s>name</a:s>
                           </a:s>
                        </a:s>
                        <a:s>.</a:s>
                        <a:s r="64">
                           <a:s>family</a:s>
                        </a:s>
                     </a:s>
                     <a:s r="65">[0]</a:s>
                  </a:s>
                  <a:s>.</a:s>
                  <a:s r="67">
                     <a:s>value</a:s>
                  </a:s>
               </a:s>
            </a:s>
         </annotation>
         <expression localId="67" locator="59:3-59:30" path="value" xsi:type="Property">
            <source localId="66" locator="59:3-59:24" xsi:type="Indexer">
               <operand localId="64" locator="59:3-59:21" xsi:type="Query">
                  <source alias="$this">
                     <expression localId="63" locator="59:3-59:14" path="name" xsi:type="Property">
                        <source localId="62" locator="59:3-59:9" name="Patient" xsi:type="ExpressionRef"/>
                     </expression>
                  </source>
                  <where xsi:type="Not">
                     <operand xsi:type="IsNull">
                        <operand path="family" xsi:type="Property">
                           <source name="$this" xsi:type="AliasRef"/>
                        </operand>
                     </operand>
                  </where>
                  <return distinct="false">
                     <expression path="family" xsi:type="Property">
                        <source name="$this" xsi:type="AliasRef"/>
                     </expression>
                  </return>
               </operand>
               <operand localId="65" locator="59:23" valueType="t:Integer" value="0" xsi:type="Literal"/>
            </source>
         </expression>
      </def>
      <def localId="71" locator="62:1-63:48" name="HIV Condition" context="Patient" accessLevel="Public">
         <annotation xsi:type="a:Annotation">
            <a:s r="71">
               <a:s>define &quot;HIV Condition&quot;:
  </a:s>
               <a:s r="70">
                  <a:s>exists </a:s>
                  <a:s r="69">
                     <a:s>[&quot;Condition&quot;: </a:s>
                     <a:s>
                        <a:s>&quot;HIV Condition Positive&quot;</a:s>
                     </a:s>
                     <a:s>]</a:s>
                  </a:s>
               </a:s>
            </a:s>
         </annotation>
         <expression localId="70" locator="63:3-63:48" xsi:type="Exists">
            <operand localId="69" locator="63:10-63:48" dataType="fhir:Condition" templateId="http://hl7.org/fhir/StructureDefinition/Condition" codeProperty="code" codeComparator="~" xsi:type="Retrieve">
               <codes xsi:type="ToList">
                  <operand locator="63:24-63:47" name="HIV Condition Positive" xsi:type="CodeRef"/>
               </codes>
            </operand>
         </expression>
      </def>
      <def localId="73" locator="65:1-66:17" name="Is HIV Positive" context="Patient" accessLevel="Public">
         <annotation xsi:type="a:Annotation">
            <a:s r="73">
               <a:s>define &quot;Is HIV Positive&quot;:
  </a:s>
               <a:s r="72">
                  <a:s>&quot;HIV Condition&quot;</a:s>
               </a:s>
            </a:s>
         </annotation>
         <expression localId="72" locator="66:3-66:17" name="HIV Condition" xsi:type="ExpressionRef"/>
      </def>
      <def localId="76" locator="68:1-69:21" name="Is HIV Negative" context="Patient" accessLevel="Public">
         <annotation xsi:type="a:Annotation">
            <a:s r="76">
               <a:s>define &quot;Is HIV Negative&quot;:
  </a:s>
               <a:s r="75">
                  <a:s>not </a:s>
                  <a:s r="74">
                     <a:s>&quot;HIV Condition&quot;</a:s>
                  </a:s>
               </a:s>
            </a:s>
         </annotation>
         <expression localId="75" locator="69:3-69:21" xsi:type="Not">
            <operand localId="74" locator="69:7-69:21" name="HIV Condition" xsi:type="ExpressionRef"/>
         </expression>
      </def>
      <def localId="79" locator="72:1-73:44" name="Pregnant" context="Patient" accessLevel="Public">
         <annotation xsi:type="a:Annotation">
            <a:s r="79">
               <a:s>define &quot;Pregnant&quot;:
  </a:s>
               <a:s r="78">
                  <a:s>exists </a:s>
                  <a:s r="77">
                     <a:s>[&quot;Condition&quot;: </a:s>
                     <a:s>
                        <a:s>&quot;Pregnant (finding)&quot;</a:s>
                     </a:s>
                     <a:s>]</a:s>
                  </a:s>
               </a:s>
            </a:s>
         </annotation>
         <expression localId="78" locator="73:3-73:44" xsi:type="Exists">
            <operand localId="77" locator="73:10-73:44" dataType="fhir:Condition" templateId="http://hl7.org/fhir/StructureDefinition/Condition" codeProperty="code" codeComparator="~" xsi:type="Retrieve">
               <codes xsi:type="ToList">
                  <operand locator="73:24-73:43" name="Pregnant (finding)" xsi:type="CodeRef"/>
               </codes>
            </operand>
         </expression>
      </def>
      <def localId="91" locator="75:1-78:31" name="Viral Load Test Result" context="Patient" accessLevel="Public">
         <annotation xsi:type="a:Annotation">
            <a:s r="91">
               <a:s>define &quot;Viral Load Test Result&quot;:
  </a:s>
               <a:s r="90">
                  <a:s>
                     <a:s r="81">
                        <a:s r="80">
                           <a:s r="80">
                              <a:s>[&quot;Observation&quot;: </a:s>
                              <a:s>
                                 <a:s>&quot;HIV 1 RNA NAA+probe (Specimen)&quot;</a:s>
                              </a:s>
                              <a:s>]</a:s>
                           </a:s>
                        </a:s>
                        <a:s> Obs</a:s>
                     </a:s>
                  </a:s>
                  <a:s>
    </a:s>
                  <a:s r="89">
                     <a:s>where </a:s>
                     <a:s r="89">
                        <a:s r="85">
                           <a:s r="83">
                              <a:s r="82">
                                 <a:s>Obs</a:s>
                              </a:s>
                              <a:s>.</a:s>
                              <a:s r="83">
                                 <a:s>status</a:s>
                              </a:s>
                           </a:s>
                           <a:s> = </a:s>
                           <a:s r="84">
                              <a:s>'final'</a:s>
                           </a:s>
                        </a:s>
                        <a:s>
      and </a:s>
                        <a:s r="88">
                           <a:s r="87">
                              <a:s r="86">
                                 <a:s>Obs</a:s>
                              </a:s>
                              <a:s>.</a:s>
                              <a:s r="87">
                                 <a:s>value</a:s>
                              </a:s>
                           </a:s>
                           <a:s> is not null</a:s>
                        </a:s>
                     </a:s>
                  </a:s>
               </a:s>
            </a:s>
         </annotation>
         <expression localId="90" locator="76:3-78:31" xsi:type="Query">
            <source localId="81" locator="76:3-76:55" alias="Obs">
               <expression localId="80" locator="76:3-76:51" dataType="fhir:Observation" templateId="http://hl7.org/fhir/StructureDefinition/Observation" codeProperty="code" codeComparator="~" xsi:type="Retrieve">
                  <codes xsi:type="ToList">
                     <operand locator="76:19-76:50" name="HIV 1 RNA NAA+probe (Specimen)" xsi:type="CodeRef"/>
                  </codes>
               </expression>
            </source>
            <where localId="89" locator="77:5-78:31" xsi:type="And">
               <operand localId="85" locator="77:11-77:30" xsi:type="Equal">
                  <operand name="ToString" libraryName="FHIRHelpers" xsi:type="FunctionRef">
                     <operand localId="83" locator="77:11-77:20" path="status" scope="Obs" xsi:type="Property"/>
                  </operand>
                  <operand localId="84" locator="77:24-77:30" valueType="t:String" value="final" xsi:type="Literal"/>
               </operand>
               <operand localId="88" locator="78:11-78:31" xsi:type="Not">
                  <operand locator="78:11-78:31" xsi:type="IsNull">
                     <operand localId="87" locator="78:11-78:19" path="value" scope="Obs" xsi:type="Property"/>
                  </operand>
               </operand>
            </where>
         </expression>
      </def>
      <def localId="99" locator="106:1-108:48" name="Living with HIV and on ART with suppressed viral load results (&lt;1000 copies/mL)" context="Patient" accessLevel="Public">
         <annotation xsi:type="a:Annotation">
            <a:s r="99">
               <a:s>define &quot;Living with HIV and on ART with suppressed viral load results (&lt;1000 copies/mL)&quot;:
  </a:s>
               <a:s r="98">
                  <a:s>
                     <a:s r="93">
                        <a:s r="92">
                           <a:s r="92">
                              <a:s>[&quot;Observation&quot;: </a:s>
                              <a:s>
                                 <a:s>&quot;HIV 1 RNA NAA+probe (Specimen)&quot;</a:s>
                              </a:s>
                              <a:s>]</a:s>
                           </a:s>
                        </a:s>
                        <a:s> Observation</a:s>
                     </a:s>
                  </a:s>
                  <a:s>
    </a:s>
                  <a:s r="97">
                     <a:s>where </a:s>
                     <a:s r="97">
                        <a:s r="95">
                           <a:s r="94">
                              <a:s>Observation</a:s>
                           </a:s>
                           <a:s>.</a:s>
                           <a:s r="95">
                              <a:s>value</a:s>
                           </a:s>
                        </a:s>
                        <a:s> &lt; </a:s>
                        <a:s r="96">
                           <a:s>1000 '{copies}/mL'</a:s>
                        </a:s>
                     </a:s>
                  </a:s>
               </a:s>
            </a:s>
         </annotation>
         <expression localId="98" locator="107:3-108:48" xsi:type="Query">
            <source localId="93" locator="107:3-107:63" alias="Observation">
               <expression localId="92" locator="107:3-107:51" dataType="fhir:Observation" templateId="http://hl7.org/fhir/StructureDefinition/Observation" codeProperty="code" codeComparator="~" xsi:type="Retrieve">
                  <codes xsi:type="ToList">
                     <operand locator="107:19-107:50" name="HIV 1 RNA NAA+probe (Specimen)" xsi:type="CodeRef"/>
                  </codes>
               </expression>
            </source>
            <where localId="97" locator="108:5-108:48" xsi:type="Less">
               <operand name="ToQuantity" libraryName="FHIRHelpers" xsi:type="FunctionRef">
                  <operand asType="fhir:Quantity" xsi:type="As">
                     <operand localId="95" locator="108:11-108:27" path="value" scope="Observation" xsi:type="Property"/>
                  </operand>
               </operand>
               <operand localId="96" locator="108:31-108:48" value="1000" unit="{copies}/mL" xsi:type="Quantity"/>
            </where>
         </expression>
      </def>
      <def localId="107" locator="110:1-112:49" name="Living with HIV and on ART with unsuppressed viral load results (>1000 copies/mL)" context="Patient" accessLevel="Public">
         <annotation xsi:type="a:Annotation">
            <a:s r="107">
               <a:s>define &quot;Living with HIV and on ART with unsuppressed viral load results (>1000 copies/mL)&quot;:
  </a:s>
               <a:s r="106">
                  <a:s>
                     <a:s r="101">
                        <a:s r="100">
                           <a:s r="100">
                              <a:s>[&quot;Observation&quot;: </a:s>
                              <a:s>
                                 <a:s>&quot;HIV 1 RNA NAA+probe (Specimen)&quot;</a:s>
                              </a:s>
                              <a:s>]</a:s>
                           </a:s>
                        </a:s>
                        <a:s> Observation</a:s>
                     </a:s>
                  </a:s>
                  <a:s>
    </a:s>
                  <a:s r="105">
                     <a:s>where </a:s>
                     <a:s r="105">
                        <a:s r="103">
                           <a:s r="102">
                              <a:s>Observation</a:s>
                           </a:s>
                           <a:s>.</a:s>
                           <a:s r="103">
                              <a:s>value</a:s>
                           </a:s>
                        </a:s>
                        <a:s> >= </a:s>
                        <a:s r="104">
                           <a:s>1000 '{copies}/mL'</a:s>
                        </a:s>
                     </a:s>
                  </a:s>
               </a:s>
            </a:s>
         </annotation>
         <expression localId="106" locator="111:3-112:49" xsi:type="Query">
            <source localId="101" locator="111:3-111:63" alias="Observation">
               <expression localId="100" locator="111:3-111:51" dataType="fhir:Observation" templateId="http://hl7.org/fhir/StructureDefinition/Observation" codeProperty="code" codeComparator="~" xsi:type="Retrieve">
                  <codes xsi:type="ToList">
                     <operand locator="111:19-111:50" name="HIV 1 RNA NAA+probe (Specimen)" xsi:type="CodeRef"/>
                  </codes>
               </expression>
            </source>
            <where localId="105" locator="112:5-112:49" xsi:type="GreaterOrEqual">
               <operand name="ToQuantity" libraryName="FHIRHelpers" xsi:type="FunctionRef">
                  <operand asType="fhir:Quantity" xsi:type="As">
                     <operand localId="103" locator="112:11-112:27" path="value" scope="Observation" xsi:type="Property"/>
                  </operand>
               </operand>
               <operand localId="104" locator="112:32-112:49" value="1000" unit="{copies}/mL" xsi:type="Quantity"/>
            </where>
         </expression>
      </def>
      <def localId="115" locator="114:1-116:48" name="Suppressed" context="Patient" accessLevel="Public">
         <annotation xsi:type="a:Annotation">
            <a:s r="115">
               <a:s>define &quot;Suppressed&quot;:
  </a:s>
               <a:s r="114">
                  <a:s>
                     <a:s r="109">
                        <a:s r="108">
                           <a:s r="108">
                              <a:s>[Observation: </a:s>
                              <a:s>
                                 <a:s>&quot;HIV 1 RNA NAA+probe (Specimen)&quot;</a:s>
                              </a:s>
                              <a:s>]</a:s>
                           </a:s>
                        </a:s>
                        <a:s> Observation</a:s>
                     </a:s>
                  </a:s>
                  <a:s>
    </a:s>
                  <a:s r="113">
                     <a:s>where </a:s>
                     <a:s r="113">
                        <a:s r="111">
                           <a:s r="110">
                              <a:s>Observation</a:s>
                           </a:s>
                           <a:s>.</a:s>
                           <a:s r="111">
                              <a:s>value</a:s>
                           </a:s>
                        </a:s>
                        <a:s> &lt; </a:s>
                        <a:s r="112">
                           <a:s>1000 '{copies}/mL'</a:s>
                        </a:s>
                     </a:s>
                  </a:s>
               </a:s>
            </a:s>
         </annotation>
         <expression localId="114" locator="115:3-116:48" xsi:type="Query">
            <source localId="109" locator="115:3-115:61" alias="Observation">
               <expression localId="108" locator="115:3-115:49" dataType="fhir:Observation" templateId="http://hl7.org/fhir/StructureDefinition/Observation" codeProperty="code" codeComparator="~" xsi:type="Retrieve">
                  <codes xsi:type="ToList">
                     <operand locator="115:17-115:48" name="HIV 1 RNA NAA+probe (Specimen)" xsi:type="CodeRef"/>
                  </codes>
               </expression>
            </source>
            <where localId="113" locator="116:5-116:48" xsi:type="Less">
               <operand name="ToQuantity" libraryName="FHIRHelpers" xsi:type="FunctionRef">
                  <operand asType="fhir:Quantity" xsi:type="As">
                     <operand localId="111" locator="116:11-116:27" path="value" scope="Observation" xsi:type="Property"/>
                  </operand>
               </operand>
               <operand localId="112" locator="116:31-116:48" value="1000" unit="{copies}/mL" xsi:type="Quantity"/>
            </where>
         </expression>
      </def>
      <def localId="123" locator="118:1-120:49" name="Unsuppressed" context="Patient" accessLevel="Public">
         <annotation xsi:type="a:Annotation">
            <a:s r="123">
               <a:s>define &quot;Unsuppressed&quot;:
  </a:s>
               <a:s r="122">
                  <a:s>
                     <a:s r="117">
                        <a:s r="116">
                           <a:s r="116">
                              <a:s>[Observation: </a:s>
                              <a:s>
                                 <a:s>&quot;HIV 1 RNA NAA+probe (Specimen)&quot;</a:s>
                              </a:s>
                              <a:s>]</a:s>
                           </a:s>
                        </a:s>
                        <a:s> Observation</a:s>
                     </a:s>
                  </a:s>
                  <a:s>
    </a:s>
                  <a:s r="121">
                     <a:s>where </a:s>
                     <a:s r="121">
                        <a:s r="119">
                           <a:s r="118">
                              <a:s>Observation</a:s>
                           </a:s>
                           <a:s>.</a:s>
                           <a:s r="119">
                              <a:s>value</a:s>
                           </a:s>
                        </a:s>
                        <a:s> >= </a:s>
                        <a:s r="120">
                           <a:s>1000 '{copies}/mL'</a:s>
                        </a:s>
                     </a:s>
                  </a:s>
               </a:s>
            </a:s>
         </annotation>
         <expression localId="122" locator="119:3-120:49" xsi:type="Query">
            <source localId="117" locator="119:3-119:61" alias="Observation">
               <expression localId="116" locator="119:3-119:49" dataType="fhir:Observation" templateId="http://hl7.org/fhir/StructureDefinition/Observation" codeProperty="code" codeComparator="~" xsi:type="Retrieve">
                  <codes xsi:type="ToList">
                     <operand locator="119:17-119:48" name="HIV 1 RNA NAA+probe (Specimen)" xsi:type="CodeRef"/>
                  </codes>
               </expression>
            </source>
            <where localId="121" locator="120:5-120:49" xsi:type="GreaterOrEqual">
               <operand name="ToQuantity" libraryName="FHIRHelpers" xsi:type="FunctionRef">
                  <operand asType="fhir:Quantity" xsi:type="As">
                     <operand localId="119" locator="120:11-120:27" path="value" scope="Observation" xsi:type="Property"/>
                  </operand>
               </operand>
               <operand localId="120" locator="120:32-120:49" value="1000" unit="{copies}/mL" xsi:type="Quantity"/>
            </where>
         </expression>
      </def>
      <def localId="131" locator="123:1-125:25" name="Contact date" context="Patient" accessLevel="Public">
         <annotation xsi:type="a:Annotation">
            <a:s r="131">
               <a:s>define &quot;Contact date&quot;:
  </a:s>
               <a:s r="130">
                  <a:s>
                     <a:s r="125">
                        <a:s r="124">
                           <a:s r="124">
                              <a:s>[Encounter]</a:s>
                           </a:s>
                        </a:s>
                        <a:s> E</a:s>
                     </a:s>
                  </a:s>
                  <a:s>
    </a:s>
                  <a:s r="129">
                     <a:s>return </a:s>
                     <a:s r="128">
                        <a:s r="127">
                           <a:s r="126">
                              <a:s>E</a:s>
                           </a:s>
                           <a:s>.</a:s>
                           <a:s r="127">
                              <a:s>period</a:s>
                           </a:s>
                        </a:s>
                        <a:s>.</a:s>
                        <a:s r="128">
                           <a:s>start</a:s>
                        </a:s>
                     </a:s>
                  </a:s>
               </a:s>
            </a:s>
         </annotation>
         <expression localId="130" locator="124:3-125:25" xsi:type="Query">
            <source localId="125" locator="124:3-124:15" alias="E">
               <expression localId="124" locator="124:3-124:13" dataType="fhir:Encounter" templateId="http://hl7.org/fhir/StructureDefinition/Encounter" xsi:type="Retrieve"/>
            </source>
            <return localId="129" locator="125:5-125:25">
               <expression localId="128" locator="125:12-125:25" path="start" xsi:type="Property">
                  <source localId="127" locator="125:12-125:19" path="period" scope="E" xsi:type="Property"/>
               </expression>
            </return>
         </expression>
      </def>
      <def localId="152" locator="128:1-133:5" name="SDE Sex" context="Patient" accessLevel="Public">
         <annotation xsi:type="a:Annotation">
            <a:s r="152">
               <a:s>define &quot;SDE Sex&quot;:
  </a:s>
               <a:s r="151">
                  <a:s>case
    </a:s>
                  <a:s r="140">
                     <a:s>when </a:s>
                     <a:s r="135">
                        <a:s r="133">
                           <a:s r="132">
                              <a:s>Patient</a:s>
                           </a:s>
                           <a:s>.</a:s>
                           <a:s r="133">
                              <a:s>gender</a:s>
                           </a:s>
                        </a:s>
                        <a:s> = </a:s>
                        <a:s r="134">
                           <a:s>'male'</a:s>
                        </a:s>
                     </a:s>
                     <a:s> then </a:s>
                     <a:s r="139">
                        <a:s>Code { </a:s>
                        <a:s>
                           <a:s>code: </a:s>
                           <a:s r="136">
                              <a:s>'M'</a:s>
                           </a:s>
                        </a:s>
                        <a:s>, </a:s>
                        <a:s>
                           <a:s>system: </a:s>
                           <a:s r="137">
                              <a:s>'http://hl7.org/fhir/administrative-gender'</a:s>
                           </a:s>
                        </a:s>
                        <a:s>, </a:s>
                        <a:s>
                           <a:s>display: </a:s>
                           <a:s r="138">
                              <a:s>'Male'</a:s>
                           </a:s>
                        </a:s>
                        <a:s> }</a:s>
                     </a:s>
                  </a:s>
                  <a:s>
    </a:s>
                  <a:s r="149">
                     <a:s>when </a:s>
                     <a:s r="144">
                        <a:s r="142">
                           <a:s r="141">
                              <a:s>Patient</a:s>
                           </a:s>
                           <a:s>.</a:s>
                           <a:s r="142">
                              <a:s>gender</a:s>
                           </a:s>
                        </a:s>
                        <a:s> = </a:s>
                        <a:s r="143">
                           <a:s>'female'</a:s>
                        </a:s>
                     </a:s>
                     <a:s> then </a:s>
                     <a:s r="148">
                        <a:s>Code { </a:s>
                        <a:s>
                           <a:s>code: </a:s>
                           <a:s r="145">
                              <a:s>'F'</a:s>
                           </a:s>
                        </a:s>
                        <a:s>, </a:s>
                        <a:s>
                           <a:s>system: </a:s>
                           <a:s r="146">
                              <a:s>'http://hl7.org/fhir/administrative-gender'</a:s>
                           </a:s>
                        </a:s>
                        <a:s>, </a:s>
                        <a:s>
                           <a:s>display: </a:s>
                           <a:s r="147">
                              <a:s>'Female'</a:s>
                           </a:s>
                        </a:s>
                        <a:s> }</a:s>
                     </a:s>
                  </a:s>
                  <a:s r="150">
    else null
  end</a:s>
               </a:s>
            </a:s>
         </annotation>
         <expression localId="151" locator="129:3-133:5" xsi:type="Case">
            <caseItem localId="140" locator="130:5-130:126">
               <when localId="135" locator="130:10-130:32" xsi:type="Equal">
                  <operand name="ToString" libraryName="FHIRHelpers" xsi:type="FunctionRef">
                     <operand localId="133" locator="130:10-130:23" path="gender" xsi:type="Property">
                        <source localId="132" locator="130:10-130:16" name="Patient" xsi:type="ExpressionRef"/>
                     </operand>
                  </operand>
                  <operand localId="134" locator="130:27-130:32" valueType="t:String" value="male" xsi:type="Literal"/>
               </when>
               <then localId="139" locator="130:39-130:126" classType="t:Code" xsi:type="Instance">
                  <element name="code">
                     <value localId="136" locator="130:52-130:54" valueType="t:String" value="M" xsi:type="Literal"/>
                  </element>
                  <element name="system">
                     <value localId="137" locator="130:65-130:107" valueType="t:String" value="http://hl7.org/fhir/administrative-gender" xsi:type="Literal"/>
                  </element>
                  <element name="display">
                     <value localId="138" locator="130:119-130:124" valueType="t:String" value="Male" xsi:type="Literal"/>
                  </element>
               </then>
            </caseItem>
            <caseItem localId="149" locator="131:5-131:130">
               <when localId="144" locator="131:10-131:34" xsi:type="Equal">
                  <operand name="ToString" libraryName="FHIRHelpers" xsi:type="FunctionRef">
                     <operand localId="142" locator="131:10-131:23" path="gender" xsi:type="Property">
                        <source localId="141" locator="131:10-131:16" name="Patient" xsi:type="ExpressionRef"/>
                     </operand>
                  </operand>
                  <operand localId="143" locator="131:27-131:34" valueType="t:String" value="female" xsi:type="Literal"/>
               </when>
               <then localId="148" locator="131:41-131:130" classType="t:Code" xsi:type="Instance">
                  <element name="code">
                     <value localId="145" locator="131:54-131:56" valueType="t:String" value="F" xsi:type="Literal"/>
                  </element>
                  <element name="system">
                     <value localId="146" locator="131:67-131:109" valueType="t:String" value="http://hl7.org/fhir/administrative-gender" xsi:type="Literal"/>
                  </element>
                  <element name="display">
                     <value localId="147" locator="131:121-131:128" valueType="t:String" value="Female" xsi:type="Literal"/>
                  </element>
               </then>
            </caseItem>
            <else asType="t:Code" xsi:type="As">
               <operand localId="150" locator="132:10-132:13" xsi:type="Null"/>
            </else>
         </expression>
      </def>
      <def localId="158" locator="138:1-139:25" name="GetId" context="Patient" accessLevel="Public" xsi:type="FunctionDef">
         <annotation xsi:type="a:Annotation">
            <a:s r="158">
               <a:s>define function &quot;GetId&quot;(uri </a:s>
               <a:s r="153">
                  <a:s>String</a:s>
               </a:s>
               <a:s>):
    </a:s>
               <a:s r="157">
                  <a:s r="157">
                     <a:s>Last(</a:s>
                     <a:s r="156">
                        <a:s>Split(</a:s>
                        <a:s r="154">
                           <a:s>uri</a:s>
                        </a:s>
                        <a:s>, </a:s>
                        <a:s r="155">
                           <a:s>'/'</a:s>
                        </a:s>
                        <a:s>)</a:s>
                     </a:s>
                     <a:s>)</a:s>
                  </a:s>
               </a:s>
            </a:s>
         </annotation>
         <expression localId="157" locator="139:5-139:25" xsi:type="Last">
            <source localId="156" locator="139:10-139:24" xsi:type="Split">
               <stringToSplit localId="154" locator="139:16-139:18" name="uri" xsi:type="OperandRef"/>
               <separator localId="155" locator="139:21-139:23" valueType="t:String" value="/" xsi:type="Literal"/>
            </source>
         </expression>
         <operand name="uri">
            <operandTypeSpecifier localId="153" locator="138:29-138:34" name="t:String" xsi:type="NamedTypeSpecifier"/>
         </operand>
      </def>
      <def localId="171" locator="141:1-144:3" name="GetLocation" context="Patient" accessLevel="Public" xsi:type="FunctionDef">
         <annotation xsi:type="a:Annotation">
            <a:s r="171">
               <a:s>define function &quot;GetLocation&quot;(reference </a:s>
               <a:s r="159">
                  <a:s>Reference</a:s>
               </a:s>
               <a:s>):
  </a:s>
               <a:s r="170">
                  <a:s r="170">
                     <a:s>singleton from </a:s>
                     <a:s r="169">
                        <a:s>(
    </a:s>
                        <a:s r="169">
                           <a:s>
                              <a:s r="161">
                                 <a:s r="160">
                                    <a:s r="160">
                                       <a:s>[Location]</a:s>
                                    </a:s>
                                 </a:s>
                                 <a:s> Location</a:s>
                              </a:s>
                           </a:s>
                           <a:s> </a:s>
                           <a:s r="168">
                              <a:s>where </a:s>
                              <a:s r="168">
                                 <a:s r="164">
                                    <a:s r="163">
                                       <a:s r="162">
                                          <a:s>Location</a:s>
                                       </a:s>
                                       <a:s>.</a:s>
                                       <a:s r="163">
                                          <a:s>id</a:s>
                                       </a:s>
                                    </a:s>
                                    <a:s>.</a:s>
                                    <a:s r="164">
                                       <a:s>value</a:s>
                                    </a:s>
                                 </a:s>
                                 <a:s> = </a:s>
                                 <a:s r="167">
                                    <a:s>GetId(</a:s>
                                    <a:s r="166">
                                       <a:s r="165">
                                          <a:s>reference</a:s>
                                       </a:s>
                                       <a:s>.</a:s>
                                       <a:s r="166">
                                          <a:s>reference</a:s>
                                       </a:s>
                                    </a:s>
                                    <a:s>)</a:s>
                                 </a:s>
                              </a:s>
                           </a:s>
                        </a:s>
                        <a:s>
  )</a:s>
                     </a:s>
                  </a:s>
               </a:s>
            </a:s>
         </annotation>
         <expression localId="170" locator="142:3-144:3" xsi:type="SingletonFrom">
            <operand localId="169" locator="142:18-144:3" xsi:type="Query">
               <source localId="161" locator="143:5-143:23" alias="Location">
                  <expression localId="160" locator="143:5-143:14" dataType="fhir:Location" templateId="http://hl7.org/fhir/StructureDefinition/Location" xsi:type="Retrieve"/>
               </source>
               <where localId="168" locator="143:25-143:76" xsi:type="Equal">
                  <operand localId="164" locator="143:31-143:47" path="value" xsi:type="Property">
                     <source localId="163" locator="143:31-143:41" path="id" scope="Location" xsi:type="Property"/>
                  </operand>
                  <operand localId="167" locator="143:51-143:76" name="GetId" xsi:type="FunctionRef">
                     <operand name="ToString" libraryName="FHIRHelpers" xsi:type="FunctionRef">
                        <operand localId="166" locator="143:57-143:75" path="reference" xsi:type="Property">
                           <source localId="165" locator="143:57-143:65" name="reference" xsi:type="OperandRef"/>
                        </operand>
                     </operand>
                  </operand>
               </where>
            </operand>
         </expression>
         <operand name="reference">
            <operandTypeSpecifier localId="159" locator="141:41-141:49" name="fhir:Reference" xsi:type="NamedTypeSpecifier"/>
         </operand>
      </def>
      <def localId="182" locator="146:1-147:73" name="Location" context="Patient" accessLevel="Public">
         <annotation xsi:type="a:Annotation">
            <a:s r="182">
               <a:s>define &quot;Location&quot;:
    </a:s>
               <a:s r="181">
                  <a:s>First(</a:s>
                  <a:s r="180">
                     <a:s>
                        <a:s r="173">
                           <a:s r="172">
                              <a:s r="172">
                                 <a:s>[Encounter]</a:s>
                              </a:s>
                           </a:s>
                           <a:s> E</a:s>
                        </a:s>
                     </a:s>
                     <a:s> </a:s>
                     <a:s r="179">
                        <a:s>return </a:s>
                        <a:s r="178">
                           <a:s>&quot;GetLocation&quot;(</a:s>
                           <a:s r="177">
                              <a:s r="176">
                                 <a:s>First(</a:s>
                                 <a:s r="175">
                                    <a:s r="174">
                                       <a:s>E</a:s>
                                    </a:s>
                                    <a:s>.</a:s>
                                    <a:s r="175">
                                       <a:s>location</a:s>
                                    </a:s>
                                 </a:s>
                                 <a:s>)</a:s>
                              </a:s>
                              <a:s>.</a:s>
                              <a:s r="177">
                                 <a:s>location</a:s>
                              </a:s>
                           </a:s>
                           <a:s>)</a:s>
                        </a:s>
                     </a:s>
                  </a:s>
                  <a:s>)</a:s>
               </a:s>
            </a:s>
         </annotation>
         <expression localId="181" locator="147:5-147:73" xsi:type="First">
            <source localId="180" locator="147:11-147:72" xsi:type="Query">
               <source localId="173" locator="147:11-147:23" alias="E">
                  <expression localId="172" locator="147:11-147:21" dataType="fhir:Encounter" templateId="http://hl7.org/fhir/StructureDefinition/Encounter" xsi:type="Retrieve"/>
               </source>
               <return localId="179" locator="147:25-147:72">
                  <expression localId="178" locator="147:32-147:72" name="GetLocation" xsi:type="FunctionRef">
                     <operand localId="177" locator="147:46-147:71" path="location" xsi:type="Property">
                        <source localId="176" locator="147:46-147:62" xsi:type="First">
                           <source localId="175" locator="147:52-147:61" path="location" scope="E" xsi:type="Property"/>
                        </source>
                     </operand>
                  </expression>
               </return>
            </source>
         </expression>
      </def>
      <def localId="187" locator="150:1-151:88" name="SDE Location" context="Patient" accessLevel="Public">
         <annotation xsi:type="a:Annotation">
            <a:s r="187">
               <a:s>define &quot;SDE Location&quot;:
    </a:s>
               <a:s r="186">
                  <a:s>Code { </a:s>
                  <a:s>
                     <a:s>code: </a:s>
                     <a:s r="184">
                        <a:s r="183">
                           <a:s>&quot;Location&quot;</a:s>
                        </a:s>
                        <a:s>.</a:s>
                        <a:s r="184">
                           <a:s>name</a:s>
                        </a:s>
                     </a:s>
                  </a:s>
                  <a:s>, </a:s>
                  <a:s>
                     <a:s>system: </a:s>
                     <a:s r="185">
                        <a:s>'https://github.com/synthetichealth/synthea'</a:s>
                     </a:s>
                  </a:s>
                  <a:s> }</a:s>
               </a:s>
            </a:s>
         </annotation>
         <expression localId="186" locator="151:5-151:88" classType="t:Code" xsi:type="Instance">
            <element name="code">
               <value name="ToString" libraryName="FHIRHelpers" xsi:type="FunctionRef">
                  <operand localId="184" locator="151:18-151:32" path="name" xsi:type="Property">
                     <source localId="183" locator="151:18-151:27" name="Location" xsi:type="ExpressionRef"/>
                  </operand>
               </value>
            </element>
            <element name="system">
               <value localId="185" locator="151:43-151:86" valueType="t:String" value="https://github.com/synthetichealth/synthea" xsi:type="Literal"/>
            </element>
         </expression>
      </def>
      <def localId="200" locator="158:1-163:3" name="Most Recent Encounter Location Reference" context="Patient" accessLevel="Public">
         <annotation xsi:type="a:Annotation">
            <a:s r="200">
               <a:s>define &quot;Most Recent Encounter Location Reference&quot;:
  </a:s>
               <a:s r="199">
                  <a:s>Last(
    </a:s>
                  <a:s r="198">
                     <a:s>
                        <a:s r="189">
                           <a:s r="188">
                              <a:s r="188">
                                 <a:s>[Encounter]</a:s>
                              </a:s>
                           </a:s>
                           <a:s> E</a:s>
                        </a:s>
                     </a:s>
                     <a:s>
      </a:s>
                     <a:s r="197">
                        <a:s>return </a:s>
                        <a:s r="196">
                           <a:s>First(</a:s>
                           <a:s r="195">
                              <a:s>
                                 <a:s r="191">
                                    <a:s r="190">
                                       <a:s>
                                          <a:s>E.location</a:s>
                                       </a:s>
                                    </a:s>
                                    <a:s> L</a:s>
                                 </a:s>
                              </a:s>
                              <a:s> </a:s>
                              <a:s r="194">
                                 <a:s>return </a:s>
                                 <a:s r="193">
                                    <a:s r="192">
                                       <a:s>L</a:s>
                                    </a:s>
                                    <a:s>.</a:s>
                                    <a:s r="193">
                                       <a:s>location</a:s>
                                    </a:s>
                                 </a:s>
                              </a:s>
                           </a:s>
                           <a:s>)</a:s>
                        </a:s>
                     </a:s>
                  </a:s>
                  <a:s>
      //sort by start of period
  )</a:s>
               </a:s>
            </a:s>
         </annotation>
         <expression localId="199" locator="159:3-163:3" xsi:type="Last">
            <source localId="198" locator="160:5-161:50" xsi:type="Query">
               <source localId="189" locator="160:5-160:17" alias="E">
                  <expression localId="188" locator="160:5-160:15" dataType="fhir:Encounter" templateId="http://hl7.org/fhir/StructureDefinition/Encounter" xsi:type="Retrieve"/>
               </source>
               <return localId="197" locator="161:7-161:50">
                  <expression localId="196" locator="161:14-161:50" xsi:type="First">
                     <source localId="195" locator="161:20-161:49" xsi:type="Query">
                        <source localId="191" locator="161:20-161:31" alias="L">
                           <expression localId="190" locator="161:20-161:29" path="location" scope="E" xsi:type="Property"/>
                        </source>
                        <return localId="194" locator="161:33-161:49">
                           <expression localId="193" locator="161:40-161:49" path="location" scope="L" xsi:type="Property"/>
                        </return>
                     </source>
                  </expression>
               </return>
            </source>
         </expression>
      </def>
      <def localId="231" locator="168:1-181:2" name="Location Code" context="Patient" accessLevel="Public">
         <annotation xsi:type="a:Annotation">
            <a:s r="231">
               <a:s>define &quot;Location Code&quot;:
 </a:s>
               <a:s r="230">
                  <a:s>singleton from </a:s>
                  <a:s r="229">
                     <a:s>(
   </a:s>
                     <a:s r="229">
                        <a:s>
                           <a:s r="202">
                              <a:s r="201">
                                 <a:s r="201">
                                    <a:s>[Location]</a:s>
                                 </a:s>
                              </a:s>
                              <a:s> L</a:s>
                           </a:s>
                        </a:s>
                        <a:s>
     </a:s>
                        <a:s>
                           <a:s>let </a:s>
                           <a:s r="211">
                              <a:s>identifier: </a:s>
                              <a:s r="210">
                                 <a:s>singleton from </a:s>
                                 <a:s r="209">
                                    <a:s>(</a:s>
                                    <a:s r="209">
                                       <a:s>
                                          <a:s r="204">
                                             <a:s r="203">
                                                <a:s>
                                                   <a:s>L.identifier</a:s>
                                                </a:s>
                                             </a:s>
                                             <a:s> I</a:s>
                                          </a:s>
                                       </a:s>
                                       <a:s> </a:s>
                                       <a:s r="208">
                                          <a:s>where </a:s>
                                          <a:s r="208">
                                             <a:s r="206">
                                                <a:s r="205">
                                                   <a:s>I</a:s>
                                                </a:s>
                                                <a:s>.</a:s>
                                                <a:s r="206">
                                                   <a:s>system</a:s>
                                                </a:s>
                                             </a:s>
                                             <a:s> = </a:s>
                                             <a:s r="207">
                                                <a:s>'https://github.com/synthetichealth/synthea'</a:s>
                                             </a:s>
                                          </a:s>
                                       </a:s>
                                    </a:s>
                                    <a:s>)</a:s>
                                 </a:s>
                              </a:s>
                           </a:s>
                        </a:s>
                        <a:s>
     </a:s>
                        <a:s r="219">
                           <a:s>where </a:s>
                           <a:s r="219">
                              <a:s r="213">
                                 <a:s r="212">
                                    <a:s>L</a:s>
                                 </a:s>
                                 <a:s>.</a:s>
                                 <a:s r="213">
                                    <a:s>id</a:s>
                                 </a:s>
                              </a:s>
                              <a:s> = </a:s>
                              <a:s r="218">
                                 <a:s>Last(</a:s>
                                 <a:s r="217">
                                    <a:s>Split(</a:s>
                                    <a:s r="215">
                                       <a:s r="214">
                                          <a:s>&quot;Most Recent Encounter Location Reference&quot;</a:s>
                                       </a:s>
                                       <a:s>.</a:s>
                                       <a:s r="215">
                                          <a:s>reference</a:s>
                                       </a:s>
                                    </a:s>
                                    <a:s>, </a:s>
                                    <a:s r="216">
                                       <a:s>'/'</a:s>
                                    </a:s>
                                    <a:s>)</a:s>
                                 </a:s>
                                 <a:s>)</a:s>
                              </a:s>
                           </a:s>
                        </a:s>
                        <a:s>
     </a:s>
                        <a:s r="228">
                           <a:s>return </a:s>
                           <a:s r="227">
                              <a:s>CodeableConcept {
       </a:s>
                              <a:s>
                                 <a:s>coding: </a:s>
                                 <a:s r="226">
                                    <a:s>{
         </a:s>
                                    <a:s r="225">
                                       <a:s>Coding {
           </a:s>
                                       <a:s>
                                          <a:s>code: </a:s>
                                          <a:s r="222">
                                             <a:s>code { </a:s>
                                             <a:s>
                                                <a:s>value: </a:s>
                                                <a:s r="221">
                                                   <a:s r="220">
                                                      <a:s>identifier</a:s>
                                                   </a:s>
                                                   <a:s>.</a:s>
                                                   <a:s r="221">
                                                      <a:s>value</a:s>
                                                   </a:s>
                                                </a:s>
                                             </a:s>
                                             <a:s> }</a:s>
                                          </a:s>
                                       </a:s>
                                       <a:s>,
           </a:s>
                                       <a:s>
                                          <a:s>system: </a:s>
                                          <a:s r="224">
                                             <a:s r="223">
                                                <a:s>identifier</a:s>
                                             </a:s>
                                             <a:s>.</a:s>
                                             <a:s r="224">
                                                <a:s>system</a:s>
                                             </a:s>
                                          </a:s>
                                       </a:s>
                                       <a:s>
         }</a:s>
                                    </a:s>
                                    <a:s>
       }</a:s>
                                 </a:s>
                              </a:s>
                              <a:s>
     }</a:s>
                           </a:s>
                        </a:s>
                     </a:s>
                     <a:s>
 )</a:s>
                  </a:s>
               </a:s>
            </a:s>
         </annotation>
         <expression localId="230" locator="169:2-181:2" xsi:type="SingletonFrom">
            <operand localId="229" locator="169:17-181:2" xsi:type="Query">
               <source localId="202" locator="170:4-170:15" alias="L">
                  <expression localId="201" locator="170:4-170:13" dataType="fhir:Location" templateId="http://hl7.org/fhir/StructureDefinition/Location" xsi:type="Retrieve"/>
               </source>
               <let localId="211" locator="171:10-171:114" identifier="identifier">
                  <expression localId="210" locator="171:22-171:114" xsi:type="SingletonFrom">
                     <operand localId="209" locator="171:37-171:114" xsi:type="Query">
                        <source localId="204" locator="171:38-171:51" alias="I">
                           <expression localId="203" locator="171:38-171:49" path="identifier" scope="L" xsi:type="Property"/>
                        </source>
                        <where localId="208" locator="171:53-171:113" xsi:type="Equal">
                           <operand name="ToString" libraryName="FHIRHelpers" xsi:type="FunctionRef">
                              <operand localId="206" locator="171:59-171:66" path="system" scope="I" xsi:type="Property"/>
                           </operand>
                           <operand localId="207" locator="171:70-171:113" valueType="t:String" value="https://github.com/synthetichealth/synthea" xsi:type="Literal"/>
                        </where>
                     </operand>
                  </expression>
               </let>
               <where localId="219" locator="172:6-172:88" xsi:type="Equal">
                  <operand name="ToString" libraryName="FHIRHelpers" xsi:type="FunctionRef">
                     <operand localId="213" locator="172:12-172:15" path="id" scope="L" xsi:type="Property"/>
                  </operand>
                  <operand localId="218" locator="172:19-172:88" xsi:type="Last">
                     <source localId="217" locator="172:24-172:87" xsi:type="Split">
                        <stringToSplit name="ToString" libraryName="FHIRHelpers" xsi:type="FunctionRef">
                           <operand localId="215" locator="172:30-172:81" path="reference" xsi:type="Property">
                              <source localId="214" locator="172:30-172:71" name="Most Recent Encounter Location Reference" xsi:type="ExpressionRef"/>
                           </operand>
                        </stringToSplit>
                        <separator localId="216" locator="172:84-172:86" valueType="t:String" value="/" xsi:type="Literal"/>
                     </source>
                  </operand>
               </where>
               <return localId="228" locator="173:6-180:6">
                  <expression localId="227" locator="173:13-180:6" classType="fhir:CodeableConcept" xsi:type="Instance">
                     <element name="coding">
                        <value localId="226" locator="174:16-179:8" xsi:type="List">
                           <element localId="225" locator="175:10-178:10" classType="fhir:Coding" xsi:type="Instance">
                              <element name="code">
                                 <value localId="222" locator="176:18-176:49" classType="fhir:code" xsi:type="Instance">
                                    <element name="value">
                                       <value name="ToString" libraryName="FHIRHelpers" xsi:type="FunctionRef">
                                          <operand localId="221" locator="176:32-176:47" path="value" xsi:type="Property">
                                             <source localId="220" locator="176:32-176:41" name="identifier" xsi:type="QueryLetRef"/>
                                          </operand>
                                       </value>
                                    </element>
                                 </value>
                              </element>
                              <element name="system">
                                 <value localId="224" locator="177:20-177:36" path="system" xsi:type="Property">
                                    <source localId="223" locator="177:20-177:29" name="identifier" xsi:type="QueryLetRef"/>
                                 </value>
                              </element>
                           </element>
                        </value>
                     </element>
                  </expression>
               </return>
            </operand>
         </expression>
      </def>
      <def localId="257" locator="183:1-196:1" name="Location Code Deux" context="Patient" accessLevel="Public">
         <annotation xsi:type="a:Annotation">
            <a:s r="257">
               <a:s>define &quot;Location Code Deux&quot;:
</a:s>
               <a:s r="256">
                  <a:s>singleton from </a:s>
                  <a:s r="255">
                     <a:s>(
  </a:s>
                     <a:s r="255">
                        <a:s>
                           <a:s r="233">
                              <a:s r="232">
                                 <a:s r="232">
                                    <a:s>[Location]</a:s>
                                 </a:s>
                              </a:s>
                              <a:s> L</a:s>
                           </a:s>
                        </a:s>
                        <a:s>
    </a:s>
                        <a:s>
                           <a:s>let </a:s>
                           <a:s r="237">
                              <a:s>identifier: </a:s>
                              <a:s r="236">
                                 <a:s>singleton from </a:s>
                                 <a:s r="235">
                                    <a:s>(</a:s>
                                    <a:s r="235">
                                       <a:s r="234">
                                          <a:s>L</a:s>
                                       </a:s>
                                       <a:s>.</a:s>
                                       <a:s r="235">
                                          <a:s>identifier</a:s>
                                       </a:s>
                                    </a:s>
                                    <a:s>)</a:s>
                                 </a:s>
                              </a:s>
                           </a:s>
                        </a:s>
                        <a:s>
    </a:s>
                        <a:s r="245">
                           <a:s>where </a:s>
                           <a:s r="245">
                              <a:s r="239">
                                 <a:s r="238">
                                    <a:s>L</a:s>
                                 </a:s>
                                 <a:s>.</a:s>
                                 <a:s r="239">
                                    <a:s>id</a:s>
                                 </a:s>
                              </a:s>
                              <a:s> = </a:s>
                              <a:s r="244">
                                 <a:s>Last(</a:s>
                                 <a:s r="243">
                                    <a:s>Split(</a:s>
                                    <a:s r="241">
                                       <a:s r="240">
                                          <a:s>&quot;Most Recent Encounter Location Reference&quot;</a:s>
                                       </a:s>
                                       <a:s>.</a:s>
                                       <a:s r="241">
                                          <a:s>reference</a:s>
                                       </a:s>
                                    </a:s>
                                    <a:s>, </a:s>
                                    <a:s r="242">
                                       <a:s>'/'</a:s>
                                    </a:s>
                                    <a:s>)</a:s>
                                 </a:s>
                                 <a:s>)</a:s>
                              </a:s>
                           </a:s>
                        </a:s>
                        <a:s>
    </a:s>
                        <a:s r="254">
                           <a:s>return </a:s>
                           <a:s r="253">
                              <a:s>CodeableConcept {
      </a:s>
                              <a:s>
                                 <a:s>coding: </a:s>
                                 <a:s r="252">
                                    <a:s>{
        </a:s>
                                    <a:s r="251">
                                       <a:s>Coding {
          </a:s>
                                       <a:s>
                                          <a:s>code: </a:s>
                                          <a:s r="248">
                                             <a:s>code { </a:s>
                                             <a:s>
                                                <a:s>value: </a:s>
                                                <a:s r="247">
                                                   <a:s r="246">
                                                      <a:s>identifier</a:s>
                                                   </a:s>
                                                   <a:s>.</a:s>
                                                   <a:s r="247">
                                                      <a:s>value</a:s>
                                                   </a:s>
                                                </a:s>
                                             </a:s>
                                             <a:s> }</a:s>
                                          </a:s>
                                       </a:s>
                                       <a:s>,
          </a:s>
                                       <a:s>
                                          <a:s>system: </a:s>
                                          <a:s r="250">
                                             <a:s r="249">
                                                <a:s>identifier</a:s>
                                             </a:s>
                                             <a:s>.</a:s>
                                             <a:s r="250">
                                                <a:s>system</a:s>
                                             </a:s>
                                          </a:s>
                                       </a:s>
                                       <a:s>
        }</a:s>
                                    </a:s>
                                    <a:s>
      }</a:s>
                                 </a:s>
                              </a:s>
                              <a:s>
    }</a:s>
                           </a:s>
                        </a:s>
                     </a:s>
                     <a:s>
)</a:s>
                  </a:s>
               </a:s>
            </a:s>
         </annotation>
         <expression localId="256" locator="184:1-196:1" xsi:type="SingletonFrom">
            <operand localId="255" locator="184:16-196:1" xsi:type="Query">
               <source localId="233" locator="185:3-185:14" alias="L">
                  <expression localId="232" locator="185:3-185:12" dataType="fhir:Location" templateId="http://hl7.org/fhir/StructureDefinition/Location" xsi:type="Retrieve"/>
               </source>
               <let localId="237" locator="186:9-186:49" identifier="identifier">
                  <expression localId="236" locator="186:21-186:49" xsi:type="SingletonFrom">
                     <operand localId="235" locator="186:36-186:49" path="identifier" scope="L" xsi:type="Property"/>
                  </expression>
               </let>
               <where localId="245" locator="187:5-187:87" xsi:type="Equal">
                  <operand name="ToString" libraryName="FHIRHelpers" xsi:type="FunctionRef">
                     <operand localId="239" locator="187:11-187:14" path="id" scope="L" xsi:type="Property"/>
                  </operand>
                  <operand localId="244" locator="187:18-187:87" xsi:type="Last">
                     <source localId="243" locator="187:23-187:86" xsi:type="Split">
                        <stringToSplit name="ToString" libraryName="FHIRHelpers" xsi:type="FunctionRef">
                           <operand localId="241" locator="187:29-187:80" path="reference" xsi:type="Property">
                              <source localId="240" locator="187:29-187:70" name="Most Recent Encounter Location Reference" xsi:type="ExpressionRef"/>
                           </operand>
                        </stringToSplit>
                        <separator localId="242" locator="187:83-187:85" valueType="t:String" value="/" xsi:type="Literal"/>
                     </source>
                  </operand>
               </where>
               <return localId="254" locator="188:5-195:5">
                  <expression localId="253" locator="188:12-195:5" classType="fhir:CodeableConcept" xsi:type="Instance">
                     <element name="coding">
                        <value localId="252" locator="189:15-194:7" xsi:type="List">
                           <element localId="251" locator="190:9-193:9" classType="fhir:Coding" xsi:type="Instance">
                              <element name="code">
                                 <value localId="248" locator="191:17-191:48" classType="fhir:code" xsi:type="Instance">
                                    <element name="value">
                                       <value name="ToString" libraryName="FHIRHelpers" xsi:type="FunctionRef">
                                          <operand localId="247" locator="191:31-191:46" path="value" xsi:type="Property">
                                             <source localId="246" locator="191:31-191:40" name="identifier" xsi:type="QueryLetRef"/>
                                          </operand>
                                       </value>
                                    </element>
                                 </value>
                              </element>
                              <element name="system">
                                 <value localId="250" locator="192:19-192:35" path="system" xsi:type="Property">
                                    <source localId="249" locator="192:19-192:28" name="identifier" xsi:type="QueryLetRef"/>
                                 </value>
                              </element>
                           </element>
                        </value>
                     </element>
                  </expression>
               </return>
            </operand>
         </expression>
      </def>
   </statements>
</library>
