<?xml version="1.0" encoding="UTF-8"?>

<Library xmlns="http://hl7.org/fhir">
  <id value="FHIRHelpers"/>
  <text>
    <status value="generated"/><div xmlns="http://www.w3.org/1999/xhtml"><h2>Contents</h2></div>
  </text>
  <url value="https://github.com/intrahealth/simple-hiv-ig/Library/FHIRHelpers"/>
  <version value="0.1.0"/>
  <name value="FHIRHelpers"/>
  <title value="FHIR Helpers"/>
  <status value="active"/>
  <experimental value="true"/>
  <type>
    <coding>
      <system value="http://terminology.hl7.org/CodeSystem/library-type"/>
      <code value="logic-library"/>
    </coding>
  </type>
  <date value="2021-05-24T23:58:49+00:00"/>
  <publisher value="HL7 International - [Some] Work Group"/>
  <contact>
    <telecom>
      <system value="url"/>
      <value value="http://hl7.org/Special/committees/[something]"/>
    </telecom>
  </contact>
  <jurisdiction>
    <coding>
      <system value="http://unstats.un.org/unsd/methods/m49/m49.htm"/>
      <code value="001"/>
    </coding>
  </jurisdiction>
</Library>