<?xml version="1.0" encoding="UTF-8"?>
<library xmlns="urn:hl7-org:elm:r1" xmlns:t="urn:hl7-org:elm-types:r1" xmlns:xsi="http://www.w3.org/2001/XMLSchema-instance" xmlns:xsd="http://www.w3.org/2001/XMLSchema" xmlns:fhir="http://hl7.org/fhir" xmlns:qdm43="urn:healthit-gov:qdm:v4_3" xmlns:qdm53="urn:healthit-gov:qdm:v5_3" xmlns:a="urn:hl7-org:cql-annotations:r1">
   <annotation translatorOptions="EnableAnnotations,EnableLocators,DisableListDemotion,DisableListPromotion" xsi:type="a:CqlToElmInfo"/>
   <identifier id="HIVSimpleCondition" system="https://github.com/intrahealth/simple-hiv-ig" version="0.1.0"/>
   <schemaIdentifier id="urn:hl7-org:elm" version="r1"/>
   <usings>
      <def localIdentifier="System" uri="urn:hl7-org:elm-types:r1"/>
      <def localId="1" locator="3:1-3:26" localIdentifier="FHIR" uri="http://hl7.org/fhir" version="4.0.1">
         <annotation xsi:type="a:Annotation">
            <a:s r="1">
               <a:s>using FHIR version '4.0.1'</a:s>
            </a:s>
         </annotation>
      </def>
   </usings>
   <includes>
      <def localId="2" locator="5:1-5:35" localIdentifier="FHIRHelpers" path="https://github.com/intrahealth/simple-hiv-ig/FHIRHelpers" version="4.0.1">
         <annotation xsi:type="a:Annotation">
            <a:s r="2">
               <a:s>include </a:s>
               <a:s>
                  <a:s>FHIRHelpers</a:s>
               </a:s>
               <a:s> version '4.0.1'</a:s>
            </a:s>
         </annotation>
      </def>
      <def localId="3" locator="6:1-6:44" localIdentifier="FC" path="https://github.com/intrahealth/simple-hiv-ig/FHIRCommon" version="0.1.0">
         <annotation xsi:type="a:Annotation">
            <a:s r="3">
               <a:s>include </a:s>
               <a:s>
                  <a:s>FHIRCommon</a:s>
               </a:s>
               <a:s> version '0.1.0' called FC</a:s>
            </a:s>
         </annotation>
      </def>
      <def localId="4" locator="7:1-7:43" localIdentifier="AR" path="https://github.com/intrahealth/simple-hiv-ig/AgeRanges" version="0.1.0">
         <annotation xsi:type="a:Annotation">
            <a:s r="4">
               <a:s>include </a:s>
               <a:s>
                  <a:s>AgeRanges</a:s>
               </a:s>
               <a:s> version '0.1.0' called AR</a:s>
            </a:s>
         </annotation>
      </def>
   </includes>
   <codeSystems>
      <def localId="5" locator="10:1-10:100" name="SNOMED-CT" id="http://snomed.info/sct" version="http://snomed.info/sct/900000000000207008" accessLevel="Public">
         <annotation xsi:type="a:Annotation">
            <a:s r="5">
               <a:s>codesystem &quot;SNOMED-CT&quot;: 'http://snomed.info/sct' version 'http://snomed.info/sct/900000000000207008'</a:s>
            </a:s>
         </annotation>
      </def>
      <def localId="6" locator="13:1-13:38" name="LOINC" id="http://loinc.org" accessLevel="Public">
         <annotation xsi:type="a:Annotation">
            <a:s r="6">
               <a:s>codesystem &quot;LOINC&quot;: 'http://loinc.org'</a:s>
            </a:s>
         </annotation>
      </def>
   </codeSystems>
   <codes>
      <def localId="8" locator="17:1-17:71" name="HIV Positive" id="86406008" display="HIV Positive" accessLevel="Public">
         <annotation xsi:type="a:Annotation">
            <a:s r="8">
               <a:s>code &quot;HIV Positive&quot;: '86406008' from </a:s>
               <a:s r="7">
                  <a:s>&quot;SNOMED-CT&quot;</a:s>
               </a:s>
               <a:s> display 'HIV Positive'</a:s>
            </a:s>
         </annotation>
         <codeSystem localId="7" locator="17:38-17:48" name="SNOMED-CT"/>
      </def>
   </codes>
   <contexts>
      <def locator="19:1-19:15" name="Patient"/>
   </contexts>
   <statements>
      <def locator="19:1-19:15" name="Patient" context="Patient">
         <expression xsi:type="SingletonFrom">
            <operand locator="19:1-19:15" dataType="fhir:Patient" templateId="http://hl7.org/fhir/StructureDefinition/Patient" xsi:type="Retrieve"/>
         </expression>
      </def>
      <def localId="11" locator="21:1-21:28" name="Sex" context="Patient" accessLevel="Public">
         <annotation xsi:type="a:Annotation">
            <a:s r="11">
               <a:s>define &quot;Sex&quot;: </a:s>
               <a:s r="10">
                  <a:s r="9">
                     <a:s>Patient</a:s>
                  </a:s>
                  <a:s>.</a:s>
                  <a:s r="10">
                     <a:s>gender</a:s>
                  </a:s>
               </a:s>
            </a:s>
         </annotation>
         <expression localId="10" locator="21:15-21:28" path="gender" xsi:type="Property">
            <source localId="9" locator="21:15-21:21" name="Patient" xsi:type="ExpressionRef"/>
         </expression>
      </def>
      <def localId="14" locator="24:1-25:38" name="HIV Condition" context="Patient" accessLevel="Public">
         <annotation xsi:type="a:Annotation">
            <a:s r="14">
               <a:s>define &quot;HIV Condition&quot;:
  </a:s>
               <a:s r="13">
                  <a:s>exists </a:s>
                  <a:s r="12">
                     <a:s>[&quot;Condition&quot;: </a:s>
                     <a:s>
                        <a:s>&quot;HIV Positive&quot;</a:s>
                     </a:s>
                     <a:s>]</a:s>
                  </a:s>
               </a:s>
            </a:s>
         </annotation>
         <expression localId="13" locator="25:3-25:38" xsi:type="Exists">
            <operand localId="12" locator="25:10-25:38" dataType="fhir:Condition" templateId="http://hl7.org/fhir/StructureDefinition/Condition" codeProperty="code" codeComparator="~" xsi:type="Retrieve">
               <codes xsi:type="ToList">
                  <operand locator="25:24-25:37" name="HIV Positive" xsi:type="CodeRef"/>
               </codes>
            </operand>
         </expression>
      </def>
      <def localId="16" locator="30:1-30:33" name="Initial Population" context="Patient" accessLevel="Public">
         <annotation xsi:type="a:Annotation">
            <a:s r="16">
               <a:s r="15">define &quot;Initial Population&quot;: true</a:s>
            </a:s>
         </annotation>
         <expression localId="15" locator="30:30-30:33" valueType="t:Boolean" value="true" xsi:type="Literal"/>
      </def>
      <def localId="18" locator="32:1-32:26" name="Denominator" context="Patient" accessLevel="Public">
         <annotation xsi:type="a:Annotation">
            <a:s r="18">
               <a:s r="17">define &quot;Denominator&quot;: true</a:s>
            </a:s>
         </annotation>
         <expression localId="17" locator="32:23-32:26" valueType="t:Boolean" value="true" xsi:type="Literal"/>
      </def>
      <def localId="20" locator="35:1-36:17" name="Numerator" context="Patient" accessLevel="Public">
         <annotation xsi:type="a:Annotation">
            <a:s r="20">
               <a:s>define &quot;Numerator&quot;:
  </a:s>
               <a:s r="19">
                  <a:s>&quot;HIV Condition&quot;</a:s>
               </a:s>
            </a:s>
         </annotation>
         <expression localId="19" locator="36:3-36:17" name="HIV Condition" xsi:type="ExpressionRef"/>
      </def>
   </statements>
</library>
