<?xml version="1.0" encoding="UTF-8"?>
<library xmlns="urn:hl7-org:elm:r1" xmlns:t="urn:hl7-org:elm-types:r1" xmlns:xsi="http://www.w3.org/2001/XMLSchema-instance" xmlns:xsd="http://www.w3.org/2001/XMLSchema" xmlns:fhir="http://hl7.org/fhir" xmlns:qdm43="urn:healthit-gov:qdm:v4_3" xmlns:qdm53="urn:healthit-gov:qdm:v5_3" xmlns:a="urn:hl7-org:cql-annotations:r1">
   <annotation translatorOptions="EnableAnnotations,EnableLocators,DisableListDemotion,DisableListPromotion" xsi:type="a:CqlToElmInfo"/>
   <identifier id="HIVSimpleDemog" system="https://github.com/intrahealth/simple-hiv-ig" version="0.1.0"/>
   <schemaIdentifier id="urn:hl7-org:elm" version="r1"/>
   <usings>
      <def localIdentifier="System" uri="urn:hl7-org:elm-types:r1"/>
      <def localId="1" locator="3:1-3:26" localIdentifier="FHIR" uri="http://hl7.org/fhir" version="4.0.1">
         <annotation xsi:type="a:Annotation">
            <a:s r="1">
               <a:s>using FHIR version '4.0.1'</a:s>
            </a:s>
         </annotation>
      </def>
   </usings>
   <includes>
      <def localId="2" locator="5:1-5:35" localIdentifier="FHIRHelpers" path="https://github.com/intrahealth/simple-hiv-ig/FHIRHelpers" version="4.0.1">
         <annotation xsi:type="a:Annotation">
            <a:s r="2">
               <a:s>include </a:s>
               <a:s>
                  <a:s>FHIRHelpers</a:s>
               </a:s>
               <a:s> version '4.0.1'</a:s>
            </a:s>
         </annotation>
      </def>
      <def localId="3" locator="6:1-6:44" localIdentifier="FC" path="https://github.com/intrahealth/simple-hiv-ig/FHIRCommon" version="4.0.1">
         <annotation xsi:type="a:Annotation">
            <a:s r="3">
               <a:s>include </a:s>
               <a:s>
                  <a:s>FHIRCommon</a:s>
               </a:s>
               <a:s> version '4.0.1' called FC</a:s>
            </a:s>
         </annotation>
      </def>
      <def localId="4" locator="7:1-7:43" localIdentifier="AR" path="https://github.com/intrahealth/simple-hiv-ig/AgeRanges" version="0.1.0">
         <annotation xsi:type="a:Annotation">
            <a:s r="4">
               <a:s>include </a:s>
               <a:s>
                  <a:s>AgeRanges</a:s>
               </a:s>
               <a:s> version '0.1.0' called AR</a:s>
            </a:s>
         </annotation>
      </def>
   </includes>
   <parameters>
      <def localId="10" locator="17:1-17:70" name="MeasurementPeriod" accessLevel="Public">
         <annotation xsi:type="a:Annotation">
            <a:s r="10">
               <a:s>parameter MeasurementPeriod default </a:s>
               <a:s r="9">
                  <a:s r="7">Interval[@1970-01-01, @2021-01-01)</a:s>
               </a:s>
            </a:s>
         </annotation>
         <default localId="9" locator="17:37-17:70" lowClosed="true" highClosed="false" xsi:type="Interval">
            <low localId="7" locator="17:46-17:56" xsi:type="Date">
               <year valueType="t:Integer" value="1970" xsi:type="Literal"/>
               <month valueType="t:Integer" value="1" xsi:type="Literal"/>
               <day valueType="t:Integer" value="1" xsi:type="Literal"/>
            </low>
            <high localId="8" locator="17:59-17:69" xsi:type="Date">
               <year valueType="t:Integer" value="2021" xsi:type="Literal"/>
               <month valueType="t:Integer" value="1" xsi:type="Literal"/>
               <day valueType="t:Integer" value="1" xsi:type="Literal"/>
            </high>
         </default>
      </def>
   </parameters>
   <codeSystems>
      <def localId="5" locator="10:1-10:100" name="SNOMED-CT" id="http://snomed.info/sct" version="http://snomed.info/sct/900000000000207008" accessLevel="Public">
         <annotation xsi:type="a:Annotation">
            <a:s r="5">
               <a:s>codesystem &quot;SNOMED-CT&quot;: 'http://snomed.info/sct' version 'http://snomed.info/sct/900000000000207008'</a:s>
            </a:s>
         </annotation>
      </def>
      <def localId="6" locator="13:1-13:38" name="LOINC" id="http://loinc.org" accessLevel="Public">
         <annotation xsi:type="a:Annotation">
            <a:s r="6">
               <a:s>codesystem &quot;LOINC&quot;: 'http://loinc.org'</a:s>
            </a:s>
         </annotation>
      </def>
   </codeSystems>
   <contexts>
      <def locator="19:1-19:15" name="Patient"/>
   </contexts>
   <statements>
      <def locator="19:1-19:15" name="Patient" context="Patient">
         <expression xsi:type="SingletonFrom">
            <operand locator="19:1-19:15" dataType="fhir:Patient" templateId="http://hl7.org/fhir/StructureDefinition/Patient" xsi:type="Retrieve"/>
         </expression>
      </def>
      <def localId="13" locator="21:1-21:28" name="Sex" context="Patient" accessLevel="Public">
         <annotation xsi:type="a:Annotation">
            <a:s r="13">
               <a:s>define &quot;Sex&quot;: </a:s>
               <a:s r="12">
                  <a:s r="11">
                     <a:s>Patient</a:s>
                  </a:s>
                  <a:s>.</a:s>
                  <a:s r="12">
                     <a:s>gender</a:s>
                  </a:s>
               </a:s>
            </a:s>
         </annotation>
         <expression localId="12" locator="21:15-21:28" path="gender" xsi:type="Property">
            <source localId="11" locator="21:15-21:21" name="Patient" xsi:type="ExpressionRef"/>
         </expression>
      </def>
      <def localId="17" locator="24:1-25:21" name="Age Group Test" context="Patient" accessLevel="Public">
         <annotation xsi:type="a:Annotation">
            <a:s r="17">
               <a:s>define &quot;Age Group Test&quot;:
  </a:s>
               <a:s r="16">
                  <a:s r="15">
                     <a:s r="14">
                        <a:s>AR</a:s>
                     </a:s>
                     <a:s>.</a:s>
                     <a:s r="15">
                        <a:s>&quot;Age Group&quot;</a:s>
                     </a:s>
                  </a:s>
                  <a:s>.</a:s>
                  <a:s r="16">
                     <a:s>code</a:s>
                  </a:s>
               </a:s>
            </a:s>
         </annotation>
         <expression localId="16" locator="25:3-25:21" path="code" xsi:type="Property">
            <source localId="15" locator="25:3-25:16" name="Age Group" libraryName="AR" xsi:type="ExpressionRef"/>
         </expression>
      </def>
      <def localId="34" locator="28:1-31:33" name="Patient0To5AndFemale" context="Patient" accessLevel="Public">
         <annotation xsi:type="a:Annotation">
            <a:s r="34">
               <a:s>define Patient0To5AndFemale:
  </a:s>
               <a:s r="33">
                  <a:s r="28">
                     <a:s r="22">
                        <a:s r="20">
                           <a:s>AgeInYearsAt(</a:s>
                           <a:s r="19">
                              <a:s>start of </a:s>
                              <a:s r="18">
                                 <a:s>&quot;MeasurementPeriod&quot;</a:s>
                              </a:s>
                           </a:s>
                           <a:s>)</a:s>
                        </a:s>
                        <a:s r="21"> >= 0</a:s>
                     </a:s>
                     <a:s>
    and </a:s>
                     <a:s r="27">
                        <a:s r="25">
                           <a:s>AgeInYearsAt(</a:s>
                           <a:s r="24">
                              <a:s>start of </a:s>
                              <a:s r="23">
                                 <a:s>&quot;MeasurementPeriod&quot;</a:s>
                              </a:s>
                           </a:s>
                           <a:s>)</a:s>
                        </a:s>
                        <a:s r="26"> &lt; 5</a:s>
                     </a:s>
                  </a:s>
                  <a:s>
    and </a:s>
                  <a:s r="32">
                     <a:s r="30">
                        <a:s r="29">
                           <a:s>Patient</a:s>
                        </a:s>
                        <a:s>.</a:s>
                        <a:s r="30">
                           <a:s>gender</a:s>
                        </a:s>
                     </a:s>
                     <a:s> = </a:s>
                     <a:s r="31">
                        <a:s>'female'</a:s>
                     </a:s>
                  </a:s>
               </a:s>
            </a:s>
         </annotation>
         <expression localId="33" locator="29:3-31:33" xsi:type="And">
            <operand localId="28" locator="29:3-30:54" xsi:type="And">
               <operand localId="22" locator="29:3-29:49" xsi:type="GreaterOrEqual">
                  <operand localId="20" locator="29:3-29:44" precision="Year" xsi:type="CalculateAgeAt">
                     <operand path="birthDate.value" xsi:type="Property">
                        <source name="Patient" xsi:type="ExpressionRef"/>
                     </operand>
                     <operand localId="19" locator="29:16-29:43" xsi:type="Start">
                        <operand localId="18" locator="29:25-29:43" name="MeasurementPeriod" xsi:type="ParameterRef"/>
                     </operand>
                  </operand>
                  <operand localId="21" locator="29:49" valueType="t:Integer" value="0" xsi:type="Literal"/>
               </operand>
               <operand localId="27" locator="30:9-30:54" xsi:type="Less">
                  <operand localId="25" locator="30:9-30:50" precision="Year" xsi:type="CalculateAgeAt">
                     <operand path="birthDate.value" xsi:type="Property">
                        <source name="Patient" xsi:type="ExpressionRef"/>
                     </operand>
                     <operand localId="24" locator="30:22-30:49" xsi:type="Start">
                        <operand localId="23" locator="30:31-30:49" name="MeasurementPeriod" xsi:type="ParameterRef"/>
                     </operand>
                  </operand>
                  <operand localId="26" locator="30:54" valueType="t:Integer" value="5" xsi:type="Literal"/>
               </operand>
            </operand>
            <operand localId="32" locator="31:9-31:33" xsi:type="Equal">
               <operand name="ToString" libraryName="FHIRHelpers" xsi:type="FunctionRef">
                  <operand localId="30" locator="31:9-31:22" path="gender" xsi:type="Property">
                     <source localId="29" locator="31:9-31:15" name="Patient" xsi:type="ExpressionRef"/>
                  </operand>
               </operand>
               <operand localId="31" locator="31:26-31:33" valueType="t:String" value="female" xsi:type="Literal"/>
            </operand>
         </expression>
      </def>
      <def localId="51" locator="33:1-36:33" name="Patient5To15AndFemale" context="Patient" accessLevel="Public">
         <annotation xsi:type="a:Annotation">
            <a:s r="51">
               <a:s>define Patient5To15AndFemale:
  </a:s>
               <a:s r="50">
                  <a:s r="45">
                     <a:s r="39">
                        <a:s r="37">
                           <a:s>AgeInYearsAt(</a:s>
                           <a:s r="36">
                              <a:s>start of </a:s>
                              <a:s r="35">
                                 <a:s>&quot;MeasurementPeriod&quot;</a:s>
                              </a:s>
                           </a:s>
                           <a:s>)</a:s>
                        </a:s>
                        <a:s r="38"> >= 5</a:s>
                     </a:s>
                     <a:s>
    and </a:s>
                     <a:s r="44">
                        <a:s r="42">
                           <a:s>AgeInYearsAt(</a:s>
                           <a:s r="41">
                              <a:s>start of </a:s>
                              <a:s r="40">
                                 <a:s>&quot;MeasurementPeriod&quot;</a:s>
                              </a:s>
                           </a:s>
                           <a:s>)</a:s>
                        </a:s>
                        <a:s r="43"> &lt; 15</a:s>
                     </a:s>
                  </a:s>
                  <a:s>
    and </a:s>
                  <a:s r="49">
                     <a:s r="47">
                        <a:s r="46">
                           <a:s>Patient</a:s>
                        </a:s>
                        <a:s>.</a:s>
                        <a:s r="47">
                           <a:s>gender</a:s>
                        </a:s>
                     </a:s>
                     <a:s> = </a:s>
                     <a:s r="48">
                        <a:s>'female'</a:s>
                     </a:s>
                  </a:s>
               </a:s>
            </a:s>
         </annotation>
         <expression localId="50" locator="34:3-36:33" xsi:type="And">
            <operand localId="45" locator="34:3-35:55" xsi:type="And">
               <operand localId="39" locator="34:3-34:49" xsi:type="GreaterOrEqual">
                  <operand localId="37" locator="34:3-34:44" precision="Year" xsi:type="CalculateAgeAt">
                     <operand path="birthDate.value" xsi:type="Property">
                        <source name="Patient" xsi:type="ExpressionRef"/>
                     </operand>
                     <operand localId="36" locator="34:16-34:43" xsi:type="Start">
                        <operand localId="35" locator="34:25-34:43" name="MeasurementPeriod" xsi:type="ParameterRef"/>
                     </operand>
                  </operand>
                  <operand localId="38" locator="34:49" valueType="t:Integer" value="5" xsi:type="Literal"/>
               </operand>
               <operand localId="44" locator="35:9-35:55" xsi:type="Less">
                  <operand localId="42" locator="35:9-35:50" precision="Year" xsi:type="CalculateAgeAt">
                     <operand path="birthDate.value" xsi:type="Property">
                        <source name="Patient" xsi:type="ExpressionRef"/>
                     </operand>
                     <operand localId="41" locator="35:22-35:49" xsi:type="Start">
                        <operand localId="40" locator="35:31-35:49" name="MeasurementPeriod" xsi:type="ParameterRef"/>
                     </operand>
                  </operand>
                  <operand localId="43" locator="35:54-35:55" valueType="t:Integer" value="15" xsi:type="Literal"/>
               </operand>
            </operand>
            <operand localId="49" locator="36:9-36:33" xsi:type="Equal">
               <operand name="ToString" libraryName="FHIRHelpers" xsi:type="FunctionRef">
                  <operand localId="47" locator="36:9-36:22" path="gender" xsi:type="Property">
                     <source localId="46" locator="36:9-36:15" name="Patient" xsi:type="ExpressionRef"/>
                  </operand>
               </operand>
               <operand localId="48" locator="36:26-36:33" valueType="t:String" value="female" xsi:type="Literal"/>
            </operand>
         </expression>
      </def>
      <def localId="68" locator="38:1-41:33" name="Patient15To25AndFemale" context="Patient" accessLevel="Public">
         <annotation xsi:type="a:Annotation">
            <a:s r="68">
               <a:s>define Patient15To25AndFemale:
  </a:s>
               <a:s r="67">
                  <a:s r="62">
                     <a:s r="56">
                        <a:s r="54">
                           <a:s>AgeInYearsAt(</a:s>
                           <a:s r="53">
                              <a:s>start of </a:s>
                              <a:s r="52">
                                 <a:s>&quot;MeasurementPeriod&quot;</a:s>
                              </a:s>
                           </a:s>
                           <a:s>)</a:s>
                        </a:s>
                        <a:s r="55"> >= 15</a:s>
                     </a:s>
                     <a:s>
    and </a:s>
                     <a:s r="61">
                        <a:s r="59">
                           <a:s>AgeInYearsAt(</a:s>
                           <a:s r="58">
                              <a:s>start of </a:s>
                              <a:s r="57">
                                 <a:s>&quot;MeasurementPeriod&quot;</a:s>
                              </a:s>
                           </a:s>
                           <a:s>)</a:s>
                        </a:s>
                        <a:s r="60"> &lt; 25</a:s>
                     </a:s>
                  </a:s>
                  <a:s>
    and </a:s>
                  <a:s r="66">
                     <a:s r="64">
                        <a:s r="63">
                           <a:s>Patient</a:s>
                        </a:s>
                        <a:s>.</a:s>
                        <a:s r="64">
                           <a:s>gender</a:s>
                        </a:s>
                     </a:s>
                     <a:s> = </a:s>
                     <a:s r="65">
                        <a:s>'female'</a:s>
                     </a:s>
                  </a:s>
               </a:s>
            </a:s>
         </annotation>
         <expression localId="67" locator="39:3-41:33" xsi:type="And">
            <operand localId="62" locator="39:3-40:55" xsi:type="And">
               <operand localId="56" locator="39:3-39:50" xsi:type="GreaterOrEqual">
                  <operand localId="54" locator="39:3-39:44" precision="Year" xsi:type="CalculateAgeAt">
                     <operand path="birthDate.value" xsi:type="Property">
                        <source name="Patient" xsi:type="ExpressionRef"/>
                     </operand>
                     <operand localId="53" locator="39:16-39:43" xsi:type="Start">
                        <operand localId="52" locator="39:25-39:43" name="MeasurementPeriod" xsi:type="ParameterRef"/>
                     </operand>
                  </operand>
                  <operand localId="55" locator="39:49-39:50" valueType="t:Integer" value="15" xsi:type="Literal"/>
               </operand>
               <operand localId="61" locator="40:9-40:55" xsi:type="Less">
                  <operand localId="59" locator="40:9-40:50" precision="Year" xsi:type="CalculateAgeAt">
                     <operand path="birthDate.value" xsi:type="Property">
                        <source name="Patient" xsi:type="ExpressionRef"/>
                     </operand>
                     <operand localId="58" locator="40:22-40:49" xsi:type="Start">
                        <operand localId="57" locator="40:31-40:49" name="MeasurementPeriod" xsi:type="ParameterRef"/>
                     </operand>
                  </operand>
                  <operand localId="60" locator="40:54-40:55" valueType="t:Integer" value="25" xsi:type="Literal"/>
               </operand>
            </operand>
            <operand localId="66" locator="41:9-41:33" xsi:type="Equal">
               <operand name="ToString" libraryName="FHIRHelpers" xsi:type="FunctionRef">
                  <operand localId="64" locator="41:9-41:22" path="gender" xsi:type="Property">
                     <source localId="63" locator="41:9-41:15" name="Patient" xsi:type="ExpressionRef"/>
                  </operand>
               </operand>
               <operand localId="65" locator="41:26-41:33" valueType="t:String" value="female" xsi:type="Literal"/>
            </operand>
         </expression>
      </def>
      <def localId="85" locator="43:1-46:33" name="Patient25To50AndFemale" context="Patient" accessLevel="Public">
         <annotation xsi:type="a:Annotation">
            <a:s r="85">
               <a:s>define Patient25To50AndFemale:
  </a:s>
               <a:s r="84">
                  <a:s r="79">
                     <a:s r="73">
                        <a:s r="71">
                           <a:s>AgeInYearsAt(</a:s>
                           <a:s r="70">
                              <a:s>start of </a:s>
                              <a:s r="69">
                                 <a:s>&quot;MeasurementPeriod&quot;</a:s>
                              </a:s>
                           </a:s>
                           <a:s>)</a:s>
                        </a:s>
                        <a:s r="72"> >= 25</a:s>
                     </a:s>
                     <a:s>
    and </a:s>
                     <a:s r="78">
                        <a:s r="76">
                           <a:s>AgeInYearsAt(</a:s>
                           <a:s r="75">
                              <a:s>start of </a:s>
                              <a:s r="74">
                                 <a:s>&quot;MeasurementPeriod&quot;</a:s>
                              </a:s>
                           </a:s>
                           <a:s>)</a:s>
                        </a:s>
                        <a:s r="77"> &lt; 50</a:s>
                     </a:s>
                  </a:s>
                  <a:s>
    and </a:s>
                  <a:s r="83">
                     <a:s r="81">
                        <a:s r="80">
                           <a:s>Patient</a:s>
                        </a:s>
                        <a:s>.</a:s>
                        <a:s r="81">
                           <a:s>gender</a:s>
                        </a:s>
                     </a:s>
                     <a:s> = </a:s>
                     <a:s r="82">
                        <a:s>'female'</a:s>
                     </a:s>
                  </a:s>
               </a:s>
            </a:s>
         </annotation>
         <expression localId="84" locator="44:3-46:33" xsi:type="And">
            <operand localId="79" locator="44:3-45:55" xsi:type="And">
               <operand localId="73" locator="44:3-44:50" xsi:type="GreaterOrEqual">
                  <operand localId="71" locator="44:3-44:44" precision="Year" xsi:type="CalculateAgeAt">
                     <operand path="birthDate.value" xsi:type="Property">
                        <source name="Patient" xsi:type="ExpressionRef"/>
                     </operand>
                     <operand localId="70" locator="44:16-44:43" xsi:type="Start">
                        <operand localId="69" locator="44:25-44:43" name="MeasurementPeriod" xsi:type="ParameterRef"/>
                     </operand>
                  </operand>
                  <operand localId="72" locator="44:49-44:50" valueType="t:Integer" value="25" xsi:type="Literal"/>
               </operand>
               <operand localId="78" locator="45:9-45:55" xsi:type="Less">
                  <operand localId="76" locator="45:9-45:50" precision="Year" xsi:type="CalculateAgeAt">
                     <operand path="birthDate.value" xsi:type="Property">
                        <source name="Patient" xsi:type="ExpressionRef"/>
                     </operand>
                     <operand localId="75" locator="45:22-45:49" xsi:type="Start">
                        <operand localId="74" locator="45:31-45:49" name="MeasurementPeriod" xsi:type="ParameterRef"/>
                     </operand>
                  </operand>
                  <operand localId="77" locator="45:54-45:55" valueType="t:Integer" value="50" xsi:type="Literal"/>
               </operand>
            </operand>
            <operand localId="83" locator="46:9-46:33" xsi:type="Equal">
               <operand name="ToString" libraryName="FHIRHelpers" xsi:type="FunctionRef">
                  <operand localId="81" locator="46:9-46:22" path="gender" xsi:type="Property">
                     <source localId="80" locator="46:9-46:15" name="Patient" xsi:type="ExpressionRef"/>
                  </operand>
               </operand>
               <operand localId="82" locator="46:26-46:33" valueType="t:String" value="female" xsi:type="Literal"/>
            </operand>
         </expression>
      </def>
      <def localId="102" locator="48:1-51:33" name="Patient50To65AndFemale" context="Patient" accessLevel="Public">
         <annotation xsi:type="a:Annotation">
            <a:s r="102">
               <a:s>define Patient50To65AndFemale:
  </a:s>
               <a:s r="101">
                  <a:s r="96">
                     <a:s r="90">
                        <a:s r="88">
                           <a:s>AgeInYearsAt(</a:s>
                           <a:s r="87">
                              <a:s>start of </a:s>
                              <a:s r="86">
                                 <a:s>&quot;MeasurementPeriod&quot;</a:s>
                              </a:s>
                           </a:s>
                           <a:s>)</a:s>
                        </a:s>
                        <a:s r="89"> >= 50</a:s>
                     </a:s>
                     <a:s>
    and </a:s>
                     <a:s r="95">
                        <a:s r="93">
                           <a:s>AgeInYearsAt(</a:s>
                           <a:s r="92">
                              <a:s>start of </a:s>
                              <a:s r="91">
                                 <a:s>&quot;MeasurementPeriod&quot;</a:s>
                              </a:s>
                           </a:s>
                           <a:s>)</a:s>
                        </a:s>
                        <a:s r="94"> &lt; 65</a:s>
                     </a:s>
                  </a:s>
                  <a:s>
    and </a:s>
                  <a:s r="100">
                     <a:s r="98">
                        <a:s r="97">
                           <a:s>Patient</a:s>
                        </a:s>
                        <a:s>.</a:s>
                        <a:s r="98">
                           <a:s>gender</a:s>
                        </a:s>
                     </a:s>
                     <a:s> = </a:s>
                     <a:s r="99">
                        <a:s>'female'</a:s>
                     </a:s>
                  </a:s>
               </a:s>
            </a:s>
         </annotation>
         <expression localId="101" locator="49:3-51:33" xsi:type="And">
            <operand localId="96" locator="49:3-50:55" xsi:type="And">
               <operand localId="90" locator="49:3-49:50" xsi:type="GreaterOrEqual">
                  <operand localId="88" locator="49:3-49:44" precision="Year" xsi:type="CalculateAgeAt">
                     <operand path="birthDate.value" xsi:type="Property">
                        <source name="Patient" xsi:type="ExpressionRef"/>
                     </operand>
                     <operand localId="87" locator="49:16-49:43" xsi:type="Start">
                        <operand localId="86" locator="49:25-49:43" name="MeasurementPeriod" xsi:type="ParameterRef"/>
                     </operand>
                  </operand>
                  <operand localId="89" locator="49:49-49:50" valueType="t:Integer" value="50" xsi:type="Literal"/>
               </operand>
               <operand localId="95" locator="50:9-50:55" xsi:type="Less">
                  <operand localId="93" locator="50:9-50:50" precision="Year" xsi:type="CalculateAgeAt">
                     <operand path="birthDate.value" xsi:type="Property">
                        <source name="Patient" xsi:type="ExpressionRef"/>
                     </operand>
                     <operand localId="92" locator="50:22-50:49" xsi:type="Start">
                        <operand localId="91" locator="50:31-50:49" name="MeasurementPeriod" xsi:type="ParameterRef"/>
                     </operand>
                  </operand>
                  <operand localId="94" locator="50:54-50:55" valueType="t:Integer" value="65" xsi:type="Literal"/>
               </operand>
            </operand>
            <operand localId="100" locator="51:9-51:33" xsi:type="Equal">
               <operand name="ToString" libraryName="FHIRHelpers" xsi:type="FunctionRef">
                  <operand localId="98" locator="51:9-51:22" path="gender" xsi:type="Property">
                     <source localId="97" locator="51:9-51:15" name="Patient" xsi:type="ExpressionRef"/>
                  </operand>
               </operand>
               <operand localId="99" locator="51:26-51:33" valueType="t:String" value="female" xsi:type="Literal"/>
            </operand>
         </expression>
      </def>
      <def localId="113" locator="53:1-55:33" name="Patient65ToHighestAndFemale" context="Patient" accessLevel="Public">
         <annotation xsi:type="a:Annotation">
            <a:s r="113">
               <a:s>define Patient65ToHighestAndFemale:
  </a:s>
               <a:s r="112">
                  <a:s r="107">
                     <a:s r="105">
                        <a:s>AgeInYearsAt(</a:s>
                        <a:s r="104">
                           <a:s>start of </a:s>
                           <a:s r="103">
                              <a:s>&quot;MeasurementPeriod&quot;</a:s>
                           </a:s>
                        </a:s>
                        <a:s>)</a:s>
                     </a:s>
                     <a:s r="106"> >= 65</a:s>
                  </a:s>
                  <a:s>
    and </a:s>
                  <a:s r="111">
                     <a:s r="109">
                        <a:s r="108">
                           <a:s>Patient</a:s>
                        </a:s>
                        <a:s>.</a:s>
                        <a:s r="109">
                           <a:s>gender</a:s>
                        </a:s>
                     </a:s>
                     <a:s> = </a:s>
                     <a:s r="110">
                        <a:s>'female'</a:s>
                     </a:s>
                  </a:s>
               </a:s>
            </a:s>
         </annotation>
         <expression localId="112" locator="54:3-55:33" xsi:type="And">
            <operand localId="107" locator="54:3-54:50" xsi:type="GreaterOrEqual">
               <operand localId="105" locator="54:3-54:44" precision="Year" xsi:type="CalculateAgeAt">
                  <operand path="birthDate.value" xsi:type="Property">
                     <source name="Patient" xsi:type="ExpressionRef"/>
                  </operand>
                  <operand localId="104" locator="54:16-54:43" xsi:type="Start">
                     <operand localId="103" locator="54:25-54:43" name="MeasurementPeriod" xsi:type="ParameterRef"/>
                  </operand>
               </operand>
               <operand localId="106" locator="54:49-54:50" valueType="t:Integer" value="65" xsi:type="Literal"/>
            </operand>
            <operand localId="111" locator="55:9-55:33" xsi:type="Equal">
               <operand name="ToString" libraryName="FHIRHelpers" xsi:type="FunctionRef">
                  <operand localId="109" locator="55:9-55:22" path="gender" xsi:type="Property">
                     <source localId="108" locator="55:9-55:15" name="Patient" xsi:type="ExpressionRef"/>
                  </operand>
               </operand>
               <operand localId="110" locator="55:26-55:33" valueType="t:String" value="female" xsi:type="Literal"/>
            </operand>
         </expression>
      </def>
      <def localId="130" locator="57:1-60:31" name="Patient0To5AndMale" context="Patient" accessLevel="Public">
         <annotation xsi:type="a:Annotation">
            <a:s r="130">
               <a:s>define Patient0To5AndMale:
  </a:s>
               <a:s r="129">
                  <a:s r="124">
                     <a:s r="118">
                        <a:s r="116">
                           <a:s>AgeInYearsAt(</a:s>
                           <a:s r="115">
                              <a:s>start of </a:s>
                              <a:s r="114">
                                 <a:s>&quot;MeasurementPeriod&quot;</a:s>
                              </a:s>
                           </a:s>
                           <a:s>)</a:s>
                        </a:s>
                        <a:s r="117"> >= 0</a:s>
                     </a:s>
                     <a:s>
    and </a:s>
                     <a:s r="123">
                        <a:s r="121">
                           <a:s>AgeInYearsAt(</a:s>
                           <a:s r="120">
                              <a:s>start of </a:s>
                              <a:s r="119">
                                 <a:s>&quot;MeasurementPeriod&quot;</a:s>
                              </a:s>
                           </a:s>
                           <a:s>)</a:s>
                        </a:s>
                        <a:s r="122"> &lt; 5</a:s>
                     </a:s>
                  </a:s>
                  <a:s>
    and </a:s>
                  <a:s r="128">
                     <a:s r="126">
                        <a:s r="125">
                           <a:s>Patient</a:s>
                        </a:s>
                        <a:s>.</a:s>
                        <a:s r="126">
                           <a:s>gender</a:s>
                        </a:s>
                     </a:s>
                     <a:s> = </a:s>
                     <a:s r="127">
                        <a:s>'male'</a:s>
                     </a:s>
                  </a:s>
               </a:s>
            </a:s>
         </annotation>
         <expression localId="129" locator="58:3-60:31" xsi:type="And">
            <operand localId="124" locator="58:3-59:54" xsi:type="And">
               <operand localId="118" locator="58:3-58:49" xsi:type="GreaterOrEqual">
                  <operand localId="116" locator="58:3-58:44" precision="Year" xsi:type="CalculateAgeAt">
                     <operand path="birthDate.value" xsi:type="Property">
                        <source name="Patient" xsi:type="ExpressionRef"/>
                     </operand>
                     <operand localId="115" locator="58:16-58:43" xsi:type="Start">
                        <operand localId="114" locator="58:25-58:43" name="MeasurementPeriod" xsi:type="ParameterRef"/>
                     </operand>
                  </operand>
                  <operand localId="117" locator="58:49" valueType="t:Integer" value="0" xsi:type="Literal"/>
               </operand>
               <operand localId="123" locator="59:9-59:54" xsi:type="Less">
                  <operand localId="121" locator="59:9-59:50" precision="Year" xsi:type="CalculateAgeAt">
                     <operand path="birthDate.value" xsi:type="Property">
                        <source name="Patient" xsi:type="ExpressionRef"/>
                     </operand>
                     <operand localId="120" locator="59:22-59:49" xsi:type="Start">
                        <operand localId="119" locator="59:31-59:49" name="MeasurementPeriod" xsi:type="ParameterRef"/>
                     </operand>
                  </operand>
                  <operand localId="122" locator="59:54" valueType="t:Integer" value="5" xsi:type="Literal"/>
               </operand>
            </operand>
            <operand localId="128" locator="60:9-60:31" xsi:type="Equal">
               <operand name="ToString" libraryName="FHIRHelpers" xsi:type="FunctionRef">
                  <operand localId="126" locator="60:9-60:22" path="gender" xsi:type="Property">
                     <source localId="125" locator="60:9-60:15" name="Patient" xsi:type="ExpressionRef"/>
                  </operand>
               </operand>
               <operand localId="127" locator="60:26-60:31" valueType="t:String" value="male" xsi:type="Literal"/>
            </operand>
         </expression>
      </def>
      <def localId="147" locator="62:1-65:31" name="Patient5To15AndMale" context="Patient" accessLevel="Public">
         <annotation xsi:type="a:Annotation">
            <a:s r="147">
               <a:s>define Patient5To15AndMale:
  </a:s>
               <a:s r="146">
                  <a:s r="141">
                     <a:s r="135">
                        <a:s r="133">
                           <a:s>AgeInYearsAt(</a:s>
                           <a:s r="132">
                              <a:s>start of </a:s>
                              <a:s r="131">
                                 <a:s>&quot;MeasurementPeriod&quot;</a:s>
                              </a:s>
                           </a:s>
                           <a:s>)</a:s>
                        </a:s>
                        <a:s r="134"> >= 5</a:s>
                     </a:s>
                     <a:s>
    and </a:s>
                     <a:s r="140">
                        <a:s r="138">
                           <a:s>AgeInYearsAt(</a:s>
                           <a:s r="137">
                              <a:s>start of </a:s>
                              <a:s r="136">
                                 <a:s>&quot;MeasurementPeriod&quot;</a:s>
                              </a:s>
                           </a:s>
                           <a:s>)</a:s>
                        </a:s>
                        <a:s r="139"> &lt; 15</a:s>
                     </a:s>
                  </a:s>
                  <a:s>
    and </a:s>
                  <a:s r="145">
                     <a:s r="143">
                        <a:s r="142">
                           <a:s>Patient</a:s>
                        </a:s>
                        <a:s>.</a:s>
                        <a:s r="143">
                           <a:s>gender</a:s>
                        </a:s>
                     </a:s>
                     <a:s> = </a:s>
                     <a:s r="144">
                        <a:s>'male'</a:s>
                     </a:s>
                  </a:s>
               </a:s>
            </a:s>
         </annotation>
         <expression localId="146" locator="63:3-65:31" xsi:type="And">
            <operand localId="141" locator="63:3-64:55" xsi:type="And">
               <operand localId="135" locator="63:3-63:49" xsi:type="GreaterOrEqual">
                  <operand localId="133" locator="63:3-63:44" precision="Year" xsi:type="CalculateAgeAt">
                     <operand path="birthDate.value" xsi:type="Property">
                        <source name="Patient" xsi:type="ExpressionRef"/>
                     </operand>
                     <operand localId="132" locator="63:16-63:43" xsi:type="Start">
                        <operand localId="131" locator="63:25-63:43" name="MeasurementPeriod" xsi:type="ParameterRef"/>
                     </operand>
                  </operand>
                  <operand localId="134" locator="63:49" valueType="t:Integer" value="5" xsi:type="Literal"/>
               </operand>
               <operand localId="140" locator="64:9-64:55" xsi:type="Less">
                  <operand localId="138" locator="64:9-64:50" precision="Year" xsi:type="CalculateAgeAt">
                     <operand path="birthDate.value" xsi:type="Property">
                        <source name="Patient" xsi:type="ExpressionRef"/>
                     </operand>
                     <operand localId="137" locator="64:22-64:49" xsi:type="Start">
                        <operand localId="136" locator="64:31-64:49" name="MeasurementPeriod" xsi:type="ParameterRef"/>
                     </operand>
                  </operand>
                  <operand localId="139" locator="64:54-64:55" valueType="t:Integer" value="15" xsi:type="Literal"/>
               </operand>
            </operand>
            <operand localId="145" locator="65:9-65:31" xsi:type="Equal">
               <operand name="ToString" libraryName="FHIRHelpers" xsi:type="FunctionRef">
                  <operand localId="143" locator="65:9-65:22" path="gender" xsi:type="Property">
                     <source localId="142" locator="65:9-65:15" name="Patient" xsi:type="ExpressionRef"/>
                  </operand>
               </operand>
               <operand localId="144" locator="65:26-65:31" valueType="t:String" value="male" xsi:type="Literal"/>
            </operand>
         </expression>
      </def>
      <def localId="164" locator="67:1-70:31" name="Patient15To25AndMale" context="Patient" accessLevel="Public">
         <annotation xsi:type="a:Annotation">
            <a:s r="164">
               <a:s>define Patient15To25AndMale:
  </a:s>
               <a:s r="163">
                  <a:s r="158">
                     <a:s r="152">
                        <a:s r="150">
                           <a:s>AgeInYearsAt(</a:s>
                           <a:s r="149">
                              <a:s>start of </a:s>
                              <a:s r="148">
                                 <a:s>&quot;MeasurementPeriod&quot;</a:s>
                              </a:s>
                           </a:s>
                           <a:s>)</a:s>
                        </a:s>
                        <a:s r="151"> >= 15</a:s>
                     </a:s>
                     <a:s>
    and </a:s>
                     <a:s r="157">
                        <a:s r="155">
                           <a:s>AgeInYearsAt(</a:s>
                           <a:s r="154">
                              <a:s>start of </a:s>
                              <a:s r="153">
                                 <a:s>&quot;MeasurementPeriod&quot;</a:s>
                              </a:s>
                           </a:s>
                           <a:s>)</a:s>
                        </a:s>
                        <a:s r="156"> &lt; 25</a:s>
                     </a:s>
                  </a:s>
                  <a:s>
    and </a:s>
                  <a:s r="162">
                     <a:s r="160">
                        <a:s r="159">
                           <a:s>Patient</a:s>
                        </a:s>
                        <a:s>.</a:s>
                        <a:s r="160">
                           <a:s>gender</a:s>
                        </a:s>
                     </a:s>
                     <a:s> = </a:s>
                     <a:s r="161">
                        <a:s>'male'</a:s>
                     </a:s>
                  </a:s>
               </a:s>
            </a:s>
         </annotation>
         <expression localId="163" locator="68:3-70:31" xsi:type="And">
            <operand localId="158" locator="68:3-69:55" xsi:type="And">
               <operand localId="152" locator="68:3-68:50" xsi:type="GreaterOrEqual">
                  <operand localId="150" locator="68:3-68:44" precision="Year" xsi:type="CalculateAgeAt">
                     <operand path="birthDate.value" xsi:type="Property">
                        <source name="Patient" xsi:type="ExpressionRef"/>
                     </operand>
                     <operand localId="149" locator="68:16-68:43" xsi:type="Start">
                        <operand localId="148" locator="68:25-68:43" name="MeasurementPeriod" xsi:type="ParameterRef"/>
                     </operand>
                  </operand>
                  <operand localId="151" locator="68:49-68:50" valueType="t:Integer" value="15" xsi:type="Literal"/>
               </operand>
               <operand localId="157" locator="69:9-69:55" xsi:type="Less">
                  <operand localId="155" locator="69:9-69:50" precision="Year" xsi:type="CalculateAgeAt">
                     <operand path="birthDate.value" xsi:type="Property">
                        <source name="Patient" xsi:type="ExpressionRef"/>
                     </operand>
                     <operand localId="154" locator="69:22-69:49" xsi:type="Start">
                        <operand localId="153" locator="69:31-69:49" name="MeasurementPeriod" xsi:type="ParameterRef"/>
                     </operand>
                  </operand>
                  <operand localId="156" locator="69:54-69:55" valueType="t:Integer" value="25" xsi:type="Literal"/>
               </operand>
            </operand>
            <operand localId="162" locator="70:9-70:31" xsi:type="Equal">
               <operand name="ToString" libraryName="FHIRHelpers" xsi:type="FunctionRef">
                  <operand localId="160" locator="70:9-70:22" path="gender" xsi:type="Property">
                     <source localId="159" locator="70:9-70:15" name="Patient" xsi:type="ExpressionRef"/>
                  </operand>
               </operand>
               <operand localId="161" locator="70:26-70:31" valueType="t:String" value="male" xsi:type="Literal"/>
            </operand>
         </expression>
      </def>
      <def localId="181" locator="72:1-75:31" name="Patient25To50AndMale" context="Patient" accessLevel="Public">
         <annotation xsi:type="a:Annotation">
            <a:s r="181">
               <a:s>define Patient25To50AndMale:
  </a:s>
               <a:s r="180">
                  <a:s r="175">
                     <a:s r="169">
                        <a:s r="167">
                           <a:s>AgeInYearsAt(</a:s>
                           <a:s r="166">
                              <a:s>start of </a:s>
                              <a:s r="165">
                                 <a:s>&quot;MeasurementPeriod&quot;</a:s>
                              </a:s>
                           </a:s>
                           <a:s>)</a:s>
                        </a:s>
                        <a:s r="168"> >= 25</a:s>
                     </a:s>
                     <a:s>
    and </a:s>
                     <a:s r="174">
                        <a:s r="172">
                           <a:s>AgeInYearsAt(</a:s>
                           <a:s r="171">
                              <a:s>start of </a:s>
                              <a:s r="170">
                                 <a:s>&quot;MeasurementPeriod&quot;</a:s>
                              </a:s>
                           </a:s>
                           <a:s>)</a:s>
                        </a:s>
                        <a:s r="173"> &lt; 50</a:s>
                     </a:s>
                  </a:s>
                  <a:s>
    and </a:s>
                  <a:s r="179">
                     <a:s r="177">
                        <a:s r="176">
                           <a:s>Patient</a:s>
                        </a:s>
                        <a:s>.</a:s>
                        <a:s r="177">
                           <a:s>gender</a:s>
                        </a:s>
                     </a:s>
                     <a:s> = </a:s>
                     <a:s r="178">
                        <a:s>'male'</a:s>
                     </a:s>
                  </a:s>
               </a:s>
            </a:s>
         </annotation>
         <expression localId="180" locator="73:3-75:31" xsi:type="And">
            <operand localId="175" locator="73:3-74:55" xsi:type="And">
               <operand localId="169" locator="73:3-73:50" xsi:type="GreaterOrEqual">
                  <operand localId="167" locator="73:3-73:44" precision="Year" xsi:type="CalculateAgeAt">
                     <operand path="birthDate.value" xsi:type="Property">
                        <source name="Patient" xsi:type="ExpressionRef"/>
                     </operand>
                     <operand localId="166" locator="73:16-73:43" xsi:type="Start">
                        <operand localId="165" locator="73:25-73:43" name="MeasurementPeriod" xsi:type="ParameterRef"/>
                     </operand>
                  </operand>
                  <operand localId="168" locator="73:49-73:50" valueType="t:Integer" value="25" xsi:type="Literal"/>
               </operand>
               <operand localId="174" locator="74:9-74:55" xsi:type="Less">
                  <operand localId="172" locator="74:9-74:50" precision="Year" xsi:type="CalculateAgeAt">
                     <operand path="birthDate.value" xsi:type="Property">
                        <source name="Patient" xsi:type="ExpressionRef"/>
                     </operand>
                     <operand localId="171" locator="74:22-74:49" xsi:type="Start">
                        <operand localId="170" locator="74:31-74:49" name="MeasurementPeriod" xsi:type="ParameterRef"/>
                     </operand>
                  </operand>
                  <operand localId="173" locator="74:54-74:55" valueType="t:Integer" value="50" xsi:type="Literal"/>
               </operand>
            </operand>
            <operand localId="179" locator="75:9-75:31" xsi:type="Equal">
               <operand name="ToString" libraryName="FHIRHelpers" xsi:type="FunctionRef">
                  <operand localId="177" locator="75:9-75:22" path="gender" xsi:type="Property">
                     <source localId="176" locator="75:9-75:15" name="Patient" xsi:type="ExpressionRef"/>
                  </operand>
               </operand>
               <operand localId="178" locator="75:26-75:31" valueType="t:String" value="male" xsi:type="Literal"/>
            </operand>
         </expression>
      </def>
      <def localId="198" locator="77:1-80:31" name="Patient50To65AndMale" context="Patient" accessLevel="Public">
         <annotation xsi:type="a:Annotation">
            <a:s r="198">
               <a:s>define Patient50To65AndMale:
  </a:s>
               <a:s r="197">
                  <a:s r="192">
                     <a:s r="186">
                        <a:s r="184">
                           <a:s>AgeInYearsAt(</a:s>
                           <a:s r="183">
                              <a:s>start of </a:s>
                              <a:s r="182">
                                 <a:s>&quot;MeasurementPeriod&quot;</a:s>
                              </a:s>
                           </a:s>
                           <a:s>)</a:s>
                        </a:s>
                        <a:s r="185"> >= 50</a:s>
                     </a:s>
                     <a:s>
    and </a:s>
                     <a:s r="191">
                        <a:s r="189">
                           <a:s>AgeInYearsAt(</a:s>
                           <a:s r="188">
                              <a:s>start of </a:s>
                              <a:s r="187">
                                 <a:s>&quot;MeasurementPeriod&quot;</a:s>
                              </a:s>
                           </a:s>
                           <a:s>)</a:s>
                        </a:s>
                        <a:s r="190"> &lt; 65</a:s>
                     </a:s>
                  </a:s>
                  <a:s>
    and </a:s>
                  <a:s r="196">
                     <a:s r="194">
                        <a:s r="193">
                           <a:s>Patient</a:s>
                        </a:s>
                        <a:s>.</a:s>
                        <a:s r="194">
                           <a:s>gender</a:s>
                        </a:s>
                     </a:s>
                     <a:s> = </a:s>
                     <a:s r="195">
                        <a:s>'male'</a:s>
                     </a:s>
                  </a:s>
               </a:s>
            </a:s>
         </annotation>
         <expression localId="197" locator="78:3-80:31" xsi:type="And">
            <operand localId="192" locator="78:3-79:55" xsi:type="And">
               <operand localId="186" locator="78:3-78:50" xsi:type="GreaterOrEqual">
                  <operand localId="184" locator="78:3-78:44" precision="Year" xsi:type="CalculateAgeAt">
                     <operand path="birthDate.value" xsi:type="Property">
                        <source name="Patient" xsi:type="ExpressionRef"/>
                     </operand>
                     <operand localId="183" locator="78:16-78:43" xsi:type="Start">
                        <operand localId="182" locator="78:25-78:43" name="MeasurementPeriod" xsi:type="ParameterRef"/>
                     </operand>
                  </operand>
                  <operand localId="185" locator="78:49-78:50" valueType="t:Integer" value="50" xsi:type="Literal"/>
               </operand>
               <operand localId="191" locator="79:9-79:55" xsi:type="Less">
                  <operand localId="189" locator="79:9-79:50" precision="Year" xsi:type="CalculateAgeAt">
                     <operand path="birthDate.value" xsi:type="Property">
                        <source name="Patient" xsi:type="ExpressionRef"/>
                     </operand>
                     <operand localId="188" locator="79:22-79:49" xsi:type="Start">
                        <operand localId="187" locator="79:31-79:49" name="MeasurementPeriod" xsi:type="ParameterRef"/>
                     </operand>
                  </operand>
                  <operand localId="190" locator="79:54-79:55" valueType="t:Integer" value="65" xsi:type="Literal"/>
               </operand>
            </operand>
            <operand localId="196" locator="80:9-80:31" xsi:type="Equal">
               <operand name="ToString" libraryName="FHIRHelpers" xsi:type="FunctionRef">
                  <operand localId="194" locator="80:9-80:22" path="gender" xsi:type="Property">
                     <source localId="193" locator="80:9-80:15" name="Patient" xsi:type="ExpressionRef"/>
                  </operand>
               </operand>
               <operand localId="195" locator="80:26-80:31" valueType="t:String" value="male" xsi:type="Literal"/>
            </operand>
         </expression>
      </def>
      <def localId="209" locator="82:1-84:31" name="Patient65ToHighestAndMale" context="Patient" accessLevel="Public">
         <annotation xsi:type="a:Annotation">
            <a:s r="209">
               <a:s>define Patient65ToHighestAndMale:
  </a:s>
               <a:s r="208">
                  <a:s r="203">
                     <a:s r="201">
                        <a:s>AgeInYearsAt(</a:s>
                        <a:s r="200">
                           <a:s>start of </a:s>
                           <a:s r="199">
                              <a:s>&quot;MeasurementPeriod&quot;</a:s>
                           </a:s>
                        </a:s>
                        <a:s>)</a:s>
                     </a:s>
                     <a:s r="202"> >= 65</a:s>
                  </a:s>
                  <a:s>
    and </a:s>
                  <a:s r="207">
                     <a:s r="205">
                        <a:s r="204">
                           <a:s>Patient</a:s>
                        </a:s>
                        <a:s>.</a:s>
                        <a:s r="205">
                           <a:s>gender</a:s>
                        </a:s>
                     </a:s>
                     <a:s> = </a:s>
                     <a:s r="206">
                        <a:s>'male'</a:s>
                     </a:s>
                  </a:s>
               </a:s>
            </a:s>
         </annotation>
         <expression localId="208" locator="83:3-84:31" xsi:type="And">
            <operand localId="203" locator="83:3-83:50" xsi:type="GreaterOrEqual">
               <operand localId="201" locator="83:3-83:44" precision="Year" xsi:type="CalculateAgeAt">
                  <operand path="birthDate.value" xsi:type="Property">
                     <source name="Patient" xsi:type="ExpressionRef"/>
                  </operand>
                  <operand localId="200" locator="83:16-83:43" xsi:type="Start">
                     <operand localId="199" locator="83:25-83:43" name="MeasurementPeriod" xsi:type="ParameterRef"/>
                  </operand>
               </operand>
               <operand localId="202" locator="83:49-83:50" valueType="t:Integer" value="65" xsi:type="Literal"/>
            </operand>
            <operand localId="207" locator="84:9-84:31" xsi:type="Equal">
               <operand name="ToString" libraryName="FHIRHelpers" xsi:type="FunctionRef">
                  <operand localId="205" locator="84:9-84:22" path="gender" xsi:type="Property">
                     <source localId="204" locator="84:9-84:15" name="Patient" xsi:type="ExpressionRef"/>
                  </operand>
               </operand>
               <operand localId="206" locator="84:26-84:31" valueType="t:String" value="male" xsi:type="Literal"/>
            </operand>
         </expression>
      </def>
      <def localId="211" locator="86:1-86:33" name="Initial Population" context="Patient" accessLevel="Public">
         <annotation xsi:type="a:Annotation">
            <a:s r="211">
               <a:s r="210">define &quot;Initial Population&quot;: true</a:s>
            </a:s>
         </annotation>
         <expression localId="210" locator="86:30-86:33" valueType="t:Boolean" value="true" xsi:type="Literal"/>
      </def>
      <def localId="213" locator="88:1-88:26" name="Denominator" context="Patient" accessLevel="Public">
         <annotation xsi:type="a:Annotation">
            <a:s r="213">
               <a:s r="212">define &quot;Denominator&quot;: true</a:s>
            </a:s>
         </annotation>
         <expression localId="212" locator="88:23-88:26" valueType="t:Boolean" value="true" xsi:type="Literal"/>
      </def>
      <def localId="215" locator="90:1-90:24" name="Numerator" context="Patient" accessLevel="Public">
         <annotation xsi:type="a:Annotation">
            <a:s r="215">
               <a:s r="214">define &quot;Numerator&quot;: true</a:s>
            </a:s>
         </annotation>
         <expression localId="214" locator="90:21-90:24" valueType="t:Boolean" value="true" xsi:type="Literal"/>
      </def>
   </statements>
</library>
