<?xml version="1.0" encoding="UTF-8"?>
<library xmlns="urn:hl7-org:elm:r1" xmlns:t="urn:hl7-org:elm-types:r1" xmlns:xsi="http://www.w3.org/2001/XMLSchema-instance" xmlns:xsd="http://www.w3.org/2001/XMLSchema" xmlns:fhir="http://hl7.org/fhir" xmlns:qdm43="urn:healthit-gov:qdm:v4_3" xmlns:qdm53="urn:healthit-gov:qdm:v5_3" xmlns:a="urn:hl7-org:cql-annotations:r1">
   <annotation translatorOptions="EnableAnnotations,EnableLocators,DisableListDemotion,DisableListPromotion" xsi:type="a:CqlToElmInfo"/>
   <identifier id="KitchenSink" system="https://github.com/intrahealth/simple-hiv-ig" version="0.1.0"/>
   <schemaIdentifier id="urn:hl7-org:elm" version="r1"/>
   <usings>
      <def localIdentifier="System" uri="urn:hl7-org:elm-types:r1"/>
      <def localId="1" locator="3:1-3:26" localIdentifier="FHIR" uri="http://hl7.org/fhir" version="4.0.1">
         <annotation xsi:type="a:Annotation">
            <a:s r="1">
               <a:s>using FHIR version '4.0.1'</a:s>
            </a:s>
         </annotation>
      </def>
   </usings>
   <includes>
      <def localId="2" locator="5:1-5:35" localIdentifier="FHIRHelpers" path="https://github.com/intrahealth/simple-hiv-ig/FHIRHelpers" version="4.0.1">
         <annotation xsi:type="a:Annotation">
            <a:s r="2">
               <a:s>include </a:s>
               <a:s>
                  <a:s>FHIRHelpers</a:s>
               </a:s>
               <a:s> version '4.0.1'</a:s>
            </a:s>
         </annotation>
      </def>
      <def localId="3" locator="6:1-6:44" localIdentifier="FC" path="https://github.com/intrahealth/simple-hiv-ig/FHIRCommon" version="4.0.1">
         <annotation xsi:type="a:Annotation">
            <a:s r="3">
               <a:s>include </a:s>
               <a:s>
                  <a:s>FHIRCommon</a:s>
               </a:s>
               <a:s> version '4.0.1' called FC</a:s>
            </a:s>
         </annotation>
      </def>
   </includes>
   <codeSystems>
      <def localId="4" locator="10:1-10:100" name="SNOMED-CT" id="http://snomed.info/sct" version="http://snomed.info/sct/900000000000207008" accessLevel="Public">
         <annotation xsi:type="a:Annotation">
            <a:s r="4">
               <a:s>codesystem &quot;SNOMED-CT&quot;: 'http://snomed.info/sct' version 'http://snomed.info/sct/900000000000207008'</a:s>
            </a:s>
         </annotation>
      </def>
      <def localId="5" locator="13:1-13:38" name="LOINC" id="http://loinc.org" accessLevel="Public">
         <annotation xsi:type="a:Annotation">
            <a:s r="5">
               <a:s>codesystem &quot;LOINC&quot;: 'http://loinc.org'</a:s>
            </a:s>
         </annotation>
      </def>
   </codeSystems>
   <contexts>
      <def locator="15:1-15:15" name="Patient"/>
   </contexts>
   <statements>
      <def locator="15:1-15:15" name="Patient" context="Patient">
         <expression xsi:type="SingletonFrom">
            <operand locator="15:1-15:15" dataType="fhir:Patient" templateId="http://hl7.org/fhir/StructureDefinition/Patient" xsi:type="Retrieve"/>
         </expression>
      </def>
      <def localId="8" locator="17:1-17:28" name="Sex" context="Patient" accessLevel="Public">
         <annotation xsi:type="a:Annotation">
            <a:s r="8">
               <a:s>define &quot;Sex&quot;: </a:s>
               <a:s r="7">
                  <a:s r="6">
                     <a:s>Patient</a:s>
                  </a:s>
                  <a:s>.</a:s>
                  <a:s r="7">
                     <a:s>gender</a:s>
                  </a:s>
               </a:s>
            </a:s>
         </annotation>
         <expression localId="7" locator="17:15-17:28" path="gender" xsi:type="Property">
            <source localId="6" locator="17:15-17:21" name="Patient" xsi:type="ExpressionRef"/>
         </expression>
      </def>
      <def localId="13" locator="19:1-20:27" name="Female" context="Patient" accessLevel="Public">
         <annotation xsi:type="a:Annotation">
            <a:s r="13">
               <a:s>define &quot;Female&quot;:
  </a:s>
               <a:s r="12">
                  <a:s r="10">
                     <a:s r="9">
                        <a:s>Patient</a:s>
                     </a:s>
                     <a:s>.</a:s>
                     <a:s r="10">
                        <a:s>gender</a:s>
                     </a:s>
                  </a:s>
                  <a:s> = </a:s>
                  <a:s r="11">
                     <a:s>'female'</a:s>
                  </a:s>
               </a:s>
            </a:s>
         </annotation>
         <expression localId="12" locator="20:3-20:27" xsi:type="Equal">
            <operand name="ToString" libraryName="FHIRHelpers" xsi:type="FunctionRef">
               <operand localId="10" locator="20:3-20:16" path="gender" xsi:type="Property">
                  <source localId="9" locator="20:3-20:9" name="Patient" xsi:type="ExpressionRef"/>
               </operand>
            </operand>
            <operand localId="11" locator="20:20-20:27" valueType="t:String" value="female" xsi:type="Literal"/>
         </expression>
      </def>
      <def localId="18" locator="22:1-23:25" name="Male" context="Patient" accessLevel="Public">
         <annotation xsi:type="a:Annotation">
            <a:s r="18">
               <a:s>define &quot;Male&quot;:
  </a:s>
               <a:s r="17">
                  <a:s r="15">
                     <a:s r="14">
                        <a:s>Patient</a:s>
                     </a:s>
                     <a:s>.</a:s>
                     <a:s r="15">
                        <a:s>gender</a:s>
                     </a:s>
                  </a:s>
                  <a:s> = </a:s>
                  <a:s r="16">
                     <a:s>'male'</a:s>
                  </a:s>
               </a:s>
            </a:s>
         </annotation>
         <expression localId="17" locator="23:3-23:25" xsi:type="Equal">
            <operand name="ToString" libraryName="FHIRHelpers" xsi:type="FunctionRef">
               <operand localId="15" locator="23:3-23:16" path="gender" xsi:type="Property">
                  <source localId="14" locator="23:3-23:9" name="Patient" xsi:type="ExpressionRef"/>
               </operand>
            </operand>
            <operand localId="16" locator="23:20-23:25" valueType="t:String" value="male" xsi:type="Literal"/>
         </expression>
      </def>
      <def localId="20" locator="25:1-25:33" name="Initial Population" context="Patient" accessLevel="Public">
         <annotation xsi:type="a:Annotation">
            <a:s r="20">
               <a:s r="19">define &quot;Initial Population&quot;: true</a:s>
            </a:s>
         </annotation>
         <expression localId="19" locator="25:30-25:33" valueType="t:Boolean" value="true" xsi:type="Literal"/>
      </def>
      <def localId="23" locator="27:1-28:19" name="Denominator" context="Patient" accessLevel="Public">
         <annotation xsi:type="a:Annotation">
            <a:s r="23">
               <a:s>define &quot;Denominator&quot;:
  </a:s>
               <a:s r="22">
                  <a:s r="21">
                     <a:s>&quot;Sex&quot;</a:s>
                  </a:s>
                  <a:s> is not null</a:s>
               </a:s>
            </a:s>
         </annotation>
         <expression localId="22" locator="28:3-28:19" xsi:type="Not">
            <operand locator="28:3-28:19" xsi:type="IsNull">
               <operand localId="21" locator="28:3-28:7" name="Sex" xsi:type="ExpressionRef"/>
            </operand>
         </expression>
      </def>
      <def localId="27" locator="30:1-31:18" name="Numerator" context="Patient" accessLevel="Public">
         <annotation xsi:type="a:Annotation">
            <a:s r="27">
               <a:s>define &quot;Numerator&quot;:
  </a:s>
               <a:s r="26">
                  <a:s r="24">
                     <a:s>&quot;Sex&quot;</a:s>
                  </a:s>
                  <a:s> = </a:s>
                  <a:s r="25">
                     <a:s>'female'</a:s>
                  </a:s>
               </a:s>
            </a:s>
         </annotation>
         <expression localId="26" locator="31:3-31:18" xsi:type="Equal">
            <operand name="ToString" libraryName="FHIRHelpers" xsi:type="FunctionRef">
               <operand localId="24" locator="31:3-31:7" name="Sex" xsi:type="ExpressionRef"/>
            </operand>
            <operand localId="25" locator="31:11-31:18" valueType="t:String" value="female" xsi:type="Literal"/>
         </expression>
      </def>
      <def localId="29" locator="33:1-33:39" name="Hello, World!" context="Patient" accessLevel="Public">
         <annotation xsi:type="a:Annotation">
            <a:s r="29">
               <a:s>define &quot;Hello, World!&quot;: </a:s>
               <a:s r="28">
                  <a:s>'Hello, World!'</a:s>
               </a:s>
            </a:s>
         </annotation>
         <expression localId="28" locator="33:25-33:39" valueType="t:String" value="Hello, World!" xsi:type="Literal"/>
      </def>
      <def localId="32" locator="35:1-35:37" name="birthDate" context="Patient" accessLevel="Public">
         <annotation xsi:type="a:Annotation">
            <a:s r="32">
               <a:s>define &quot;birthDate&quot;: </a:s>
               <a:s r="31">
                  <a:s r="30">
                     <a:s>Patient</a:s>
                  </a:s>
                  <a:s>.</a:s>
                  <a:s r="31">
                     <a:s>birthDate</a:s>
                  </a:s>
               </a:s>
            </a:s>
         </annotation>
         <expression localId="31" locator="35:21-35:37" path="birthDate" xsi:type="Property">
            <source localId="30" locator="35:21-35:27" name="Patient" xsi:type="ExpressionRef"/>
         </expression>
      </def>
      <def localId="36" locator="36:1-36:51" name="birthDate_str" context="Patient" accessLevel="Public">
         <annotation xsi:type="a:Annotation">
            <a:s r="36">
               <a:s>define &quot;birthDate_str&quot;: </a:s>
               <a:s r="35">
                  <a:s>ToString(</a:s>
                  <a:s r="34">
                     <a:s r="33">
                        <a:s>Patient</a:s>
                     </a:s>
                     <a:s>.</a:s>
                     <a:s r="34">
                        <a:s>birthDate</a:s>
                     </a:s>
                  </a:s>
                  <a:s>)</a:s>
               </a:s>
            </a:s>
         </annotation>
         <expression localId="35" locator="36:25-36:51" xsi:type="ToString">
            <operand name="ToDate" libraryName="FHIRHelpers" xsi:type="FunctionRef">
               <operand localId="34" locator="36:34-36:50" path="birthDate" xsi:type="Property">
                  <source localId="33" locator="36:34-36:40" name="Patient" xsi:type="ExpressionRef"/>
               </operand>
            </operand>
         </expression>
      </def>
      <def localId="42" locator="38:1-38:46" name="Given Name str" context="Patient" accessLevel="Public">
         <annotation xsi:type="a:Annotation">
            <a:s r="42">
               <a:s>define &quot;Given Name str&quot;: </a:s>
               <a:s r="41">
                  <a:s r="39">
                     <a:s r="38">
                        <a:s r="37">
                           <a:s>Patient</a:s>
                        </a:s>
                        <a:s>.</a:s>
                        <a:s r="38">
                           <a:s>name</a:s>
                        </a:s>
                     </a:s>
                     <a:s>.</a:s>
                     <a:s r="39">
                        <a:s>given</a:s>
                     </a:s>
                  </a:s>
                  <a:s r="40">[0]</a:s>
               </a:s>
            </a:s>
         </annotation>
         <expression localId="41" locator="38:26-38:46" xsi:type="Indexer">
            <operand localId="39" locator="38:26-38:43" xsi:type="Flatten">
               <operand xsi:type="Query">
                  <source alias="$this">
                     <expression localId="38" locator="38:26-38:37" path="name" xsi:type="Property">
                        <source localId="37" locator="38:26-38:32" name="Patient" xsi:type="ExpressionRef"/>
                     </expression>
                  </source>
                  <where xsi:type="Not">
                     <operand xsi:type="IsNull">
                        <operand path="given" xsi:type="Property">
                           <source name="$this" xsi:type="AliasRef"/>
                        </operand>
                     </operand>
                  </where>
                  <return distinct="false">
                     <expression path="given" xsi:type="Property">
                        <source name="$this" xsi:type="AliasRef"/>
                     </expression>
                  </return>
               </operand>
            </operand>
            <operand localId="40" locator="38:45" valueType="t:Integer" value="0" xsi:type="Literal"/>
         </expression>
      </def>
      <def localId="49" locator="39:1-39:48" name="Given Name" context="Patient" accessLevel="Public">
         <annotation xsi:type="a:Annotation">
            <a:s r="49">
               <a:s>define &quot;Given Name&quot;: </a:s>
               <a:s r="48">
                  <a:s r="47">
                     <a:s r="45">
                        <a:s r="44">
                           <a:s r="43">
                              <a:s>Patient</a:s>
                           </a:s>
                           <a:s>.</a:s>
                           <a:s r="44">
                              <a:s>name</a:s>
                           </a:s>
                        </a:s>
                        <a:s>.</a:s>
                        <a:s r="45">
                           <a:s>given</a:s>
                        </a:s>
                     </a:s>
                     <a:s r="46">[0]</a:s>
                  </a:s>
                  <a:s>.</a:s>
                  <a:s r="48">
                     <a:s>value</a:s>
                  </a:s>
               </a:s>
            </a:s>
         </annotation>
         <expression localId="48" locator="39:22-39:48" path="value" xsi:type="Property">
            <source localId="47" locator="39:22-39:42" xsi:type="Indexer">
               <operand localId="45" locator="39:22-39:39" xsi:type="Flatten">
                  <operand xsi:type="Query">
                     <source alias="$this">
                        <expression localId="44" locator="39:22-39:33" path="name" xsi:type="Property">
                           <source localId="43" locator="39:22-39:28" name="Patient" xsi:type="ExpressionRef"/>
                        </expression>
                     </source>
                     <where xsi:type="Not">
                        <operand xsi:type="IsNull">
                           <operand path="given" xsi:type="Property">
                              <source name="$this" xsi:type="AliasRef"/>
                           </operand>
                        </operand>
                     </where>
                     <return distinct="false">
                        <expression path="given" xsi:type="Property">
                           <source name="$this" xsi:type="AliasRef"/>
                        </expression>
                     </return>
                  </operand>
               </operand>
               <operand localId="46" locator="39:41" valueType="t:Integer" value="0" xsi:type="Literal"/>
            </source>
         </expression>
      </def>
      <def localId="55" locator="41:1-41:48" name="Family Name str" context="Patient" accessLevel="Public">
         <annotation xsi:type="a:Annotation">
            <a:s r="55">
               <a:s>define &quot;Family Name str&quot;: </a:s>
               <a:s r="54">
                  <a:s r="52">
                     <a:s r="51">
                        <a:s r="50">
                           <a:s>Patient</a:s>
                        </a:s>
                        <a:s>.</a:s>
                        <a:s r="51">
                           <a:s>name</a:s>
                        </a:s>
                     </a:s>
                     <a:s>.</a:s>
                     <a:s r="52">
                        <a:s>family</a:s>
                     </a:s>
                  </a:s>
                  <a:s r="53">[0]</a:s>
               </a:s>
            </a:s>
         </annotation>
         <expression localId="54" locator="41:27-41:48" xsi:type="Indexer">
            <operand localId="52" locator="41:27-41:45" xsi:type="Query">
               <source alias="$this">
                  <expression localId="51" locator="41:27-41:38" path="name" xsi:type="Property">
                     <source localId="50" locator="41:27-41:33" name="Patient" xsi:type="ExpressionRef"/>
                  </expression>
               </source>
               <where xsi:type="Not">
                  <operand xsi:type="IsNull">
                     <operand path="family" xsi:type="Property">
                        <source name="$this" xsi:type="AliasRef"/>
                     </operand>
                  </operand>
               </where>
               <return distinct="false">
                  <expression path="family" xsi:type="Property">
                     <source name="$this" xsi:type="AliasRef"/>
                  </expression>
               </return>
            </operand>
            <operand localId="53" locator="41:47" valueType="t:Integer" value="0" xsi:type="Literal"/>
         </expression>
      </def>
      <def localId="62" locator="42:1-42:50" name="Family Name" context="Patient" accessLevel="Public">
         <annotation xsi:type="a:Annotation">
            <a:s r="62">
               <a:s>define &quot;Family Name&quot;: </a:s>
               <a:s r="61">
                  <a:s r="60">
                     <a:s r="58">
                        <a:s r="57">
                           <a:s r="56">
                              <a:s>Patient</a:s>
                           </a:s>
                           <a:s>.</a:s>
                           <a:s r="57">
                              <a:s>name</a:s>
                           </a:s>
                        </a:s>
                        <a:s>.</a:s>
                        <a:s r="58">
                           <a:s>family</a:s>
                        </a:s>
                     </a:s>
                     <a:s r="59">[0]</a:s>
                  </a:s>
                  <a:s>.</a:s>
                  <a:s r="61">
                     <a:s>value</a:s>
                  </a:s>
               </a:s>
            </a:s>
         </annotation>
         <expression localId="61" locator="42:23-42:50" path="value" xsi:type="Property">
            <source localId="60" locator="42:23-42:44" xsi:type="Indexer">
               <operand localId="58" locator="42:23-42:41" xsi:type="Query">
                  <source alias="$this">
                     <expression localId="57" locator="42:23-42:34" path="name" xsi:type="Property">
                        <source localId="56" locator="42:23-42:29" name="Patient" xsi:type="ExpressionRef"/>
                     </expression>
                  </source>
                  <where xsi:type="Not">
                     <operand xsi:type="IsNull">
                        <operand path="family" xsi:type="Property">
                           <source name="$this" xsi:type="AliasRef"/>
                        </operand>
                     </operand>
                  </where>
                  <return distinct="false">
                     <expression path="family" xsi:type="Property">
                        <source name="$this" xsi:type="AliasRef"/>
                     </expression>
                  </return>
               </operand>
               <operand localId="59" locator="42:43" valueType="t:Integer" value="0" xsi:type="Literal"/>
            </source>
         </expression>
      </def>
      <def localId="83" locator="45:1-50:5" name="SDE Sex" context="Patient" accessLevel="Public">
         <annotation xsi:type="a:Annotation">
            <a:s r="83">
               <a:s>define &quot;SDE Sex&quot;:
  </a:s>
               <a:s r="82">
                  <a:s>case
    </a:s>
                  <a:s r="71">
                     <a:s>when </a:s>
                     <a:s r="66">
                        <a:s r="64">
                           <a:s r="63">
                              <a:s>Patient</a:s>
                           </a:s>
                           <a:s>.</a:s>
                           <a:s r="64">
                              <a:s>gender</a:s>
                           </a:s>
                        </a:s>
                        <a:s> = </a:s>
                        <a:s r="65">
                           <a:s>'male'</a:s>
                        </a:s>
                     </a:s>
                     <a:s> then </a:s>
                     <a:s r="70">
                        <a:s>Code { </a:s>
                        <a:s>
                           <a:s>code: </a:s>
                           <a:s r="67">
                              <a:s>'M'</a:s>
                           </a:s>
                        </a:s>
                        <a:s>, </a:s>
                        <a:s>
                           <a:s>system: </a:s>
                           <a:s r="68">
                              <a:s>'http://hl7.org/fhir/v3/AdministrativeGender'</a:s>
                           </a:s>
                        </a:s>
                        <a:s>, </a:s>
                        <a:s>
                           <a:s>display: </a:s>
                           <a:s r="69">
                              <a:s>'Male'</a:s>
                           </a:s>
                        </a:s>
                        <a:s> }</a:s>
                     </a:s>
                  </a:s>
                  <a:s>
    </a:s>
                  <a:s r="80">
                     <a:s>when </a:s>
                     <a:s r="75">
                        <a:s r="73">
                           <a:s r="72">
                              <a:s>Patient</a:s>
                           </a:s>
                           <a:s>.</a:s>
                           <a:s r="73">
                              <a:s>gender</a:s>
                           </a:s>
                        </a:s>
                        <a:s> = </a:s>
                        <a:s r="74">
                           <a:s>'female'</a:s>
                        </a:s>
                     </a:s>
                     <a:s> then </a:s>
                     <a:s r="79">
                        <a:s>Code { </a:s>
                        <a:s>
                           <a:s>code: </a:s>
                           <a:s r="76">
                              <a:s>'F'</a:s>
                           </a:s>
                        </a:s>
                        <a:s>, </a:s>
                        <a:s>
                           <a:s>system: </a:s>
                           <a:s r="77">
                              <a:s>'http://hl7.org/fhir/v3/AdministrativeGender'</a:s>
                           </a:s>
                        </a:s>
                        <a:s>, </a:s>
                        <a:s>
                           <a:s>display: </a:s>
                           <a:s r="78">
                              <a:s>'Female'</a:s>
                           </a:s>
                        </a:s>
                        <a:s> }</a:s>
                     </a:s>
                  </a:s>
                  <a:s r="81">
    else null
  end</a:s>
               </a:s>
            </a:s>
         </annotation>
         <expression localId="82" locator="46:3-50:5" xsi:type="Case">
            <caseItem localId="71" locator="47:5-47:128">
               <when localId="66" locator="47:10-47:32" xsi:type="Equal">
                  <operand name="ToString" libraryName="FHIRHelpers" xsi:type="FunctionRef">
                     <operand localId="64" locator="47:10-47:23" path="gender" xsi:type="Property">
                        <source localId="63" locator="47:10-47:16" name="Patient" xsi:type="ExpressionRef"/>
                     </operand>
                  </operand>
                  <operand localId="65" locator="47:27-47:32" valueType="t:String" value="male" xsi:type="Literal"/>
               </when>
               <then localId="70" locator="47:39-47:128" classType="t:Code" xsi:type="Instance">
                  <element name="code">
                     <value localId="67" locator="47:52-47:54" valueType="t:String" value="M" xsi:type="Literal"/>
                  </element>
                  <element name="system">
                     <value localId="68" locator="47:65-47:109" valueType="t:String" value="http://hl7.org/fhir/v3/AdministrativeGender" xsi:type="Literal"/>
                  </element>
                  <element name="display">
                     <value localId="69" locator="47:121-47:126" valueType="t:String" value="Male" xsi:type="Literal"/>
                  </element>
               </then>
            </caseItem>
            <caseItem localId="80" locator="48:5-48:132">
               <when localId="75" locator="48:10-48:34" xsi:type="Equal">
                  <operand name="ToString" libraryName="FHIRHelpers" xsi:type="FunctionRef">
                     <operand localId="73" locator="48:10-48:23" path="gender" xsi:type="Property">
                        <source localId="72" locator="48:10-48:16" name="Patient" xsi:type="ExpressionRef"/>
                     </operand>
                  </operand>
                  <operand localId="74" locator="48:27-48:34" valueType="t:String" value="female" xsi:type="Literal"/>
               </when>
               <then localId="79" locator="48:41-48:132" classType="t:Code" xsi:type="Instance">
                  <element name="code">
                     <value localId="76" locator="48:54-48:56" valueType="t:String" value="F" xsi:type="Literal"/>
                  </element>
                  <element name="system">
                     <value localId="77" locator="48:67-48:111" valueType="t:String" value="http://hl7.org/fhir/v3/AdministrativeGender" xsi:type="Literal"/>
                  </element>
                  <element name="display">
                     <value localId="78" locator="48:123-48:130" valueType="t:String" value="Female" xsi:type="Literal"/>
                  </element>
               </then>
            </caseItem>
            <else asType="t:Code" xsi:type="As">
               <operand localId="81" locator="49:10-49:13" xsi:type="Null"/>
            </else>
         </expression>
      </def>
      <def localId="89" locator="55:1-56:25" name="GetId" context="Patient" accessLevel="Public" xsi:type="FunctionDef">
         <annotation xsi:type="a:Annotation">
            <a:s r="89">
               <a:s>define function &quot;GetId&quot;(uri </a:s>
               <a:s r="84">
                  <a:s>String</a:s>
               </a:s>
               <a:s>):
    </a:s>
               <a:s r="88">
                  <a:s r="88">
                     <a:s>Last(</a:s>
                     <a:s r="87">
                        <a:s>Split(</a:s>
                        <a:s r="85">
                           <a:s>uri</a:s>
                        </a:s>
                        <a:s>, </a:s>
                        <a:s r="86">
                           <a:s>'/'</a:s>
                        </a:s>
                        <a:s>)</a:s>
                     </a:s>
                     <a:s>)</a:s>
                  </a:s>
               </a:s>
            </a:s>
         </annotation>
         <expression localId="88" locator="56:5-56:25" xsi:type="Last">
            <source localId="87" locator="56:10-56:24" xsi:type="Split">
               <stringToSplit localId="85" locator="56:16-56:18" name="uri" xsi:type="OperandRef"/>
               <separator localId="86" locator="56:21-56:23" valueType="t:String" value="/" xsi:type="Literal"/>
            </source>
         </expression>
         <operand name="uri">
            <operandTypeSpecifier localId="84" locator="55:29-55:34" name="t:String" xsi:type="NamedTypeSpecifier"/>
         </operand>
      </def>
      <def localId="102" locator="58:1-61:3" name="GetLocation" context="Patient" accessLevel="Public" xsi:type="FunctionDef">
         <annotation xsi:type="a:Annotation">
            <a:s r="102">
               <a:s>define function &quot;GetLocation&quot;(reference </a:s>
               <a:s r="90">
                  <a:s>Reference</a:s>
               </a:s>
               <a:s>):
  </a:s>
               <a:s r="101">
                  <a:s r="101">
                     <a:s>singleton from </a:s>
                     <a:s r="100">
                        <a:s>(
    </a:s>
                        <a:s r="100">
                           <a:s>
                              <a:s r="92">
                                 <a:s r="91">
                                    <a:s r="91">
                                       <a:s>[Location]</a:s>
                                    </a:s>
                                 </a:s>
                                 <a:s> Location</a:s>
                              </a:s>
                           </a:s>
                           <a:s> </a:s>
                           <a:s r="99">
                              <a:s>where </a:s>
                              <a:s r="99">
                                 <a:s r="95">
                                    <a:s r="94">
                                       <a:s r="93">
                                          <a:s>Location</a:s>
                                       </a:s>
                                       <a:s>.</a:s>
                                       <a:s r="94">
                                          <a:s>id</a:s>
                                       </a:s>
                                    </a:s>
                                    <a:s>.</a:s>
                                    <a:s r="95">
                                       <a:s>value</a:s>
                                    </a:s>
                                 </a:s>
                                 <a:s> = </a:s>
                                 <a:s r="98">
                                    <a:s>GetId(</a:s>
                                    <a:s r="97">
                                       <a:s r="96">
                                          <a:s>reference</a:s>
                                       </a:s>
                                       <a:s>.</a:s>
                                       <a:s r="97">
                                          <a:s>reference</a:s>
                                       </a:s>
                                    </a:s>
                                    <a:s>)</a:s>
                                 </a:s>
                              </a:s>
                           </a:s>
                        </a:s>
                        <a:s>
  )</a:s>
                     </a:s>
                  </a:s>
               </a:s>
            </a:s>
         </annotation>
         <expression localId="101" locator="59:3-61:3" xsi:type="SingletonFrom">
            <operand localId="100" locator="59:18-61:3" xsi:type="Query">
               <source localId="92" locator="60:5-60:23" alias="Location">
                  <expression localId="91" locator="60:5-60:14" dataType="fhir:Location" templateId="http://hl7.org/fhir/StructureDefinition/Location" xsi:type="Retrieve"/>
               </source>
               <where localId="99" locator="60:25-60:76" xsi:type="Equal">
                  <operand localId="95" locator="60:31-60:47" path="value" xsi:type="Property">
                     <source localId="94" locator="60:31-60:41" path="id" scope="Location" xsi:type="Property"/>
                  </operand>
                  <operand localId="98" locator="60:51-60:76" name="GetId" xsi:type="FunctionRef">
                     <operand name="ToString" libraryName="FHIRHelpers" xsi:type="FunctionRef">
                        <operand localId="97" locator="60:57-60:75" path="reference" xsi:type="Property">
                           <source localId="96" locator="60:57-60:65" name="reference" xsi:type="OperandRef"/>
                        </operand>
                     </operand>
                  </operand>
               </where>
            </operand>
         </expression>
         <operand name="reference">
            <operandTypeSpecifier localId="90" locator="58:41-58:49" name="fhir:Reference" xsi:type="NamedTypeSpecifier"/>
         </operand>
      </def>
      <def localId="113" locator="63:1-64:73" name="Location" context="Patient" accessLevel="Public">
         <annotation xsi:type="a:Annotation">
            <a:s r="113">
               <a:s>define &quot;Location&quot;:
    </a:s>
               <a:s r="112">
                  <a:s>First(</a:s>
                  <a:s r="111">
                     <a:s>
                        <a:s r="104">
                           <a:s r="103">
                              <a:s r="103">
                                 <a:s>[Encounter]</a:s>
                              </a:s>
                           </a:s>
                           <a:s> E</a:s>
                        </a:s>
                     </a:s>
                     <a:s> </a:s>
                     <a:s r="110">
                        <a:s>return </a:s>
                        <a:s r="109">
                           <a:s>&quot;GetLocation&quot;(</a:s>
                           <a:s r="108">
                              <a:s r="107">
                                 <a:s>First(</a:s>
                                 <a:s r="106">
                                    <a:s r="105">
                                       <a:s>E</a:s>
                                    </a:s>
                                    <a:s>.</a:s>
                                    <a:s r="106">
                                       <a:s>location</a:s>
                                    </a:s>
                                 </a:s>
                                 <a:s>)</a:s>
                              </a:s>
                              <a:s>.</a:s>
                              <a:s r="108">
                                 <a:s>location</a:s>
                              </a:s>
                           </a:s>
                           <a:s>)</a:s>
                        </a:s>
                     </a:s>
                  </a:s>
                  <a:s>)</a:s>
               </a:s>
            </a:s>
         </annotation>
         <expression localId="112" locator="64:5-64:73" xsi:type="First">
            <source localId="111" locator="64:11-64:72" xsi:type="Query">
               <source localId="104" locator="64:11-64:23" alias="E">
                  <expression localId="103" locator="64:11-64:21" dataType="fhir:Encounter" templateId="http://hl7.org/fhir/StructureDefinition/Encounter" xsi:type="Retrieve"/>
               </source>
               <return localId="110" locator="64:25-64:72">
                  <expression localId="109" locator="64:32-64:72" name="GetLocation" xsi:type="FunctionRef">
                     <operand localId="108" locator="64:46-64:71" path="location" xsi:type="Property">
                        <source localId="107" locator="64:46-64:62" xsi:type="First">
                           <source localId="106" locator="64:52-64:61" path="location" scope="E" xsi:type="Property"/>
                        </source>
                     </operand>
                  </expression>
               </return>
            </source>
         </expression>
      </def>
      <def localId="118" locator="66:1-67:88" name="SDE Location" context="Patient" accessLevel="Public">
         <annotation xsi:type="a:Annotation">
            <a:s r="118">
               <a:s>define &quot;SDE Location&quot;:
    </a:s>
               <a:s r="117">
                  <a:s>Code { </a:s>
                  <a:s>
                     <a:s>code: </a:s>
                     <a:s r="115">
                        <a:s r="114">
                           <a:s>&quot;Location&quot;</a:s>
                        </a:s>
                        <a:s>.</a:s>
                        <a:s r="115">
                           <a:s>name</a:s>
                        </a:s>
                     </a:s>
                  </a:s>
                  <a:s>, </a:s>
                  <a:s>
                     <a:s>system: </a:s>
                     <a:s r="116">
                        <a:s>'https://github.com/synthetichealth/synthea'</a:s>
                     </a:s>
                  </a:s>
                  <a:s> }</a:s>
               </a:s>
            </a:s>
         </annotation>
         <expression localId="117" locator="67:5-67:88" classType="t:Code" xsi:type="Instance">
            <element name="code">
               <value name="ToString" libraryName="FHIRHelpers" xsi:type="FunctionRef">
                  <operand localId="115" locator="67:18-67:32" path="name" xsi:type="Property">
                     <source localId="114" locator="67:18-67:27" name="Location" xsi:type="ExpressionRef"/>
                  </operand>
               </value>
            </element>
            <element name="system">
               <value localId="116" locator="67:43-67:86" valueType="t:String" value="https://github.com/synthetichealth/synthea" xsi:type="Literal"/>
            </element>
         </expression>
      </def>
      <def localId="131" locator="74:1-79:3" name="Most Recent Encounter Location Reference" context="Patient" accessLevel="Public">
         <annotation xsi:type="a:Annotation">
            <a:s r="131">
               <a:s>define &quot;Most Recent Encounter Location Reference&quot;:
  </a:s>
               <a:s r="130">
                  <a:s>Last(
    </a:s>
                  <a:s r="129">
                     <a:s>
                        <a:s r="120">
                           <a:s r="119">
                              <a:s r="119">
                                 <a:s>[Encounter]</a:s>
                              </a:s>
                           </a:s>
                           <a:s> E</a:s>
                        </a:s>
                     </a:s>
                     <a:s>
      </a:s>
                     <a:s r="128">
                        <a:s>return </a:s>
                        <a:s r="127">
                           <a:s>First(</a:s>
                           <a:s r="126">
                              <a:s>
                                 <a:s r="122">
                                    <a:s r="121">
                                       <a:s>
                                          <a:s>E.location</a:s>
                                       </a:s>
                                    </a:s>
                                    <a:s> L</a:s>
                                 </a:s>
                              </a:s>
                              <a:s> </a:s>
                              <a:s r="125">
                                 <a:s>return </a:s>
                                 <a:s r="124">
                                    <a:s r="123">
                                       <a:s>L</a:s>
                                    </a:s>
                                    <a:s>.</a:s>
                                    <a:s r="124">
                                       <a:s>location</a:s>
                                    </a:s>
                                 </a:s>
                              </a:s>
                           </a:s>
                           <a:s>)</a:s>
                        </a:s>
                     </a:s>
                  </a:s>
                  <a:s>
      //sort by start of period
  )</a:s>
               </a:s>
            </a:s>
         </annotation>
         <expression localId="130" locator="75:3-79:3" xsi:type="Last">
            <source localId="129" locator="76:5-77:50" xsi:type="Query">
               <source localId="120" locator="76:5-76:17" alias="E">
                  <expression localId="119" locator="76:5-76:15" dataType="fhir:Encounter" templateId="http://hl7.org/fhir/StructureDefinition/Encounter" xsi:type="Retrieve"/>
               </source>
               <return localId="128" locator="77:7-77:50">
                  <expression localId="127" locator="77:14-77:50" xsi:type="First">
                     <source localId="126" locator="77:20-77:49" xsi:type="Query">
                        <source localId="122" locator="77:20-77:31" alias="L">
                           <expression localId="121" locator="77:20-77:29" path="location" scope="E" xsi:type="Property"/>
                        </source>
                        <return localId="125" locator="77:33-77:49">
                           <expression localId="124" locator="77:40-77:49" path="location" scope="L" xsi:type="Property"/>
                        </return>
                     </source>
                  </expression>
               </return>
            </source>
         </expression>
      </def>
      <def localId="162" locator="84:1-97:2" name="Location Code" context="Patient" accessLevel="Public">
         <annotation xsi:type="a:Annotation">
            <a:s r="162">
               <a:s>define &quot;Location Code&quot;:
 </a:s>
               <a:s r="161">
                  <a:s>singleton from </a:s>
                  <a:s r="160">
                     <a:s>(
   </a:s>
                     <a:s r="160">
                        <a:s>
                           <a:s r="133">
                              <a:s r="132">
                                 <a:s r="132">
                                    <a:s>[Location]</a:s>
                                 </a:s>
                              </a:s>
                              <a:s> L</a:s>
                           </a:s>
                        </a:s>
                        <a:s>
     </a:s>
                        <a:s>
                           <a:s>let </a:s>
                           <a:s r="142">
                              <a:s>identifier: </a:s>
                              <a:s r="141">
                                 <a:s>singleton from </a:s>
                                 <a:s r="140">
                                    <a:s>(</a:s>
                                    <a:s r="140">
                                       <a:s>
                                          <a:s r="135">
                                             <a:s r="134">
                                                <a:s>
                                                   <a:s>L.identifier</a:s>
                                                </a:s>
                                             </a:s>
                                             <a:s> I</a:s>
                                          </a:s>
                                       </a:s>
                                       <a:s> </a:s>
                                       <a:s r="139">
                                          <a:s>where </a:s>
                                          <a:s r="139">
                                             <a:s r="137">
                                                <a:s r="136">
                                                   <a:s>I</a:s>
                                                </a:s>
                                                <a:s>.</a:s>
                                                <a:s r="137">
                                                   <a:s>system</a:s>
                                                </a:s>
                                             </a:s>
                                             <a:s> = </a:s>
                                             <a:s r="138">
                                                <a:s>'Location?identifier=https://github.com/synthetichealth/synthea|b19ad638-35cc-3819-958d-618086f6180a'</a:s>
                                             </a:s>
                                          </a:s>
                                       </a:s>
                                    </a:s>
                                    <a:s>)</a:s>
                                 </a:s>
                              </a:s>
                           </a:s>
                        </a:s>
                        <a:s>
     </a:s>
                        <a:s r="150">
                           <a:s>where </a:s>
                           <a:s r="150">
                              <a:s r="144">
                                 <a:s r="143">
                                    <a:s>L</a:s>
                                 </a:s>
                                 <a:s>.</a:s>
                                 <a:s r="144">
                                    <a:s>id</a:s>
                                 </a:s>
                              </a:s>
                              <a:s> = </a:s>
                              <a:s r="149">
                                 <a:s>Last(</a:s>
                                 <a:s r="148">
                                    <a:s>Split(</a:s>
                                    <a:s r="146">
                                       <a:s r="145">
                                          <a:s>&quot;Most Recent Encounter Location Reference&quot;</a:s>
                                       </a:s>
                                       <a:s>.</a:s>
                                       <a:s r="146">
                                          <a:s>reference</a:s>
                                       </a:s>
                                    </a:s>
                                    <a:s>, </a:s>
                                    <a:s r="147">
                                       <a:s>'/'</a:s>
                                    </a:s>
                                    <a:s>)</a:s>
                                 </a:s>
                                 <a:s>)</a:s>
                              </a:s>
                           </a:s>
                        </a:s>
                        <a:s>
     </a:s>
                        <a:s r="159">
                           <a:s>return </a:s>
                           <a:s r="158">
                              <a:s>CodeableConcept {
       </a:s>
                              <a:s>
                                 <a:s>coding: </a:s>
                                 <a:s r="157">
                                    <a:s>{
         </a:s>
                                    <a:s r="156">
                                       <a:s>Coding {
           </a:s>
                                       <a:s>
                                          <a:s>code: </a:s>
                                          <a:s r="153">
                                             <a:s>code { </a:s>
                                             <a:s>
                                                <a:s>value: </a:s>
                                                <a:s r="152">
                                                   <a:s r="151">
                                                      <a:s>identifier</a:s>
                                                   </a:s>
                                                   <a:s>.</a:s>
                                                   <a:s r="152">
                                                      <a:s>value</a:s>
                                                   </a:s>
                                                </a:s>
                                             </a:s>
                                             <a:s> }</a:s>
                                          </a:s>
                                       </a:s>
                                       <a:s>,
           </a:s>
                                       <a:s>
                                          <a:s>system: </a:s>
                                          <a:s r="155">
                                             <a:s r="154">
                                                <a:s>identifier</a:s>
                                             </a:s>
                                             <a:s>.</a:s>
                                             <a:s r="155">
                                                <a:s>system</a:s>
                                             </a:s>
                                          </a:s>
                                       </a:s>
                                       <a:s>
         }</a:s>
                                    </a:s>
                                    <a:s>
       }</a:s>
                                 </a:s>
                              </a:s>
                              <a:s>
     }</a:s>
                           </a:s>
                        </a:s>
                     </a:s>
                     <a:s>
 )</a:s>
                  </a:s>
               </a:s>
            </a:s>
         </annotation>
         <expression localId="161" locator="85:2-97:2" xsi:type="SingletonFrom">
            <operand localId="160" locator="85:17-97:2" xsi:type="Query">
               <source localId="133" locator="86:4-86:15" alias="L">
                  <expression localId="132" locator="86:4-86:13" dataType="fhir:Location" templateId="http://hl7.org/fhir/StructureDefinition/Location" xsi:type="Retrieve"/>
               </source>
               <let localId="142" locator="87:10-87:171" identifier="identifier">
                  <expression localId="141" locator="87:22-87:171" xsi:type="SingletonFrom">
                     <operand localId="140" locator="87:37-87:171" xsi:type="Query">
                        <source localId="135" locator="87:38-87:51" alias="I">
                           <expression localId="134" locator="87:38-87:49" path="identifier" scope="L" xsi:type="Property"/>
                        </source>
                        <where localId="139" locator="87:53-87:170" xsi:type="Equal">
                           <operand name="ToString" libraryName="FHIRHelpers" xsi:type="FunctionRef">
                              <operand localId="137" locator="87:59-87:66" path="system" scope="I" xsi:type="Property"/>
                           </operand>
                           <operand localId="138" locator="87:70-87:170" valueType="t:String" value="Location?identifier=https://github.com/synthetichealth/synthea|b19ad638-35cc-3819-958d-618086f6180a" xsi:type="Literal"/>
                        </where>
                     </operand>
                  </expression>
               </let>
               <where localId="150" locator="88:6-88:88" xsi:type="Equal">
                  <operand name="ToString" libraryName="FHIRHelpers" xsi:type="FunctionRef">
                     <operand localId="144" locator="88:12-88:15" path="id" scope="L" xsi:type="Property"/>
                  </operand>
                  <operand localId="149" locator="88:19-88:88" xsi:type="Last">
                     <source localId="148" locator="88:24-88:87" xsi:type="Split">
                        <stringToSplit name="ToString" libraryName="FHIRHelpers" xsi:type="FunctionRef">
                           <operand localId="146" locator="88:30-88:81" path="reference" xsi:type="Property">
                              <source localId="145" locator="88:30-88:71" name="Most Recent Encounter Location Reference" xsi:type="ExpressionRef"/>
                           </operand>
                        </stringToSplit>
                        <separator localId="147" locator="88:84-88:86" valueType="t:String" value="/" xsi:type="Literal"/>
                     </source>
                  </operand>
               </where>
               <return localId="159" locator="89:6-96:6">
                  <expression localId="158" locator="89:13-96:6" classType="fhir:CodeableConcept" xsi:type="Instance">
                     <element name="coding">
                        <value localId="157" locator="90:16-95:8" xsi:type="List">
                           <element localId="156" locator="91:10-94:10" classType="fhir:Coding" xsi:type="Instance">
                              <element name="code">
                                 <value localId="153" locator="92:18-92:49" classType="fhir:code" xsi:type="Instance">
                                    <element name="value">
                                       <value name="ToString" libraryName="FHIRHelpers" xsi:type="FunctionRef">
                                          <operand localId="152" locator="92:32-92:47" path="value" xsi:type="Property">
                                             <source localId="151" locator="92:32-92:41" name="identifier" xsi:type="QueryLetRef"/>
                                          </operand>
                                       </value>
                                    </element>
                                 </value>
                              </element>
                              <element name="system">
                                 <value localId="155" locator="93:20-93:36" path="system" xsi:type="Property">
                                    <source localId="154" locator="93:20-93:29" name="identifier" xsi:type="QueryLetRef"/>
                                 </value>
                              </element>
                           </element>
                        </value>
                     </element>
                  </expression>
               </return>
            </operand>
         </expression>
      </def>
      <def localId="188" locator="99:1-112:1" name="Location Code Deux" context="Patient" accessLevel="Public">
         <annotation xsi:type="a:Annotation">
            <a:s r="188">
               <a:s>define &quot;Location Code Deux&quot;:
</a:s>
               <a:s r="187">
                  <a:s>singleton from </a:s>
                  <a:s r="186">
                     <a:s>(
  </a:s>
                     <a:s r="186">
                        <a:s>
                           <a:s r="164">
                              <a:s r="163">
                                 <a:s r="163">
                                    <a:s>[Location]</a:s>
                                 </a:s>
                              </a:s>
                              <a:s> L</a:s>
                           </a:s>
                        </a:s>
                        <a:s>
    </a:s>
                        <a:s>
                           <a:s>let </a:s>
                           <a:s r="168">
                              <a:s>identifier: </a:s>
                              <a:s r="167">
                                 <a:s>singleton from </a:s>
                                 <a:s r="166">
                                    <a:s>(</a:s>
                                    <a:s r="166">
                                       <a:s r="165">
                                          <a:s>L</a:s>
                                       </a:s>
                                       <a:s>.</a:s>
                                       <a:s r="166">
                                          <a:s>identifier</a:s>
                                       </a:s>
                                    </a:s>
                                    <a:s>)</a:s>
                                 </a:s>
                              </a:s>
                           </a:s>
                        </a:s>
                        <a:s>
    </a:s>
                        <a:s r="176">
                           <a:s>where </a:s>
                           <a:s r="176">
                              <a:s r="170">
                                 <a:s r="169">
                                    <a:s>L</a:s>
                                 </a:s>
                                 <a:s>.</a:s>
                                 <a:s r="170">
                                    <a:s>id</a:s>
                                 </a:s>
                              </a:s>
                              <a:s> = </a:s>
                              <a:s r="175">
                                 <a:s>Last(</a:s>
                                 <a:s r="174">
                                    <a:s>Split(</a:s>
                                    <a:s r="172">
                                       <a:s r="171">
                                          <a:s>&quot;Most Recent Encounter Location Reference&quot;</a:s>
                                       </a:s>
                                       <a:s>.</a:s>
                                       <a:s r="172">
                                          <a:s>reference</a:s>
                                       </a:s>
                                    </a:s>
                                    <a:s>, </a:s>
                                    <a:s r="173">
                                       <a:s>'/'</a:s>
                                    </a:s>
                                    <a:s>)</a:s>
                                 </a:s>
                                 <a:s>)</a:s>
                              </a:s>
                           </a:s>
                        </a:s>
                        <a:s>
    </a:s>
                        <a:s r="185">
                           <a:s>return </a:s>
                           <a:s r="184">
                              <a:s>CodeableConcept {
      </a:s>
                              <a:s>
                                 <a:s>coding: </a:s>
                                 <a:s r="183">
                                    <a:s>{
        </a:s>
                                    <a:s r="182">
                                       <a:s>Coding {
          </a:s>
                                       <a:s>
                                          <a:s>code: </a:s>
                                          <a:s r="179">
                                             <a:s>code { </a:s>
                                             <a:s>
                                                <a:s>value: </a:s>
                                                <a:s r="178">
                                                   <a:s r="177">
                                                      <a:s>identifier</a:s>
                                                   </a:s>
                                                   <a:s>.</a:s>
                                                   <a:s r="178">
                                                      <a:s>value</a:s>
                                                   </a:s>
                                                </a:s>
                                             </a:s>
                                             <a:s> }</a:s>
                                          </a:s>
                                       </a:s>
                                       <a:s>,
          </a:s>
                                       <a:s>
                                          <a:s>system: </a:s>
                                          <a:s r="181">
                                             <a:s r="180">
                                                <a:s>identifier</a:s>
                                             </a:s>
                                             <a:s>.</a:s>
                                             <a:s r="181">
                                                <a:s>system</a:s>
                                             </a:s>
                                          </a:s>
                                       </a:s>
                                       <a:s>
        }</a:s>
                                    </a:s>
                                    <a:s>
      }</a:s>
                                 </a:s>
                              </a:s>
                              <a:s>
    }</a:s>
                           </a:s>
                        </a:s>
                     </a:s>
                     <a:s>
)</a:s>
                  </a:s>
               </a:s>
            </a:s>
         </annotation>
         <expression localId="187" locator="100:1-112:1" xsi:type="SingletonFrom">
            <operand localId="186" locator="100:16-112:1" xsi:type="Query">
               <source localId="164" locator="101:3-101:14" alias="L">
                  <expression localId="163" locator="101:3-101:12" dataType="fhir:Location" templateId="http://hl7.org/fhir/StructureDefinition/Location" xsi:type="Retrieve"/>
               </source>
               <let localId="168" locator="102:9-102:49" identifier="identifier">
                  <expression localId="167" locator="102:21-102:49" xsi:type="SingletonFrom">
                     <operand localId="166" locator="102:36-102:49" path="identifier" scope="L" xsi:type="Property"/>
                  </expression>
               </let>
               <where localId="176" locator="103:5-103:87" xsi:type="Equal">
                  <operand name="ToString" libraryName="FHIRHelpers" xsi:type="FunctionRef">
                     <operand localId="170" locator="103:11-103:14" path="id" scope="L" xsi:type="Property"/>
                  </operand>
                  <operand localId="175" locator="103:18-103:87" xsi:type="Last">
                     <source localId="174" locator="103:23-103:86" xsi:type="Split">
                        <stringToSplit name="ToString" libraryName="FHIRHelpers" xsi:type="FunctionRef">
                           <operand localId="172" locator="103:29-103:80" path="reference" xsi:type="Property">
                              <source localId="171" locator="103:29-103:70" name="Most Recent Encounter Location Reference" xsi:type="ExpressionRef"/>
                           </operand>
                        </stringToSplit>
                        <separator localId="173" locator="103:83-103:85" valueType="t:String" value="/" xsi:type="Literal"/>
                     </source>
                  </operand>
               </where>
               <return localId="185" locator="104:5-111:5">
                  <expression localId="184" locator="104:12-111:5" classType="fhir:CodeableConcept" xsi:type="Instance">
                     <element name="coding">
                        <value localId="183" locator="105:15-110:7" xsi:type="List">
                           <element localId="182" locator="106:9-109:9" classType="fhir:Coding" xsi:type="Instance">
                              <element name="code">
                                 <value localId="179" locator="107:17-107:48" classType="fhir:code" xsi:type="Instance">
                                    <element name="value">
                                       <value name="ToString" libraryName="FHIRHelpers" xsi:type="FunctionRef">
                                          <operand localId="178" locator="107:31-107:46" path="value" xsi:type="Property">
                                             <source localId="177" locator="107:31-107:40" name="identifier" xsi:type="QueryLetRef"/>
                                          </operand>
                                       </value>
                                    </element>
                                 </value>
                              </element>
                              <element name="system">
                                 <value localId="181" locator="108:19-108:35" path="system" xsi:type="Property">
                                    <source localId="180" locator="108:19-108:28" name="identifier" xsi:type="QueryLetRef"/>
                                 </value>
                              </element>
                           </element>
                        </value>
                     </element>
                  </expression>
               </return>
            </operand>
         </expression>
      </def>
   </statements>
</library>
