{
  "library" : {
    "type" : "Library",
    "identifier" : {
      "type" : "VersionedIdentifier",
      "id" : "HIVSimpleGender",
      "system" : "https://github.com/intrahealth/simple-hiv-ig",
      "version" : "0.1.0"
    },
    "schemaIdentifier" : {
      "type" : "VersionedIdentifier",
      "id" : "urn:hl7-org:elm",
      "version" : "r1"
    },
    "usings" : {
      "type" : "Library$Usings",
      "def" : [ {
        "type" : "UsingDef",
        "localIdentifier" : "System",
        "uri" : "urn:hl7-org:elm-types:r1"
      }, {
        "type" : "UsingDef",
        "annotation" : [ {
          "s" : {
            "s" : [ {
              "name" : "{urn:hl7-org:cql-annotations:r1}s",
              "declaredType" : "org.hl7.cql_annotations.r1.Narrative",
              "scope" : "javax.xml.bind.JAXBElement$GlobalScope",
              "value" : {
                "s" : [ "using ", "FHIR", " version ", "'4.0.1'" ]
              },
              "globalScope" : true
            } ],
            "r" : "1"
          }
        } ],
        "localId" : "1",
        "locator" : "3:1-3:26",
        "localIdentifier" : "FHIR",
        "uri" : "http://hl7.org/fhir",
        "version" : "4.0.1"
      } ]
    },
    "includes" : {
      "type" : "Library$Includes",
      "def" : [ {
        "type" : "IncludeDef",
        "annotation" : [ {
          "s" : {
            "s" : [ {
              "name" : "{urn:hl7-org:cql-annotations:r1}s",
              "declaredType" : "org.hl7.cql_annotations.r1.Narrative",
              "scope" : "javax.xml.bind.JAXBElement$GlobalScope",
              "value" : {
                "s" : [ "include " ]
              },
              "globalScope" : true
            }, {
              "name" : "{urn:hl7-org:cql-annotations:r1}s",
              "declaredType" : "org.hl7.cql_annotations.r1.Narrative",
              "scope" : "javax.xml.bind.JAXBElement$GlobalScope",
              "value" : {
                "s" : [ {
                  "name" : "{urn:hl7-org:cql-annotations:r1}s",
                  "declaredType" : "org.hl7.cql_annotations.r1.Narrative",
                  "scope" : "javax.xml.bind.JAXBElement$GlobalScope",
                  "value" : {
                    "s" : [ "FHIRHelpers" ]
                  },
                  "globalScope" : true
                } ]
              },
              "globalScope" : true
            }, {
              "name" : "{urn:hl7-org:cql-annotations:r1}s",
              "declaredType" : "org.hl7.cql_annotations.r1.Narrative",
              "scope" : "javax.xml.bind.JAXBElement$GlobalScope",
              "value" : {
                "s" : [ " version ", "'4.0.1'" ]
              },
              "globalScope" : true
            } ],
            "r" : "2"
          }
        } ],
        "localId" : "2",
        "locator" : "5:1-5:35",
        "localIdentifier" : "FHIRHelpers",
        "path" : "https://github.com/intrahealth/simple-hiv-ig/FHIRHelpers",
        "version" : "4.0.1"
      }, {
        "type" : "IncludeDef",
        "annotation" : [ {
          "s" : {
            "s" : [ {
              "name" : "{urn:hl7-org:cql-annotations:r1}s",
              "declaredType" : "org.hl7.cql_annotations.r1.Narrative",
              "scope" : "javax.xml.bind.JAXBElement$GlobalScope",
              "value" : {
                "s" : [ "include " ]
              },
              "globalScope" : true
            }, {
              "name" : "{urn:hl7-org:cql-annotations:r1}s",
              "declaredType" : "org.hl7.cql_annotations.r1.Narrative",
              "scope" : "javax.xml.bind.JAXBElement$GlobalScope",
              "value" : {
                "s" : [ {
                  "name" : "{urn:hl7-org:cql-annotations:r1}s",
                  "declaredType" : "org.hl7.cql_annotations.r1.Narrative",
                  "scope" : "javax.xml.bind.JAXBElement$GlobalScope",
                  "value" : {
                    "s" : [ "FHIRCommon" ]
                  },
                  "globalScope" : true
                } ]
              },
              "globalScope" : true
            }, {
              "name" : "{urn:hl7-org:cql-annotations:r1}s",
              "declaredType" : "org.hl7.cql_annotations.r1.Narrative",
              "scope" : "javax.xml.bind.JAXBElement$GlobalScope",
              "value" : {
                "s" : [ " version ", "'0.1.0'", " called ", "FC" ]
              },
              "globalScope" : true
            } ],
            "r" : "3"
          }
        } ],
        "localId" : "3",
        "locator" : "6:1-6:44",
        "localIdentifier" : "FC",
        "path" : "https://github.com/intrahealth/simple-hiv-ig/FHIRCommon",
        "version" : "0.1.0"
      } ]
    },
    "codeSystems" : {
      "type" : "Library$CodeSystems",
      "def" : [ {
        "type" : "CodeSystemDef",
        "annotation" : [ {
          "s" : {
            "s" : [ {
              "name" : "{urn:hl7-org:cql-annotations:r1}s",
              "declaredType" : "org.hl7.cql_annotations.r1.Narrative",
              "scope" : "javax.xml.bind.JAXBElement$GlobalScope",
              "value" : {
                "s" : [ "codesystem ", "\"SNOMED-CT\"", ": ", "'http://snomed.info/sct'", " version ", "'http://snomed.info/sct/900000000000207008'" ]
              },
              "globalScope" : true
            } ],
            "r" : "4"
          }
        } ],
        "localId" : "4",
        "locator" : "10:1-10:100",
        "name" : "SNOMED-CT",
        "id" : "http://snomed.info/sct",
        "version" : "http://snomed.info/sct/900000000000207008",
        "accessLevel" : "Public"
      }, {
        "type" : "CodeSystemDef",
        "annotation" : [ {
          "s" : {
            "s" : [ {
              "name" : "{urn:hl7-org:cql-annotations:r1}s",
              "declaredType" : "org.hl7.cql_annotations.r1.Narrative",
              "scope" : "javax.xml.bind.JAXBElement$GlobalScope",
              "value" : {
                "s" : [ "codesystem ", "\"LOINC\"", ": ", "'http://loinc.org'" ]
              },
              "globalScope" : true
            } ],
            "r" : "5"
          }
        } ],
        "localId" : "5",
        "locator" : "13:1-13:38",
        "name" : "LOINC",
        "id" : "http://loinc.org",
        "accessLevel" : "Public"
      } ]
    },
    "contexts" : {
      "type" : "Library$Contexts",
      "def" : [ {
        "type" : "ContextDef",
        "locator" : "15:1-15:15",
        "name" : "Patient"
      } ]
    },
    "statements" : {
      "type" : "Library$Statements",
      "def" : [ {
        "type" : "ExpressionDef",
        "expression" : {
          "type" : "SingletonFrom",
          "operand" : {
            "type" : "Retrieve",
            "locator" : "15:1-15:15",
            "dataType" : "{http://hl7.org/fhir}Patient",
            "templateId" : "http://hl7.org/fhir/StructureDefinition/Patient"
          }
        },
        "locator" : "15:1-15:15",
        "name" : "Patient",
        "context" : "Patient"
      }, {
        "type" : "ExpressionDef",
        "expression" : {
          "type" : "Property",
          "source" : {
            "type" : "ExpressionRef",
            "localId" : "6",
            "locator" : "17:15-17:21",
            "name" : "Patient"
          },
          "localId" : "7",
          "locator" : "17:15-17:28",
          "path" : "gender"
        },
        "annotation" : [ {
          "s" : {
            "s" : [ {
              "name" : "{urn:hl7-org:cql-annotations:r1}s",
              "declaredType" : "org.hl7.cql_annotations.r1.Narrative",
              "scope" : "javax.xml.bind.JAXBElement$GlobalScope",
              "value" : {
                "s" : [ "define ", "\"Sex\"", ": " ]
              },
              "globalScope" : true
            }, {
              "name" : "{urn:hl7-org:cql-annotations:r1}s",
              "declaredType" : "org.hl7.cql_annotations.r1.Narrative",
              "scope" : "javax.xml.bind.JAXBElement$GlobalScope",
              "value" : {
                "s" : [ {
                  "name" : "{urn:hl7-org:cql-annotations:r1}s",
                  "declaredType" : "org.hl7.cql_annotations.r1.Narrative",
                  "scope" : "javax.xml.bind.JAXBElement$GlobalScope",
                  "value" : {
                    "s" : [ {
                      "name" : "{urn:hl7-org:cql-annotations:r1}s",
                      "declaredType" : "org.hl7.cql_annotations.r1.Narrative",
                      "scope" : "javax.xml.bind.JAXBElement$GlobalScope",
                      "value" : {
                        "s" : [ "Patient" ]
                      },
                      "globalScope" : true
                    } ],
                    "r" : "6"
                  },
                  "globalScope" : true
                }, {
                  "name" : "{urn:hl7-org:cql-annotations:r1}s",
                  "declaredType" : "org.hl7.cql_annotations.r1.Narrative",
                  "scope" : "javax.xml.bind.JAXBElement$GlobalScope",
                  "value" : {
                    "s" : [ "." ]
                  },
                  "globalScope" : true
                }, {
                  "name" : "{urn:hl7-org:cql-annotations:r1}s",
                  "declaredType" : "org.hl7.cql_annotations.r1.Narrative",
                  "scope" : "javax.xml.bind.JAXBElement$GlobalScope",
                  "value" : {
                    "s" : [ {
                      "name" : "{urn:hl7-org:cql-annotations:r1}s",
                      "declaredType" : "org.hl7.cql_annotations.r1.Narrative",
                      "scope" : "javax.xml.bind.JAXBElement$GlobalScope",
                      "value" : {
                        "s" : [ "gender" ]
                      },
                      "globalScope" : true
                    } ],
                    "r" : "7"
                  },
                  "globalScope" : true
                } ],
                "r" : "7"
              },
              "globalScope" : true
            } ],
            "r" : "8"
          }
        } ],
        "localId" : "8",
        "locator" : "17:1-17:28",
        "name" : "Sex",
        "context" : "Patient",
        "accessLevel" : "Public"
      }, {
        "type" : "ExpressionDef",
        "expression" : {
          "type" : "Equal",
          "operand" : [ {
            "type" : "FunctionRef",
            "operand" : [ {
              "type" : "Property",
              "source" : {
                "type" : "ExpressionRef",
                "localId" : "9",
                "locator" : "20:3-20:9",
                "name" : "Patient"
              },
              "localId" : "10",
              "locator" : "20:3-20:16",
              "path" : "gender"
            } ],
            "name" : "ToString",
            "libraryName" : "FHIRHelpers"
          }, {
            "type" : "Literal",
            "localId" : "11",
            "locator" : "20:20-20:27",
            "valueType" : "{urn:hl7-org:elm-types:r1}String",
            "value" : "female"
          } ],
          "localId" : "12",
          "locator" : "20:3-20:27"
        },
        "annotation" : [ {
          "s" : {
            "s" : [ {
              "name" : "{urn:hl7-org:cql-annotations:r1}s",
              "declaredType" : "org.hl7.cql_annotations.r1.Narrative",
              "scope" : "javax.xml.bind.JAXBElement$GlobalScope",
              "value" : {
                "s" : [ "define ", "\"Female\"", ":\n  " ]
              },
              "globalScope" : true
            }, {
              "name" : "{urn:hl7-org:cql-annotations:r1}s",
              "declaredType" : "org.hl7.cql_annotations.r1.Narrative",
              "scope" : "javax.xml.bind.JAXBElement$GlobalScope",
              "value" : {
                "s" : [ {
                  "name" : "{urn:hl7-org:cql-annotations:r1}s",
                  "declaredType" : "org.hl7.cql_annotations.r1.Narrative",
                  "scope" : "javax.xml.bind.JAXBElement$GlobalScope",
                  "value" : {
                    "s" : [ {
                      "name" : "{urn:hl7-org:cql-annotations:r1}s",
                      "declaredType" : "org.hl7.cql_annotations.r1.Narrative",
                      "scope" : "javax.xml.bind.JAXBElement$GlobalScope",
                      "value" : {
                        "s" : [ {
                          "name" : "{urn:hl7-org:cql-annotations:r1}s",
                          "declaredType" : "org.hl7.cql_annotations.r1.Narrative",
                          "scope" : "javax.xml.bind.JAXBElement$GlobalScope",
                          "value" : {
                            "s" : [ "Patient" ]
                          },
                          "globalScope" : true
                        } ],
                        "r" : "9"
                      },
                      "globalScope" : true
                    }, {
                      "name" : "{urn:hl7-org:cql-annotations:r1}s",
                      "declaredType" : "org.hl7.cql_annotations.r1.Narrative",
                      "scope" : "javax.xml.bind.JAXBElement$GlobalScope",
                      "value" : {
                        "s" : [ "." ]
                      },
                      "globalScope" : true
                    }, {
                      "name" : "{urn:hl7-org:cql-annotations:r1}s",
                      "declaredType" : "org.hl7.cql_annotations.r1.Narrative",
                      "scope" : "javax.xml.bind.JAXBElement$GlobalScope",
                      "value" : {
                        "s" : [ {
                          "name" : "{urn:hl7-org:cql-annotations:r1}s",
                          "declaredType" : "org.hl7.cql_annotations.r1.Narrative",
                          "scope" : "javax.xml.bind.JAXBElement$GlobalScope",
                          "value" : {
                            "s" : [ "gender" ]
                          },
                          "globalScope" : true
                        } ],
                        "r" : "10"
                      },
                      "globalScope" : true
                    } ],
                    "r" : "10"
                  },
                  "globalScope" : true
                }, {
                  "name" : "{urn:hl7-org:cql-annotations:r1}s",
                  "declaredType" : "org.hl7.cql_annotations.r1.Narrative",
                  "scope" : "javax.xml.bind.JAXBElement$GlobalScope",
                  "value" : {
                    "s" : [ " ", "=", " " ]
                  },
                  "globalScope" : true
                }, {
                  "name" : "{urn:hl7-org:cql-annotations:r1}s",
                  "declaredType" : "org.hl7.cql_annotations.r1.Narrative",
                  "scope" : "javax.xml.bind.JAXBElement$GlobalScope",
                  "value" : {
                    "s" : [ {
                      "name" : "{urn:hl7-org:cql-annotations:r1}s",
                      "declaredType" : "org.hl7.cql_annotations.r1.Narrative",
                      "scope" : "javax.xml.bind.JAXBElement$GlobalScope",
                      "value" : {
                        "s" : [ "'female'" ]
                      },
                      "globalScope" : true
                    } ],
                    "r" : "11"
                  },
                  "globalScope" : true
                } ],
                "r" : "12"
              },
              "globalScope" : true
            } ],
            "r" : "13"
          }
        } ],
        "localId" : "13",
        "locator" : "19:1-20:27",
        "name" : "Female",
        "context" : "Patient",
        "accessLevel" : "Public"
      }, {
        "type" : "ExpressionDef",
        "expression" : {
          "type" : "Equal",
          "operand" : [ {
            "type" : "FunctionRef",
            "operand" : [ {
              "type" : "Property",
              "source" : {
                "type" : "ExpressionRef",
                "localId" : "14",
                "locator" : "23:3-23:9",
                "name" : "Patient"
              },
              "localId" : "15",
              "locator" : "23:3-23:16",
              "path" : "gender"
            } ],
            "name" : "ToString",
            "libraryName" : "FHIRHelpers"
          }, {
            "type" : "Literal",
            "localId" : "16",
            "locator" : "23:20-23:25",
            "valueType" : "{urn:hl7-org:elm-types:r1}String",
            "value" : "male"
          } ],
          "localId" : "17",
          "locator" : "23:3-23:25"
        },
        "annotation" : [ {
          "s" : {
            "s" : [ {
              "name" : "{urn:hl7-org:cql-annotations:r1}s",
              "declaredType" : "org.hl7.cql_annotations.r1.Narrative",
              "scope" : "javax.xml.bind.JAXBElement$GlobalScope",
              "value" : {
                "s" : [ "define ", "\"Male\"", ":\n  " ]
              },
              "globalScope" : true
            }, {
              "name" : "{urn:hl7-org:cql-annotations:r1}s",
              "declaredType" : "org.hl7.cql_annotations.r1.Narrative",
              "scope" : "javax.xml.bind.JAXBElement$GlobalScope",
              "value" : {
                "s" : [ {
                  "name" : "{urn:hl7-org:cql-annotations:r1}s",
                  "declaredType" : "org.hl7.cql_annotations.r1.Narrative",
                  "scope" : "javax.xml.bind.JAXBElement$GlobalScope",
                  "value" : {
                    "s" : [ {
                      "name" : "{urn:hl7-org:cql-annotations:r1}s",
                      "declaredType" : "org.hl7.cql_annotations.r1.Narrative",
                      "scope" : "javax.xml.bind.JAXBElement$GlobalScope",
                      "value" : {
                        "s" : [ {
                          "name" : "{urn:hl7-org:cql-annotations:r1}s",
                          "declaredType" : "org.hl7.cql_annotations.r1.Narrative",
                          "scope" : "javax.xml.bind.JAXBElement$GlobalScope",
                          "value" : {
                            "s" : [ "Patient" ]
                          },
                          "globalScope" : true
                        } ],
                        "r" : "14"
                      },
                      "globalScope" : true
                    }, {
                      "name" : "{urn:hl7-org:cql-annotations:r1}s",
                      "declaredType" : "org.hl7.cql_annotations.r1.Narrative",
                      "scope" : "javax.xml.bind.JAXBElement$GlobalScope",
                      "value" : {
                        "s" : [ "." ]
                      },
                      "globalScope" : true
                    }, {
                      "name" : "{urn:hl7-org:cql-annotations:r1}s",
                      "declaredType" : "org.hl7.cql_annotations.r1.Narrative",
                      "scope" : "javax.xml.bind.JAXBElement$GlobalScope",
                      "value" : {
                        "s" : [ {
                          "name" : "{urn:hl7-org:cql-annotations:r1}s",
                          "declaredType" : "org.hl7.cql_annotations.r1.Narrative",
                          "scope" : "javax.xml.bind.JAXBElement$GlobalScope",
                          "value" : {
                            "s" : [ "gender" ]
                          },
                          "globalScope" : true
                        } ],
                        "r" : "15"
                      },
                      "globalScope" : true
                    } ],
                    "r" : "15"
                  },
                  "globalScope" : true
                }, {
                  "name" : "{urn:hl7-org:cql-annotations:r1}s",
                  "declaredType" : "org.hl7.cql_annotations.r1.Narrative",
                  "scope" : "javax.xml.bind.JAXBElement$GlobalScope",
                  "value" : {
                    "s" : [ " ", "=", " " ]
                  },
                  "globalScope" : true
                }, {
                  "name" : "{urn:hl7-org:cql-annotations:r1}s",
                  "declaredType" : "org.hl7.cql_annotations.r1.Narrative",
                  "scope" : "javax.xml.bind.JAXBElement$GlobalScope",
                  "value" : {
                    "s" : [ {
                      "name" : "{urn:hl7-org:cql-annotations:r1}s",
                      "declaredType" : "org.hl7.cql_annotations.r1.Narrative",
                      "scope" : "javax.xml.bind.JAXBElement$GlobalScope",
                      "value" : {
                        "s" : [ "'male'" ]
                      },
                      "globalScope" : true
                    } ],
                    "r" : "16"
                  },
                  "globalScope" : true
                } ],
                "r" : "17"
              },
              "globalScope" : true
            } ],
            "r" : "18"
          }
        } ],
        "localId" : "18",
        "locator" : "22:1-23:25",
        "name" : "Male",
        "context" : "Patient",
        "accessLevel" : "Public"
      }, {
        "type" : "ExpressionDef",
        "expression" : {
          "type" : "Literal",
          "localId" : "19",
          "locator" : "25:30-25:33",
          "valueType" : "{urn:hl7-org:elm-types:r1}Boolean",
          "value" : "true"
        },
        "annotation" : [ {
          "s" : {
            "s" : [ {
              "name" : "{urn:hl7-org:cql-annotations:r1}s",
              "declaredType" : "org.hl7.cql_annotations.r1.Narrative",
              "scope" : "javax.xml.bind.JAXBElement$GlobalScope",
              "value" : {
                "s" : [ "define ", "\"Initial Population\"", ": ", "true" ],
                "r" : "19"
              },
              "globalScope" : true
            } ],
            "r" : "20"
          }
        } ],
        "localId" : "20",
        "locator" : "25:1-25:33",
        "name" : "Initial Population",
        "context" : "Patient",
        "accessLevel" : "Public"
      }, {
        "type" : "ExpressionDef",
        "expression" : {
          "type" : "Not",
          "operand" : {
            "type" : "IsNull",
            "operand" : {
              "type" : "ExpressionRef",
              "localId" : "21",
              "locator" : "28:3-28:7",
              "name" : "Sex"
            },
            "locator" : "28:3-28:19"
          },
          "localId" : "22",
          "locator" : "28:3-28:19"
        },
        "annotation" : [ {
          "s" : {
            "s" : [ {
              "name" : "{urn:hl7-org:cql-annotations:r1}s",
              "declaredType" : "org.hl7.cql_annotations.r1.Narrative",
              "scope" : "javax.xml.bind.JAXBElement$GlobalScope",
              "value" : {
                "s" : [ "define ", "\"Denominator\"", ":\n  " ]
              },
              "globalScope" : true
            }, {
              "name" : "{urn:hl7-org:cql-annotations:r1}s",
              "declaredType" : "org.hl7.cql_annotations.r1.Narrative",
              "scope" : "javax.xml.bind.JAXBElement$GlobalScope",
              "value" : {
                "s" : [ {
                  "name" : "{urn:hl7-org:cql-annotations:r1}s",
                  "declaredType" : "org.hl7.cql_annotations.r1.Narrative",
                  "scope" : "javax.xml.bind.JAXBElement$GlobalScope",
                  "value" : {
                    "s" : [ {
                      "name" : "{urn:hl7-org:cql-annotations:r1}s",
                      "declaredType" : "org.hl7.cql_annotations.r1.Narrative",
                      "scope" : "javax.xml.bind.JAXBElement$GlobalScope",
                      "value" : {
                        "s" : [ "\"Sex\"" ]
                      },
                      "globalScope" : true
                    } ],
                    "r" : "21"
                  },
                  "globalScope" : true
                }, {
                  "name" : "{urn:hl7-org:cql-annotations:r1}s",
                  "declaredType" : "org.hl7.cql_annotations.r1.Narrative",
                  "scope" : "javax.xml.bind.JAXBElement$GlobalScope",
                  "value" : {
                    "s" : [ " is not null" ]
                  },
                  "globalScope" : true
                } ],
                "r" : "22"
              },
              "globalScope" : true
            } ],
            "r" : "23"
          }
        } ],
        "localId" : "23",
        "locator" : "27:1-28:19",
        "name" : "Denominator",
        "context" : "Patient",
        "accessLevel" : "Public"
      }, {
        "type" : "ExpressionDef",
        "expression" : {
          "type" : "Equal",
          "operand" : [ {
            "type" : "FunctionRef",
            "operand" : [ {
              "type" : "ExpressionRef",
              "localId" : "24",
              "locator" : "31:3-31:7",
              "name" : "Sex"
            } ],
            "name" : "ToString",
            "libraryName" : "FHIRHelpers"
          }, {
            "type" : "Literal",
            "localId" : "25",
            "locator" : "31:11-31:18",
            "valueType" : "{urn:hl7-org:elm-types:r1}String",
            "value" : "female"
          } ],
          "localId" : "26",
          "locator" : "31:3-31:18"
        },
        "annotation" : [ {
          "s" : {
            "s" : [ {
              "name" : "{urn:hl7-org:cql-annotations:r1}s",
              "declaredType" : "org.hl7.cql_annotations.r1.Narrative",
              "scope" : "javax.xml.bind.JAXBElement$GlobalScope",
              "value" : {
                "s" : [ "define ", "\"Numerator\"", ":\n  " ]
              },
              "globalScope" : true
            }, {
              "name" : "{urn:hl7-org:cql-annotations:r1}s",
              "declaredType" : "org.hl7.cql_annotations.r1.Narrative",
              "scope" : "javax.xml.bind.JAXBElement$GlobalScope",
              "value" : {
                "s" : [ {
                  "name" : "{urn:hl7-org:cql-annotations:r1}s",
                  "declaredType" : "org.hl7.cql_annotations.r1.Narrative",
                  "scope" : "javax.xml.bind.JAXBElement$GlobalScope",
                  "value" : {
                    "s" : [ {
                      "name" : "{urn:hl7-org:cql-annotations:r1}s",
                      "declaredType" : "org.hl7.cql_annotations.r1.Narrative",
                      "scope" : "javax.xml.bind.JAXBElement$GlobalScope",
                      "value" : {
                        "s" : [ "\"Sex\"" ]
                      },
                      "globalScope" : true
                    } ],
                    "r" : "24"
                  },
                  "globalScope" : true
                }, {
                  "name" : "{urn:hl7-org:cql-annotations:r1}s",
                  "declaredType" : "org.hl7.cql_annotations.r1.Narrative",
                  "scope" : "javax.xml.bind.JAXBElement$GlobalScope",
                  "value" : {
                    "s" : [ " ", "=", " " ]
                  },
                  "globalScope" : true
                }, {
                  "name" : "{urn:hl7-org:cql-annotations:r1}s",
                  "declaredType" : "org.hl7.cql_annotations.r1.Narrative",
                  "scope" : "javax.xml.bind.JAXBElement$GlobalScope",
                  "value" : {
                    "s" : [ {
                      "name" : "{urn:hl7-org:cql-annotations:r1}s",
                      "declaredType" : "org.hl7.cql_annotations.r1.Narrative",
                      "scope" : "javax.xml.bind.JAXBElement$GlobalScope",
                      "value" : {
                        "s" : [ "'female'" ]
                      },
                      "globalScope" : true
                    } ],
                    "r" : "25"
                  },
                  "globalScope" : true
                } ],
                "r" : "26"
              },
              "globalScope" : true
            } ],
            "r" : "27"
          }
        } ],
        "localId" : "27",
        "locator" : "30:1-31:18",
        "name" : "Numerator",
        "context" : "Patient",
        "accessLevel" : "Public"
      }, {
        "type" : "ExpressionDef",
        "expression" : {
          "type" : "Literal",
          "localId" : "28",
          "locator" : "33:25-33:39",
          "valueType" : "{urn:hl7-org:elm-types:r1}String",
          "value" : "Hello, World!"
        },
        "annotation" : [ {
          "s" : {
            "s" : [ {
              "name" : "{urn:hl7-org:cql-annotations:r1}s",
              "declaredType" : "org.hl7.cql_annotations.r1.Narrative",
              "scope" : "javax.xml.bind.JAXBElement$GlobalScope",
              "value" : {
                "s" : [ "define ", "\"Hello, World!\"", ": " ]
              },
              "globalScope" : true
            }, {
              "name" : "{urn:hl7-org:cql-annotations:r1}s",
              "declaredType" : "org.hl7.cql_annotations.r1.Narrative",
              "scope" : "javax.xml.bind.JAXBElement$GlobalScope",
              "value" : {
                "s" : [ {
                  "name" : "{urn:hl7-org:cql-annotations:r1}s",
                  "declaredType" : "org.hl7.cql_annotations.r1.Narrative",
                  "scope" : "javax.xml.bind.JAXBElement$GlobalScope",
                  "value" : {
                    "s" : [ "'Hello, World!'" ]
                  },
                  "globalScope" : true
                } ],
                "r" : "28"
              },
              "globalScope" : true
            } ],
            "r" : "29"
          }
        } ],
        "localId" : "29",
        "locator" : "33:1-33:39",
        "name" : "Hello, World!",
        "context" : "Patient",
        "accessLevel" : "Public"
      }, {
        "type" : "ExpressionDef",
        "expression" : {
          "type" : "Property",
          "source" : {
            "type" : "ExpressionRef",
            "localId" : "30",
            "locator" : "35:21-35:27",
            "name" : "Patient"
          },
          "localId" : "31",
          "locator" : "35:21-35:37",
          "path" : "birthDate"
        },
        "annotation" : [ {
          "s" : {
            "s" : [ {
              "name" : "{urn:hl7-org:cql-annotations:r1}s",
              "declaredType" : "org.hl7.cql_annotations.r1.Narrative",
              "scope" : "javax.xml.bind.JAXBElement$GlobalScope",
              "value" : {
                "s" : [ "define ", "\"birthDate\"", ": " ]
              },
              "globalScope" : true
            }, {
              "name" : "{urn:hl7-org:cql-annotations:r1}s",
              "declaredType" : "org.hl7.cql_annotations.r1.Narrative",
              "scope" : "javax.xml.bind.JAXBElement$GlobalScope",
              "value" : {
                "s" : [ {
                  "name" : "{urn:hl7-org:cql-annotations:r1}s",
                  "declaredType" : "org.hl7.cql_annotations.r1.Narrative",
                  "scope" : "javax.xml.bind.JAXBElement$GlobalScope",
                  "value" : {
                    "s" : [ {
                      "name" : "{urn:hl7-org:cql-annotations:r1}s",
                      "declaredType" : "org.hl7.cql_annotations.r1.Narrative",
                      "scope" : "javax.xml.bind.JAXBElement$GlobalScope",
                      "value" : {
                        "s" : [ "Patient" ]
                      },
                      "globalScope" : true
                    } ],
                    "r" : "30"
                  },
                  "globalScope" : true
                }, {
                  "name" : "{urn:hl7-org:cql-annotations:r1}s",
                  "declaredType" : "org.hl7.cql_annotations.r1.Narrative",
                  "scope" : "javax.xml.bind.JAXBElement$GlobalScope",
                  "value" : {
                    "s" : [ "." ]
                  },
                  "globalScope" : true
                }, {
                  "name" : "{urn:hl7-org:cql-annotations:r1}s",
                  "declaredType" : "org.hl7.cql_annotations.r1.Narrative",
                  "scope" : "javax.xml.bind.JAXBElement$GlobalScope",
                  "value" : {
                    "s" : [ {
                      "name" : "{urn:hl7-org:cql-annotations:r1}s",
                      "declaredType" : "org.hl7.cql_annotations.r1.Narrative",
                      "scope" : "javax.xml.bind.JAXBElement$GlobalScope",
                      "value" : {
                        "s" : [ "birthDate" ]
                      },
                      "globalScope" : true
                    } ],
                    "r" : "31"
                  },
                  "globalScope" : true
                } ],
                "r" : "31"
              },
              "globalScope" : true
            } ],
            "r" : "32"
          }
        } ],
        "localId" : "32",
        "locator" : "35:1-35:37",
        "name" : "birthDate",
        "context" : "Patient",
        "accessLevel" : "Public"
      }, {
        "type" : "ExpressionDef",
        "expression" : {
          "type" : "ToString",
          "operand" : {
            "type" : "FunctionRef",
            "operand" : [ {
              "type" : "Property",
              "source" : {
                "type" : "ExpressionRef",
                "localId" : "33",
                "locator" : "36:34-36:40",
                "name" : "Patient"
              },
              "localId" : "34",
              "locator" : "36:34-36:50",
              "path" : "birthDate"
            } ],
            "name" : "ToDate",
            "libraryName" : "FHIRHelpers"
          },
          "localId" : "35",
          "locator" : "36:25-36:51"
        },
        "annotation" : [ {
          "s" : {
            "s" : [ {
              "name" : "{urn:hl7-org:cql-annotations:r1}s",
              "declaredType" : "org.hl7.cql_annotations.r1.Narrative",
              "scope" : "javax.xml.bind.JAXBElement$GlobalScope",
              "value" : {
                "s" : [ "define ", "\"birthDate_str\"", ": " ]
              },
              "globalScope" : true
            }, {
              "name" : "{urn:hl7-org:cql-annotations:r1}s",
              "declaredType" : "org.hl7.cql_annotations.r1.Narrative",
              "scope" : "javax.xml.bind.JAXBElement$GlobalScope",
              "value" : {
                "s" : [ {
                  "name" : "{urn:hl7-org:cql-annotations:r1}s",
                  "declaredType" : "org.hl7.cql_annotations.r1.Narrative",
                  "scope" : "javax.xml.bind.JAXBElement$GlobalScope",
                  "value" : {
                    "s" : [ "ToString", "(" ]
                  },
                  "globalScope" : true
                }, {
                  "name" : "{urn:hl7-org:cql-annotations:r1}s",
                  "declaredType" : "org.hl7.cql_annotations.r1.Narrative",
                  "scope" : "javax.xml.bind.JAXBElement$GlobalScope",
                  "value" : {
                    "s" : [ {
                      "name" : "{urn:hl7-org:cql-annotations:r1}s",
                      "declaredType" : "org.hl7.cql_annotations.r1.Narrative",
                      "scope" : "javax.xml.bind.JAXBElement$GlobalScope",
                      "value" : {
                        "s" : [ {
                          "name" : "{urn:hl7-org:cql-annotations:r1}s",
                          "declaredType" : "org.hl7.cql_annotations.r1.Narrative",
                          "scope" : "javax.xml.bind.JAXBElement$GlobalScope",
                          "value" : {
                            "s" : [ "Patient" ]
                          },
                          "globalScope" : true
                        } ],
                        "r" : "33"
                      },
                      "globalScope" : true
                    }, {
                      "name" : "{urn:hl7-org:cql-annotations:r1}s",
                      "declaredType" : "org.hl7.cql_annotations.r1.Narrative",
                      "scope" : "javax.xml.bind.JAXBElement$GlobalScope",
                      "value" : {
                        "s" : [ "." ]
                      },
                      "globalScope" : true
                    }, {
                      "name" : "{urn:hl7-org:cql-annotations:r1}s",
                      "declaredType" : "org.hl7.cql_annotations.r1.Narrative",
                      "scope" : "javax.xml.bind.JAXBElement$GlobalScope",
                      "value" : {
                        "s" : [ {
                          "name" : "{urn:hl7-org:cql-annotations:r1}s",
                          "declaredType" : "org.hl7.cql_annotations.r1.Narrative",
                          "scope" : "javax.xml.bind.JAXBElement$GlobalScope",
                          "value" : {
                            "s" : [ "birthDate" ]
                          },
                          "globalScope" : true
                        } ],
                        "r" : "34"
                      },
                      "globalScope" : true
                    } ],
                    "r" : "34"
                  },
                  "globalScope" : true
                }, {
                  "name" : "{urn:hl7-org:cql-annotations:r1}s",
                  "declaredType" : "org.hl7.cql_annotations.r1.Narrative",
                  "scope" : "javax.xml.bind.JAXBElement$GlobalScope",
                  "value" : {
                    "s" : [ ")" ]
                  },
                  "globalScope" : true
                } ],
                "r" : "35"
              },
              "globalScope" : true
            } ],
            "r" : "36"
          }
        } ],
        "localId" : "36",
        "locator" : "36:1-36:51",
        "name" : "birthDate_str",
        "context" : "Patient",
        "accessLevel" : "Public"
      }, {
        "type" : "ExpressionDef",
        "expression" : {
          "type" : "Indexer",
          "operand" : [ {
            "type" : "Flatten",
            "operand" : {
              "type" : "Query",
              "source" : [ {
                "type" : "AliasedQuerySource",
                "expression" : {
                  "type" : "Property",
                  "source" : {
                    "type" : "ExpressionRef",
                    "localId" : "37",
                    "locator" : "38:26-38:32",
                    "name" : "Patient"
                  },
                  "localId" : "38",
                  "locator" : "38:26-38:37",
                  "path" : "name"
                },
                "alias" : "$this"
              } ],
              "where" : {
                "type" : "Not",
                "operand" : {
                  "type" : "IsNull",
                  "operand" : {
                    "type" : "Property",
                    "source" : {
                      "type" : "AliasRef",
                      "name" : "$this"
                    },
                    "path" : "given"
                  }
                }
              },
              "return" : {
                "type" : "ReturnClause",
                "expression" : {
                  "type" : "Property",
                  "source" : {
                    "type" : "AliasRef",
                    "name" : "$this"
                  },
                  "path" : "given"
                }
              }
            },
            "localId" : "39",
            "locator" : "38:26-38:43"
          }, {
            "type" : "Literal",
            "localId" : "40",
            "locator" : "38:45",
            "valueType" : "{urn:hl7-org:elm-types:r1}Integer",
            "value" : "0"
          } ],
          "localId" : "41",
          "locator" : "38:26-38:46"
        },
        "annotation" : [ {
          "s" : {
            "s" : [ {
              "name" : "{urn:hl7-org:cql-annotations:r1}s",
              "declaredType" : "org.hl7.cql_annotations.r1.Narrative",
              "scope" : "javax.xml.bind.JAXBElement$GlobalScope",
              "value" : {
                "s" : [ "define ", "\"Given Name str\"", ": " ]
              },
              "globalScope" : true
            }, {
              "name" : "{urn:hl7-org:cql-annotations:r1}s",
              "declaredType" : "org.hl7.cql_annotations.r1.Narrative",
              "scope" : "javax.xml.bind.JAXBElement$GlobalScope",
              "value" : {
                "s" : [ {
                  "name" : "{urn:hl7-org:cql-annotations:r1}s",
                  "declaredType" : "org.hl7.cql_annotations.r1.Narrative",
                  "scope" : "javax.xml.bind.JAXBElement$GlobalScope",
                  "value" : {
                    "s" : [ {
                      "name" : "{urn:hl7-org:cql-annotations:r1}s",
                      "declaredType" : "org.hl7.cql_annotations.r1.Narrative",
                      "scope" : "javax.xml.bind.JAXBElement$GlobalScope",
                      "value" : {
                        "s" : [ {
                          "name" : "{urn:hl7-org:cql-annotations:r1}s",
                          "declaredType" : "org.hl7.cql_annotations.r1.Narrative",
                          "scope" : "javax.xml.bind.JAXBElement$GlobalScope",
                          "value" : {
                            "s" : [ {
                              "name" : "{urn:hl7-org:cql-annotations:r1}s",
                              "declaredType" : "org.hl7.cql_annotations.r1.Narrative",
                              "scope" : "javax.xml.bind.JAXBElement$GlobalScope",
                              "value" : {
                                "s" : [ "Patient" ]
                              },
                              "globalScope" : true
                            } ],
                            "r" : "37"
                          },
                          "globalScope" : true
                        }, {
                          "name" : "{urn:hl7-org:cql-annotations:r1}s",
                          "declaredType" : "org.hl7.cql_annotations.r1.Narrative",
                          "scope" : "javax.xml.bind.JAXBElement$GlobalScope",
                          "value" : {
                            "s" : [ "." ]
                          },
                          "globalScope" : true
                        }, {
                          "name" : "{urn:hl7-org:cql-annotations:r1}s",
                          "declaredType" : "org.hl7.cql_annotations.r1.Narrative",
                          "scope" : "javax.xml.bind.JAXBElement$GlobalScope",
                          "value" : {
                            "s" : [ {
                              "name" : "{urn:hl7-org:cql-annotations:r1}s",
                              "declaredType" : "org.hl7.cql_annotations.r1.Narrative",
                              "scope" : "javax.xml.bind.JAXBElement$GlobalScope",
                              "value" : {
                                "s" : [ "name" ]
                              },
                              "globalScope" : true
                            } ],
                            "r" : "38"
                          },
                          "globalScope" : true
                        } ],
                        "r" : "38"
                      },
                      "globalScope" : true
                    }, {
                      "name" : "{urn:hl7-org:cql-annotations:r1}s",
                      "declaredType" : "org.hl7.cql_annotations.r1.Narrative",
                      "scope" : "javax.xml.bind.JAXBElement$GlobalScope",
                      "value" : {
                        "s" : [ "." ]
                      },
                      "globalScope" : true
                    }, {
                      "name" : "{urn:hl7-org:cql-annotations:r1}s",
                      "declaredType" : "org.hl7.cql_annotations.r1.Narrative",
                      "scope" : "javax.xml.bind.JAXBElement$GlobalScope",
                      "value" : {
                        "s" : [ {
                          "name" : "{urn:hl7-org:cql-annotations:r1}s",
                          "declaredType" : "org.hl7.cql_annotations.r1.Narrative",
                          "scope" : "javax.xml.bind.JAXBElement$GlobalScope",
                          "value" : {
                            "s" : [ "given" ]
                          },
                          "globalScope" : true
                        } ],
                        "r" : "39"
                      },
                      "globalScope" : true
                    } ],
                    "r" : "39"
                  },
                  "globalScope" : true
                }, {
                  "name" : "{urn:hl7-org:cql-annotations:r1}s",
                  "declaredType" : "org.hl7.cql_annotations.r1.Narrative",
                  "scope" : "javax.xml.bind.JAXBElement$GlobalScope",
                  "value" : {
                    "s" : [ "[", "0", "]" ],
                    "r" : "40"
                  },
                  "globalScope" : true
                } ],
                "r" : "41"
              },
              "globalScope" : true
            } ],
            "r" : "42"
          }
        } ],
        "localId" : "42",
        "locator" : "38:1-38:46",
        "name" : "Given Name str",
        "context" : "Patient",
        "accessLevel" : "Public"
      }, {
        "type" : "ExpressionDef",
        "expression" : {
          "type" : "Property",
          "source" : {
            "type" : "Indexer",
            "operand" : [ {
              "type" : "Flatten",
              "operand" : {
                "type" : "Query",
                "source" : [ {
                  "type" : "AliasedQuerySource",
                  "expression" : {
                    "type" : "Property",
                    "source" : {
                      "type" : "ExpressionRef",
                      "localId" : "43",
                      "locator" : "39:22-39:28",
                      "name" : "Patient"
                    },
                    "localId" : "44",
                    "locator" : "39:22-39:33",
                    "path" : "name"
                  },
                  "alias" : "$this"
                } ],
                "where" : {
                  "type" : "Not",
                  "operand" : {
                    "type" : "IsNull",
                    "operand" : {
                      "type" : "Property",
                      "source" : {
                        "type" : "AliasRef",
                        "name" : "$this"
                      },
                      "path" : "given"
                    }
                  }
                },
                "return" : {
                  "type" : "ReturnClause",
                  "expression" : {
                    "type" : "Property",
                    "source" : {
                      "type" : "AliasRef",
                      "name" : "$this"
                    },
                    "path" : "given"
                  }
                }
              },
              "localId" : "45",
              "locator" : "39:22-39:39"
            }, {
              "type" : "Literal",
              "localId" : "46",
              "locator" : "39:41",
              "valueType" : "{urn:hl7-org:elm-types:r1}Integer",
              "value" : "0"
            } ],
            "localId" : "47",
            "locator" : "39:22-39:42"
          },
          "localId" : "48",
          "locator" : "39:22-39:48",
          "path" : "value"
        },
        "annotation" : [ {
          "s" : {
            "s" : [ {
              "name" : "{urn:hl7-org:cql-annotations:r1}s",
              "declaredType" : "org.hl7.cql_annotations.r1.Narrative",
              "scope" : "javax.xml.bind.JAXBElement$GlobalScope",
              "value" : {
                "s" : [ "define ", "\"Given Name\"", ": " ]
              },
              "globalScope" : true
            }, {
              "name" : "{urn:hl7-org:cql-annotations:r1}s",
              "declaredType" : "org.hl7.cql_annotations.r1.Narrative",
              "scope" : "javax.xml.bind.JAXBElement$GlobalScope",
              "value" : {
                "s" : [ {
                  "name" : "{urn:hl7-org:cql-annotations:r1}s",
                  "declaredType" : "org.hl7.cql_annotations.r1.Narrative",
                  "scope" : "javax.xml.bind.JAXBElement$GlobalScope",
                  "value" : {
                    "s" : [ {
                      "name" : "{urn:hl7-org:cql-annotations:r1}s",
                      "declaredType" : "org.hl7.cql_annotations.r1.Narrative",
                      "scope" : "javax.xml.bind.JAXBElement$GlobalScope",
                      "value" : {
                        "s" : [ {
                          "name" : "{urn:hl7-org:cql-annotations:r1}s",
                          "declaredType" : "org.hl7.cql_annotations.r1.Narrative",
                          "scope" : "javax.xml.bind.JAXBElement$GlobalScope",
                          "value" : {
                            "s" : [ {
                              "name" : "{urn:hl7-org:cql-annotations:r1}s",
                              "declaredType" : "org.hl7.cql_annotations.r1.Narrative",
                              "scope" : "javax.xml.bind.JAXBElement$GlobalScope",
                              "value" : {
                                "s" : [ {
                                  "name" : "{urn:hl7-org:cql-annotations:r1}s",
                                  "declaredType" : "org.hl7.cql_annotations.r1.Narrative",
                                  "scope" : "javax.xml.bind.JAXBElement$GlobalScope",
                                  "value" : {
                                    "s" : [ "Patient" ]
                                  },
                                  "globalScope" : true
                                } ],
                                "r" : "43"
                              },
                              "globalScope" : true
                            }, {
                              "name" : "{urn:hl7-org:cql-annotations:r1}s",
                              "declaredType" : "org.hl7.cql_annotations.r1.Narrative",
                              "scope" : "javax.xml.bind.JAXBElement$GlobalScope",
                              "value" : {
                                "s" : [ "." ]
                              },
                              "globalScope" : true
                            }, {
                              "name" : "{urn:hl7-org:cql-annotations:r1}s",
                              "declaredType" : "org.hl7.cql_annotations.r1.Narrative",
                              "scope" : "javax.xml.bind.JAXBElement$GlobalScope",
                              "value" : {
                                "s" : [ {
                                  "name" : "{urn:hl7-org:cql-annotations:r1}s",
                                  "declaredType" : "org.hl7.cql_annotations.r1.Narrative",
                                  "scope" : "javax.xml.bind.JAXBElement$GlobalScope",
                                  "value" : {
                                    "s" : [ "name" ]
                                  },
                                  "globalScope" : true
                                } ],
                                "r" : "44"
                              },
                              "globalScope" : true
                            } ],
                            "r" : "44"
                          },
                          "globalScope" : true
                        }, {
                          "name" : "{urn:hl7-org:cql-annotations:r1}s",
                          "declaredType" : "org.hl7.cql_annotations.r1.Narrative",
                          "scope" : "javax.xml.bind.JAXBElement$GlobalScope",
                          "value" : {
                            "s" : [ "." ]
                          },
                          "globalScope" : true
                        }, {
                          "name" : "{urn:hl7-org:cql-annotations:r1}s",
                          "declaredType" : "org.hl7.cql_annotations.r1.Narrative",
                          "scope" : "javax.xml.bind.JAXBElement$GlobalScope",
                          "value" : {
                            "s" : [ {
                              "name" : "{urn:hl7-org:cql-annotations:r1}s",
                              "declaredType" : "org.hl7.cql_annotations.r1.Narrative",
                              "scope" : "javax.xml.bind.JAXBElement$GlobalScope",
                              "value" : {
                                "s" : [ "given" ]
                              },
                              "globalScope" : true
                            } ],
                            "r" : "45"
                          },
                          "globalScope" : true
                        } ],
                        "r" : "45"
                      },
                      "globalScope" : true
                    }, {
                      "name" : "{urn:hl7-org:cql-annotations:r1}s",
                      "declaredType" : "org.hl7.cql_annotations.r1.Narrative",
                      "scope" : "javax.xml.bind.JAXBElement$GlobalScope",
                      "value" : {
                        "s" : [ "[", "0", "]" ],
                        "r" : "46"
                      },
                      "globalScope" : true
                    } ],
                    "r" : "47"
                  },
                  "globalScope" : true
                }, {
                  "name" : "{urn:hl7-org:cql-annotations:r1}s",
                  "declaredType" : "org.hl7.cql_annotations.r1.Narrative",
                  "scope" : "javax.xml.bind.JAXBElement$GlobalScope",
                  "value" : {
                    "s" : [ "." ]
                  },
                  "globalScope" : true
                }, {
                  "name" : "{urn:hl7-org:cql-annotations:r1}s",
                  "declaredType" : "org.hl7.cql_annotations.r1.Narrative",
                  "scope" : "javax.xml.bind.JAXBElement$GlobalScope",
                  "value" : {
                    "s" : [ {
                      "name" : "{urn:hl7-org:cql-annotations:r1}s",
                      "declaredType" : "org.hl7.cql_annotations.r1.Narrative",
                      "scope" : "javax.xml.bind.JAXBElement$GlobalScope",
                      "value" : {
                        "s" : [ "value" ]
                      },
                      "globalScope" : true
                    } ],
                    "r" : "48"
                  },
                  "globalScope" : true
                } ],
                "r" : "48"
              },
              "globalScope" : true
            } ],
            "r" : "49"
          }
        } ],
        "localId" : "49",
        "locator" : "39:1-39:48",
        "name" : "Given Name",
        "context" : "Patient",
        "accessLevel" : "Public"
      }, {
        "type" : "ExpressionDef",
        "expression" : {
          "type" : "Indexer",
          "operand" : [ {
            "type" : "Query",
            "source" : [ {
              "type" : "AliasedQuerySource",
              "expression" : {
                "type" : "Property",
                "source" : {
                  "type" : "ExpressionRef",
                  "localId" : "50",
                  "locator" : "41:27-41:33",
                  "name" : "Patient"
                },
                "localId" : "51",
                "locator" : "41:27-41:38",
                "path" : "name"
              },
              "alias" : "$this"
            } ],
            "where" : {
              "type" : "Not",
              "operand" : {
                "type" : "IsNull",
                "operand" : {
                  "type" : "Property",
                  "source" : {
                    "type" : "AliasRef",
                    "name" : "$this"
                  },
                  "path" : "family"
                }
              }
            },
            "return" : {
              "type" : "ReturnClause",
              "expression" : {
                "type" : "Property",
                "source" : {
                  "type" : "AliasRef",
                  "name" : "$this"
                },
                "path" : "family"
              }
            },
            "localId" : "52",
            "locator" : "41:27-41:45"
          }, {
            "type" : "Literal",
            "localId" : "53",
            "locator" : "41:47",
            "valueType" : "{urn:hl7-org:elm-types:r1}Integer",
            "value" : "0"
          } ],
          "localId" : "54",
          "locator" : "41:27-41:48"
        },
        "annotation" : [ {
          "s" : {
            "s" : [ {
              "name" : "{urn:hl7-org:cql-annotations:r1}s",
              "declaredType" : "org.hl7.cql_annotations.r1.Narrative",
              "scope" : "javax.xml.bind.JAXBElement$GlobalScope",
              "value" : {
                "s" : [ "define ", "\"Family Name str\"", ": " ]
              },
              "globalScope" : true
            }, {
              "name" : "{urn:hl7-org:cql-annotations:r1}s",
              "declaredType" : "org.hl7.cql_annotations.r1.Narrative",
              "scope" : "javax.xml.bind.JAXBElement$GlobalScope",
              "value" : {
                "s" : [ {
                  "name" : "{urn:hl7-org:cql-annotations:r1}s",
                  "declaredType" : "org.hl7.cql_annotations.r1.Narrative",
                  "scope" : "javax.xml.bind.JAXBElement$GlobalScope",
                  "value" : {
                    "s" : [ {
                      "name" : "{urn:hl7-org:cql-annotations:r1}s",
                      "declaredType" : "org.hl7.cql_annotations.r1.Narrative",
                      "scope" : "javax.xml.bind.JAXBElement$GlobalScope",
                      "value" : {
                        "s" : [ {
                          "name" : "{urn:hl7-org:cql-annotations:r1}s",
                          "declaredType" : "org.hl7.cql_annotations.r1.Narrative",
                          "scope" : "javax.xml.bind.JAXBElement$GlobalScope",
                          "value" : {
                            "s" : [ {
                              "name" : "{urn:hl7-org:cql-annotations:r1}s",
                              "declaredType" : "org.hl7.cql_annotations.r1.Narrative",
                              "scope" : "javax.xml.bind.JAXBElement$GlobalScope",
                              "value" : {
                                "s" : [ "Patient" ]
                              },
                              "globalScope" : true
                            } ],
                            "r" : "50"
                          },
                          "globalScope" : true
                        }, {
                          "name" : "{urn:hl7-org:cql-annotations:r1}s",
                          "declaredType" : "org.hl7.cql_annotations.r1.Narrative",
                          "scope" : "javax.xml.bind.JAXBElement$GlobalScope",
                          "value" : {
                            "s" : [ "." ]
                          },
                          "globalScope" : true
                        }, {
                          "name" : "{urn:hl7-org:cql-annotations:r1}s",
                          "declaredType" : "org.hl7.cql_annotations.r1.Narrative",
                          "scope" : "javax.xml.bind.JAXBElement$GlobalScope",
                          "value" : {
                            "s" : [ {
                              "name" : "{urn:hl7-org:cql-annotations:r1}s",
                              "declaredType" : "org.hl7.cql_annotations.r1.Narrative",
                              "scope" : "javax.xml.bind.JAXBElement$GlobalScope",
                              "value" : {
                                "s" : [ "name" ]
                              },
                              "globalScope" : true
                            } ],
                            "r" : "51"
                          },
                          "globalScope" : true
                        } ],
                        "r" : "51"
                      },
                      "globalScope" : true
                    }, {
                      "name" : "{urn:hl7-org:cql-annotations:r1}s",
                      "declaredType" : "org.hl7.cql_annotations.r1.Narrative",
                      "scope" : "javax.xml.bind.JAXBElement$GlobalScope",
                      "value" : {
                        "s" : [ "." ]
                      },
                      "globalScope" : true
                    }, {
                      "name" : "{urn:hl7-org:cql-annotations:r1}s",
                      "declaredType" : "org.hl7.cql_annotations.r1.Narrative",
                      "scope" : "javax.xml.bind.JAXBElement$GlobalScope",
                      "value" : {
                        "s" : [ {
                          "name" : "{urn:hl7-org:cql-annotations:r1}s",
                          "declaredType" : "org.hl7.cql_annotations.r1.Narrative",
                          "scope" : "javax.xml.bind.JAXBElement$GlobalScope",
                          "value" : {
                            "s" : [ "family" ]
                          },
                          "globalScope" : true
                        } ],
                        "r" : "52"
                      },
                      "globalScope" : true
                    } ],
                    "r" : "52"
                  },
                  "globalScope" : true
                }, {
                  "name" : "{urn:hl7-org:cql-annotations:r1}s",
                  "declaredType" : "org.hl7.cql_annotations.r1.Narrative",
                  "scope" : "javax.xml.bind.JAXBElement$GlobalScope",
                  "value" : {
                    "s" : [ "[", "0", "]" ],
                    "r" : "53"
                  },
                  "globalScope" : true
                } ],
                "r" : "54"
              },
              "globalScope" : true
            } ],
            "r" : "55"
          }
        } ],
        "localId" : "55",
        "locator" : "41:1-41:48",
        "name" : "Family Name str",
        "context" : "Patient",
        "accessLevel" : "Public"
      }, {
        "type" : "ExpressionDef",
        "expression" : {
          "type" : "Property",
          "source" : {
            "type" : "Indexer",
            "operand" : [ {
              "type" : "Query",
              "source" : [ {
                "type" : "AliasedQuerySource",
                "expression" : {
                  "type" : "Property",
                  "source" : {
                    "type" : "ExpressionRef",
                    "localId" : "56",
                    "locator" : "42:23-42:29",
                    "name" : "Patient"
                  },
                  "localId" : "57",
                  "locator" : "42:23-42:34",
                  "path" : "name"
                },
                "alias" : "$this"
              } ],
              "where" : {
                "type" : "Not",
                "operand" : {
                  "type" : "IsNull",
                  "operand" : {
                    "type" : "Property",
                    "source" : {
                      "type" : "AliasRef",
                      "name" : "$this"
                    },
                    "path" : "family"
                  }
                }
              },
              "return" : {
                "type" : "ReturnClause",
                "expression" : {
                  "type" : "Property",
                  "source" : {
                    "type" : "AliasRef",
                    "name" : "$this"
                  },
                  "path" : "family"
                }
              },
              "localId" : "58",
              "locator" : "42:23-42:41"
            }, {
              "type" : "Literal",
              "localId" : "59",
              "locator" : "42:43",
              "valueType" : "{urn:hl7-org:elm-types:r1}Integer",
              "value" : "0"
            } ],
            "localId" : "60",
            "locator" : "42:23-42:44"
          },
          "localId" : "61",
          "locator" : "42:23-42:50",
          "path" : "value"
        },
        "annotation" : [ {
          "s" : {
            "s" : [ {
              "name" : "{urn:hl7-org:cql-annotations:r1}s",
              "declaredType" : "org.hl7.cql_annotations.r1.Narrative",
              "scope" : "javax.xml.bind.JAXBElement$GlobalScope",
              "value" : {
                "s" : [ "define ", "\"Family Name\"", ": " ]
              },
              "globalScope" : true
            }, {
              "name" : "{urn:hl7-org:cql-annotations:r1}s",
              "declaredType" : "org.hl7.cql_annotations.r1.Narrative",
              "scope" : "javax.xml.bind.JAXBElement$GlobalScope",
              "value" : {
                "s" : [ {
                  "name" : "{urn:hl7-org:cql-annotations:r1}s",
                  "declaredType" : "org.hl7.cql_annotations.r1.Narrative",
                  "scope" : "javax.xml.bind.JAXBElement$GlobalScope",
                  "value" : {
                    "s" : [ {
                      "name" : "{urn:hl7-org:cql-annotations:r1}s",
                      "declaredType" : "org.hl7.cql_annotations.r1.Narrative",
                      "scope" : "javax.xml.bind.JAXBElement$GlobalScope",
                      "value" : {
                        "s" : [ {
                          "name" : "{urn:hl7-org:cql-annotations:r1}s",
                          "declaredType" : "org.hl7.cql_annotations.r1.Narrative",
                          "scope" : "javax.xml.bind.JAXBElement$GlobalScope",
                          "value" : {
                            "s" : [ {
                              "name" : "{urn:hl7-org:cql-annotations:r1}s",
                              "declaredType" : "org.hl7.cql_annotations.r1.Narrative",
                              "scope" : "javax.xml.bind.JAXBElement$GlobalScope",
                              "value" : {
                                "s" : [ {
                                  "name" : "{urn:hl7-org:cql-annotations:r1}s",
                                  "declaredType" : "org.hl7.cql_annotations.r1.Narrative",
                                  "scope" : "javax.xml.bind.JAXBElement$GlobalScope",
                                  "value" : {
                                    "s" : [ "Patient" ]
                                  },
                                  "globalScope" : true
                                } ],
                                "r" : "56"
                              },
                              "globalScope" : true
                            }, {
                              "name" : "{urn:hl7-org:cql-annotations:r1}s",
                              "declaredType" : "org.hl7.cql_annotations.r1.Narrative",
                              "scope" : "javax.xml.bind.JAXBElement$GlobalScope",
                              "value" : {
                                "s" : [ "." ]
                              },
                              "globalScope" : true
                            }, {
                              "name" : "{urn:hl7-org:cql-annotations:r1}s",
                              "declaredType" : "org.hl7.cql_annotations.r1.Narrative",
                              "scope" : "javax.xml.bind.JAXBElement$GlobalScope",
                              "value" : {
                                "s" : [ {
                                  "name" : "{urn:hl7-org:cql-annotations:r1}s",
                                  "declaredType" : "org.hl7.cql_annotations.r1.Narrative",
                                  "scope" : "javax.xml.bind.JAXBElement$GlobalScope",
                                  "value" : {
                                    "s" : [ "name" ]
                                  },
                                  "globalScope" : true
                                } ],
                                "r" : "57"
                              },
                              "globalScope" : true
                            } ],
                            "r" : "57"
                          },
                          "globalScope" : true
                        }, {
                          "name" : "{urn:hl7-org:cql-annotations:r1}s",
                          "declaredType" : "org.hl7.cql_annotations.r1.Narrative",
                          "scope" : "javax.xml.bind.JAXBElement$GlobalScope",
                          "value" : {
                            "s" : [ "." ]
                          },
                          "globalScope" : true
                        }, {
                          "name" : "{urn:hl7-org:cql-annotations:r1}s",
                          "declaredType" : "org.hl7.cql_annotations.r1.Narrative",
                          "scope" : "javax.xml.bind.JAXBElement$GlobalScope",
                          "value" : {
                            "s" : [ {
                              "name" : "{urn:hl7-org:cql-annotations:r1}s",
                              "declaredType" : "org.hl7.cql_annotations.r1.Narrative",
                              "scope" : "javax.xml.bind.JAXBElement$GlobalScope",
                              "value" : {
                                "s" : [ "family" ]
                              },
                              "globalScope" : true
                            } ],
                            "r" : "58"
                          },
                          "globalScope" : true
                        } ],
                        "r" : "58"
                      },
                      "globalScope" : true
                    }, {
                      "name" : "{urn:hl7-org:cql-annotations:r1}s",
                      "declaredType" : "org.hl7.cql_annotations.r1.Narrative",
                      "scope" : "javax.xml.bind.JAXBElement$GlobalScope",
                      "value" : {
                        "s" : [ "[", "0", "]" ],
                        "r" : "59"
                      },
                      "globalScope" : true
                    } ],
                    "r" : "60"
                  },
                  "globalScope" : true
                }, {
                  "name" : "{urn:hl7-org:cql-annotations:r1}s",
                  "declaredType" : "org.hl7.cql_annotations.r1.Narrative",
                  "scope" : "javax.xml.bind.JAXBElement$GlobalScope",
                  "value" : {
                    "s" : [ "." ]
                  },
                  "globalScope" : true
                }, {
                  "name" : "{urn:hl7-org:cql-annotations:r1}s",
                  "declaredType" : "org.hl7.cql_annotations.r1.Narrative",
                  "scope" : "javax.xml.bind.JAXBElement$GlobalScope",
                  "value" : {
                    "s" : [ {
                      "name" : "{urn:hl7-org:cql-annotations:r1}s",
                      "declaredType" : "org.hl7.cql_annotations.r1.Narrative",
                      "scope" : "javax.xml.bind.JAXBElement$GlobalScope",
                      "value" : {
                        "s" : [ "value" ]
                      },
                      "globalScope" : true
                    } ],
                    "r" : "61"
                  },
                  "globalScope" : true
                } ],
                "r" : "61"
              },
              "globalScope" : true
            } ],
            "r" : "62"
          }
        } ],
        "localId" : "62",
        "locator" : "42:1-42:50",
        "name" : "Family Name",
        "context" : "Patient",
        "accessLevel" : "Public"
      } ]
    },
    "annotation" : [ {
      "translatorOptions" : "EnableAnnotations,EnableLocators,DisableListDemotion,DisableListPromotion"
    } ]
  }
}