{
  "resourceType": "Library",
  "id": "FHIRHelpers",
  "text": {
    "status": "generated",
    "div": "<div xmlns=\"http://www.w3.org/1999/xhtml\"><h2>Contents</h2></div>"
  },
  "url": "https://intrahealth.github.io/simple-hiv-ig/Library/FHIRHelpers",
  "version": "0.1.0",
  "name": "FHIRHelpers",
  "title": "FHIRHelpers",
  "status": "draft",
  "experimental": true,
  "type": {
    "coding": [
      {
        "system": "http://terminology.hl7.org/CodeSystem/library-type",
        "code": "logic-library"
      }
    ]
  },
  "date": "2022-01-11T19:35:20+00:00",
  "publisher": "IntraHealth International",
  "contact": [
    {
      "telecom": [
        {
          "system": "url",
          "value": "http://hl7.org/Special/committees/[something]"
        }
      ]
    }
  ],
  "description": "FHIRHelpers"
}