<?xml version="1.0" encoding="UTF-8"?>
<library xmlns="urn:hl7-org:elm:r1" xmlns:t="urn:hl7-org:elm-types:r1" xmlns:xsi="http://www.w3.org/2001/XMLSchema-instance" xmlns:xsd="http://www.w3.org/2001/XMLSchema" xmlns:fhir="http://hl7.org/fhir" xmlns:qdm43="urn:healthit-gov:qdm:v4_3" xmlns:qdm53="urn:healthit-gov:qdm:v5_3" xmlns:a="urn:hl7-org:cql-annotations:r1">
   <annotation translatorOptions="EnableAnnotations,EnableLocators,DisableListDemotion,DisableListPromotion" xsi:type="a:CqlToElmInfo"/>
   <identifier id="KitchenSink" system="https://intrahealth.github.io/simple-hiv-ig" version="0.1.0"/>
   <schemaIdentifier id="urn:hl7-org:elm" version="r1"/>
   <usings>
      <def localIdentifier="System" uri="urn:hl7-org:elm-types:r1"/>
      <def localId="1" locator="3:1-3:26" localIdentifier="FHIR" uri="http://hl7.org/fhir" version="4.0.1">
         <annotation xsi:type="a:Annotation">
            <a:s r="1">
               <a:s>using FHIR version '4.0.1'</a:s>
            </a:s>
         </annotation>
      </def>
   </usings>
   <includes>
      <def localId="2" locator="5:1-5:35" localIdentifier="FHIRHelpers" path="http://hl7.org/fhir/FHIRHelpers" version="4.0.1">
         <annotation xsi:type="a:Annotation">
            <a:s r="2">
               <a:s>include </a:s>
               <a:s>
                  <a:s>FHIRHelpers</a:s>
               </a:s>
               <a:s> version '4.0.1'</a:s>
            </a:s>
         </annotation>
      </def>
      <def localId="3" locator="6:1-6:44" localIdentifier="FC" path="https://intrahealth.github.io/simple-hiv-ig/FHIRCommon" version="4.0.1">
         <annotation xsi:type="a:Annotation">
            <a:s r="3">
               <a:s>include </a:s>
               <a:s>
                  <a:s>FHIRCommon</a:s>
               </a:s>
               <a:s> version '4.0.1' called FC</a:s>
            </a:s>
         </annotation>
      </def>
      <def localId="4" locator="7:1-7:43" localIdentifier="AR" path="https://intrahealth.github.io/simple-hiv-ig/AgeRanges" version="0.1.0">
         <annotation xsi:type="a:Annotation">
            <a:s r="4">
               <a:s>include </a:s>
               <a:s>
                  <a:s>AgeRanges</a:s>
               </a:s>
               <a:s> version '0.1.0' called AR</a:s>
            </a:s>
         </annotation>
      </def>
   </includes>
   <codeSystems>
      <def localId="5" locator="11:1-11:100" name="SNOMED-CT" id="http://snomed.info/sct" version="http://snomed.info/sct/900000000000207008" accessLevel="Public">
         <annotation xsi:type="a:Annotation">
            <a:s r="5">
               <a:s>codesystem &quot;SNOMED-CT&quot;: 'http://snomed.info/sct' version 'http://snomed.info/sct/900000000000207008'</a:s>
            </a:s>
         </annotation>
      </def>
      <def localId="6" locator="13:1-13:38" name="LOINC" id="http://loinc.org" accessLevel="Public">
         <annotation xsi:type="a:Annotation">
            <a:s r="6">
               <a:s>codesystem &quot;LOINC&quot;: 'http://loinc.org'</a:s>
            </a:s>
         </annotation>
      </def>
   </codeSystems>
   <valueSets>
      <def localId="15" locator="22:1-22:88" name="LocationVS" id="https://intrahealth.github.io/simple-hiv-ig/ValueSet/LocationVS" accessLevel="Public">
         <annotation xsi:type="a:Annotation">
            <a:s r="15">
               <a:s>valueset &quot;LocationVS&quot;: 'https://intrahealth.github.io/simple-hiv-ig/ValueSet/LocationVS'</a:s>
            </a:s>
         </annotation>
      </def>
   </valueSets>
   <codes>
      <def localId="8" locator="17:1-17:82" name="HIV Condition Positive" id="86406008" display="HIV infection" accessLevel="Public">
         <annotation xsi:type="a:Annotation">
            <a:s r="8">
               <a:s>code &quot;HIV Condition Positive&quot;: '86406008' from </a:s>
               <a:s r="7">
                  <a:s>&quot;SNOMED-CT&quot;</a:s>
               </a:s>
               <a:s> display 'HIV infection'</a:s>
            </a:s>
         </annotation>
         <codeSystem localId="7" locator="17:48-17:58" name="SNOMED-CT"/>
      </def>
      <def localId="10" locator="18:1-18:118" name="HIV 1 and 2 tests - Meaningful Use set" id="75622-1" display="HIV 1 and 2 tests - Meaningful Use set" accessLevel="Public">
         <annotation xsi:type="a:Annotation">
            <a:s r="10">
               <a:s>code &quot;HIV 1 and 2 tests - Meaningful Use set&quot;: '75622-1' from </a:s>
               <a:s r="9">
                  <a:s>&quot;LOINC&quot;</a:s>
               </a:s>
               <a:s> display 'HIV 1 and 2 tests - Meaningful Use set'</a:s>
            </a:s>
         </annotation>
         <codeSystem localId="9" locator="18:63-18:69" name="LOINC"/>
      </def>
      <def localId="12" locator="19:1-19:83" name="Pregnant (finding)" id="77386006" display="Pregnant (finding)" accessLevel="Public">
         <annotation xsi:type="a:Annotation">
            <a:s r="12">
               <a:s>code &quot;Pregnant (finding)&quot;: '77386006' from </a:s>
               <a:s r="11">
                  <a:s>&quot;SNOMED-CT&quot;</a:s>
               </a:s>
               <a:s> display 'Pregnant (finding)'</a:s>
            </a:s>
         </annotation>
         <codeSystem localId="11" locator="19:44-19:54" name="SNOMED-CT"/>
      </def>
      <def localId="14" locator="20:1-20:145" name="HIV 1 RNA NAA+probe (Specimen)" id="25836-8" display="HIV 1 RNA [#/volume] (viral load) in Specimen by NAA with probe detection" accessLevel="Public">
         <annotation xsi:type="a:Annotation">
            <a:s r="14">
               <a:s>code &quot;HIV 1 RNA NAA+probe (Specimen)&quot;: '25836-8' from </a:s>
               <a:s r="13">
                  <a:s>&quot;LOINC&quot;</a:s>
               </a:s>
               <a:s> display 'HIV 1 RNA [#/volume] (viral load) in Specimen by NAA with probe detection'</a:s>
            </a:s>
         </annotation>
         <codeSystem localId="13" locator="20:55-20:61" name="LOINC"/>
      </def>
   </codes>
   <contexts>
      <def locator="24:1-24:15" name="Patient"/>
   </contexts>
   <statements>
      <def locator="24:1-24:15" name="Patient" context="Patient">
         <expression xsi:type="SingletonFrom">
            <operand locator="24:1-24:15" dataType="fhir:Patient" templateId="http://hl7.org/fhir/StructureDefinition/Patient" xsi:type="Retrieve"/>
         </expression>
      </def>
      <def localId="19" locator="26:1-27:22" name="Sex" context="Patient" accessLevel="Public">
         <annotation xsi:type="a:Annotation">
            <a:s r="19">
               <a:s>define &quot;Sex&quot;:
  </a:s>
               <a:s r="18">
                  <a:s r="17">
                     <a:s r="16">
                        <a:s>Patient</a:s>
                     </a:s>
                     <a:s>.</a:s>
                     <a:s r="17">
                        <a:s>gender</a:s>
                     </a:s>
                  </a:s>
                  <a:s>.</a:s>
                  <a:s r="18">
                     <a:s>value</a:s>
                  </a:s>
               </a:s>
            </a:s>
         </annotation>
         <expression localId="18" locator="27:3-27:22" path="value" xsi:type="Property">
            <source localId="17" locator="27:3-27:16" path="gender" xsi:type="Property">
               <source localId="16" locator="27:3-27:9" name="Patient" xsi:type="ExpressionRef"/>
            </source>
         </expression>
      </def>
      <def localId="24" locator="29:1-30:27" name="Female" context="Patient" accessLevel="Public">
         <annotation xsi:type="a:Annotation">
            <a:s r="24">
               <a:s>define &quot;Female&quot;:
  </a:s>
               <a:s r="23">
                  <a:s r="21">
                     <a:s r="20">
                        <a:s>Patient</a:s>
                     </a:s>
                     <a:s>.</a:s>
                     <a:s r="21">
                        <a:s>gender</a:s>
                     </a:s>
                  </a:s>
                  <a:s> = </a:s>
                  <a:s r="22">
                     <a:s>'female'</a:s>
                  </a:s>
               </a:s>
            </a:s>
         </annotation>
         <expression localId="23" locator="30:3-30:27" xsi:type="Equal">
            <operand name="ToString" libraryName="FHIRHelpers" xsi:type="FunctionRef">
               <operand localId="21" locator="30:3-30:16" path="gender" xsi:type="Property">
                  <source localId="20" locator="30:3-30:9" name="Patient" xsi:type="ExpressionRef"/>
               </operand>
            </operand>
            <operand localId="22" locator="30:20-30:27" valueType="t:String" value="female" xsi:type="Literal"/>
         </expression>
      </def>
      <def localId="29" locator="32:1-33:25" name="Male" context="Patient" accessLevel="Public">
         <annotation xsi:type="a:Annotation">
            <a:s r="29">
               <a:s>define &quot;Male&quot;:
  </a:s>
               <a:s r="28">
                  <a:s r="26">
                     <a:s r="25">
                        <a:s>Patient</a:s>
                     </a:s>
                     <a:s>.</a:s>
                     <a:s r="26">
                        <a:s>gender</a:s>
                     </a:s>
                  </a:s>
                  <a:s> = </a:s>
                  <a:s r="27">
                     <a:s>'male'</a:s>
                  </a:s>
               </a:s>
            </a:s>
         </annotation>
         <expression localId="28" locator="33:3-33:25" xsi:type="Equal">
            <operand name="ToString" libraryName="FHIRHelpers" xsi:type="FunctionRef">
               <operand localId="26" locator="33:3-33:16" path="gender" xsi:type="Property">
                  <source localId="25" locator="33:3-33:9" name="Patient" xsi:type="ExpressionRef"/>
               </operand>
            </operand>
            <operand localId="27" locator="33:20-33:25" valueType="t:String" value="male" xsi:type="Literal"/>
         </expression>
      </def>
      <def localId="37" locator="35:1-36:35" name="Age Group/Sex" context="Patient" accessLevel="Public">
         <annotation xsi:type="a:Annotation">
            <a:s r="37">
               <a:s>define &quot;Age Group/Sex&quot;:
  </a:s>
               <a:s r="36">
                  <a:s r="34">
                     <a:s r="32">
                        <a:s r="31">
                           <a:s r="30">
                              <a:s>AR</a:s>
                           </a:s>
                           <a:s>.</a:s>
                           <a:s r="31">
                              <a:s>&quot;Age Group&quot;</a:s>
                           </a:s>
                        </a:s>
                        <a:s>.</a:s>
                        <a:s r="32">
                           <a:s>code</a:s>
                        </a:s>
                     </a:s>
                     <a:s> + </a:s>
                     <a:s r="33">
                        <a:s>':'</a:s>
                     </a:s>
                  </a:s>
                  <a:s> + </a:s>
                  <a:s r="35">
                     <a:s>&quot;Sex&quot;</a:s>
                  </a:s>
               </a:s>
            </a:s>
         </annotation>
         <expression localId="36" locator="36:3-36:35" xsi:type="Concatenate">
            <operand localId="34" locator="36:3-36:27" xsi:type="Concatenate">
               <operand localId="32" locator="36:3-36:21" path="code" xsi:type="Property">
                  <source localId="31" locator="36:3-36:16" name="Age Group" libraryName="AR" xsi:type="ExpressionRef"/>
               </operand>
               <operand localId="33" locator="36:25-36:27" valueType="t:String" value=":" xsi:type="Literal"/>
            </operand>
            <operand localId="35" locator="36:31-36:35" name="Sex" xsi:type="ExpressionRef"/>
         </expression>
      </def>
      <def localId="40" locator="38:1-39:16" name="Age Group" context="Patient" accessLevel="Public">
         <annotation xsi:type="a:Annotation">
            <a:s r="40">
               <a:s>define &quot;Age Group&quot;:
  </a:s>
               <a:s r="39">
                  <a:s r="38">
                     <a:s>AR</a:s>
                  </a:s>
                  <a:s>.</a:s>
                  <a:s r="39">
                     <a:s>&quot;Age Group&quot;</a:s>
                  </a:s>
               </a:s>
            </a:s>
         </annotation>
         <expression localId="39" locator="39:3-39:16" name="Age Group" libraryName="AR" xsi:type="ExpressionRef"/>
      </def>
      <def localId="42" locator="41:1-42:6" name="Initial Population" context="Patient" accessLevel="Public">
         <annotation xsi:type="a:Annotation">
            <a:s r="42">
               <a:s r="41">define &quot;Initial Population&quot;:
  true</a:s>
            </a:s>
         </annotation>
         <expression localId="41" locator="42:3-42:6" valueType="t:Boolean" value="true" xsi:type="Literal"/>
      </def>
      <def localId="45" locator="44:1-45:19" name="Denominator" context="Patient" accessLevel="Public">
         <annotation xsi:type="a:Annotation">
            <a:s r="45">
               <a:s>define &quot;Denominator&quot;:
  </a:s>
               <a:s r="44">
                  <a:s r="43">
                     <a:s>&quot;Sex&quot;</a:s>
                  </a:s>
                  <a:s> is not null</a:s>
               </a:s>
            </a:s>
         </annotation>
         <expression localId="44" locator="45:3-45:19" xsi:type="Not">
            <operand locator="45:3-45:19" xsi:type="IsNull">
               <operand localId="43" locator="45:3-45:7" name="Sex" xsi:type="ExpressionRef"/>
            </operand>
         </expression>
      </def>
      <def localId="49" locator="47:1-48:18" name="Numerator" context="Patient" accessLevel="Public">
         <annotation xsi:type="a:Annotation">
            <a:s r="49">
               <a:s>define &quot;Numerator&quot;:
  </a:s>
               <a:s r="48">
                  <a:s r="46">
                     <a:s>&quot;Sex&quot;</a:s>
                  </a:s>
                  <a:s> = </a:s>
                  <a:s r="47">
                     <a:s>'female'</a:s>
                  </a:s>
               </a:s>
            </a:s>
         </annotation>
         <expression localId="48" locator="48:3-48:18" xsi:type="Equal">
            <operand localId="46" locator="48:3-48:7" name="Sex" xsi:type="ExpressionRef"/>
            <operand localId="47" locator="48:11-48:18" valueType="t:String" value="female" xsi:type="Literal"/>
         </expression>
      </def>
      <def localId="51" locator="50:1-51:17" name="Hello, World!" context="Patient" accessLevel="Public">
         <annotation xsi:type="a:Annotation">
            <a:s r="51">
               <a:s>define &quot;Hello, World!&quot;:
  </a:s>
               <a:s r="50">
                  <a:s>'Hello, World!'</a:s>
               </a:s>
            </a:s>
         </annotation>
         <expression localId="50" locator="51:3-51:17" valueType="t:String" value="Hello, World!" xsi:type="Literal"/>
      </def>
      <def localId="55" locator="55:1-56:29" name="birthDate_str" context="Patient" accessLevel="Public">
         <annotation xsi:type="a:Annotation">
            <a:s r="55">
               <a:s>define &quot;birthDate_str&quot;:
  </a:s>
               <a:s r="54">
                  <a:s>ToString(</a:s>
                  <a:s r="53">
                     <a:s r="52">
                        <a:s>Patient</a:s>
                     </a:s>
                     <a:s>.</a:s>
                     <a:s r="53">
                        <a:s>birthDate</a:s>
                     </a:s>
                  </a:s>
                  <a:s>)</a:s>
               </a:s>
            </a:s>
         </annotation>
         <expression localId="54" locator="56:3-56:29" xsi:type="ToString">
            <operand name="ToDate" libraryName="FHIRHelpers" xsi:type="FunctionRef">
               <operand localId="53" locator="56:12-56:28" path="birthDate" xsi:type="Property">
                  <source localId="52" locator="56:12-56:18" name="Patient" xsi:type="ExpressionRef"/>
               </operand>
            </operand>
         </expression>
      </def>
      <def localId="62" locator="60:1-61:29" name="Given Name" context="Patient" accessLevel="Public">
         <annotation xsi:type="a:Annotation">
            <a:s r="62">
               <a:s>define &quot;Given Name&quot;:
  </a:s>
               <a:s r="61">
                  <a:s r="60">
                     <a:s r="58">
                        <a:s r="57">
                           <a:s r="56">
                              <a:s>Patient</a:s>
                           </a:s>
                           <a:s>.</a:s>
                           <a:s r="57">
                              <a:s>name</a:s>
                           </a:s>
                        </a:s>
                        <a:s>.</a:s>
                        <a:s r="58">
                           <a:s>given</a:s>
                        </a:s>
                     </a:s>
                     <a:s r="59">[0]</a:s>
                  </a:s>
                  <a:s>.</a:s>
                  <a:s r="61">
                     <a:s>value</a:s>
                  </a:s>
               </a:s>
            </a:s>
         </annotation>
         <expression localId="61" locator="61:3-61:29" path="value" xsi:type="Property">
            <source localId="60" locator="61:3-61:23" xsi:type="Indexer">
               <operand localId="58" locator="61:3-61:20" xsi:type="Flatten">
                  <operand xsi:type="Query">
                     <source alias="$this">
                        <expression localId="57" locator="61:3-61:14" path="name" xsi:type="Property">
                           <source localId="56" locator="61:3-61:9" name="Patient" xsi:type="ExpressionRef"/>
                        </expression>
                     </source>
                     <where xsi:type="Not">
                        <operand xsi:type="IsNull">
                           <operand path="given" xsi:type="Property">
                              <source name="$this" xsi:type="AliasRef"/>
                           </operand>
                        </operand>
                     </where>
                     <return distinct="false">
                        <expression path="given" xsi:type="Property">
                           <source name="$this" xsi:type="AliasRef"/>
                        </expression>
                     </return>
                  </operand>
               </operand>
               <operand localId="59" locator="61:22" valueType="t:Integer" value="0" xsi:type="Literal"/>
            </source>
         </expression>
      </def>
      <def localId="69" locator="65:1-66:30" name="Family Name" context="Patient" accessLevel="Public">
         <annotation xsi:type="a:Annotation">
            <a:s r="69">
               <a:s>define &quot;Family Name&quot;:
  </a:s>
               <a:s r="68">
                  <a:s r="67">
                     <a:s r="65">
                        <a:s r="64">
                           <a:s r="63">
                              <a:s>Patient</a:s>
                           </a:s>
                           <a:s>.</a:s>
                           <a:s r="64">
                              <a:s>name</a:s>
                           </a:s>
                        </a:s>
                        <a:s>.</a:s>
                        <a:s r="65">
                           <a:s>family</a:s>
                        </a:s>
                     </a:s>
                     <a:s r="66">[0]</a:s>
                  </a:s>
                  <a:s>.</a:s>
                  <a:s r="68">
                     <a:s>value</a:s>
                  </a:s>
               </a:s>
            </a:s>
         </annotation>
         <expression localId="68" locator="66:3-66:30" path="value" xsi:type="Property">
            <source localId="67" locator="66:3-66:24" xsi:type="Indexer">
               <operand localId="65" locator="66:3-66:21" xsi:type="Query">
                  <source alias="$this">
                     <expression localId="64" locator="66:3-66:14" path="name" xsi:type="Property">
                        <source localId="63" locator="66:3-66:9" name="Patient" xsi:type="ExpressionRef"/>
                     </expression>
                  </source>
                  <where xsi:type="Not">
                     <operand xsi:type="IsNull">
                        <operand path="family" xsi:type="Property">
                           <source name="$this" xsi:type="AliasRef"/>
                        </operand>
                     </operand>
                  </where>
                  <return distinct="false">
                     <expression path="family" xsi:type="Property">
                        <source name="$this" xsi:type="AliasRef"/>
                     </expression>
                  </return>
               </operand>
               <operand localId="66" locator="66:23" valueType="t:Integer" value="0" xsi:type="Literal"/>
            </source>
         </expression>
      </def>
      <def localId="72" locator="70:1-71:48" name="HIV Condition" context="Patient" accessLevel="Public">
         <annotation xsi:type="a:Annotation">
            <a:s r="72">
               <a:s>define &quot;HIV Condition&quot;:
  </a:s>
               <a:s r="71">
                  <a:s>exists </a:s>
                  <a:s r="70">
                     <a:s>[&quot;Condition&quot;: </a:s>
                     <a:s>
                        <a:s>&quot;HIV Condition Positive&quot;</a:s>
                     </a:s>
                     <a:s>]</a:s>
                  </a:s>
               </a:s>
            </a:s>
         </annotation>
         <expression localId="71" locator="71:3-71:48" xsi:type="Exists">
            <operand localId="70" locator="71:10-71:48" dataType="fhir:Condition" templateId="http://hl7.org/fhir/StructureDefinition/Condition" codeProperty="code" codeComparator="~" xsi:type="Retrieve">
               <codes xsi:type="ToList">
                  <operand locator="71:24-71:47" name="HIV Condition Positive" xsi:type="CodeRef"/>
               </codes>
            </operand>
         </expression>
      </def>
      <def localId="74" locator="73:1-74:17" name="Is HIV Positive" context="Patient" accessLevel="Public">
         <annotation xsi:type="a:Annotation">
            <a:s r="74">
               <a:s>define &quot;Is HIV Positive&quot;:
  </a:s>
               <a:s r="73">
                  <a:s>&quot;HIV Condition&quot;</a:s>
               </a:s>
            </a:s>
         </annotation>
         <expression localId="73" locator="74:3-74:17" name="HIV Condition" xsi:type="ExpressionRef"/>
      </def>
      <def localId="77" locator="76:1-77:21" name="Is HIV Negative" context="Patient" accessLevel="Public">
         <annotation xsi:type="a:Annotation">
            <a:s r="77">
               <a:s>define &quot;Is HIV Negative&quot;:
  </a:s>
               <a:s r="76">
                  <a:s>not </a:s>
                  <a:s r="75">
                     <a:s>&quot;HIV Condition&quot;</a:s>
                  </a:s>
               </a:s>
            </a:s>
         </annotation>
         <expression localId="76" locator="77:3-77:21" xsi:type="Not">
            <operand localId="75" locator="77:7-77:21" name="HIV Condition" xsi:type="ExpressionRef"/>
         </expression>
      </def>
      <def localId="80" locator="79:1-80:44" name="Pregnant" context="Patient" accessLevel="Public">
         <annotation xsi:type="a:Annotation">
            <a:s r="80">
               <a:s>define &quot;Pregnant&quot;:
  </a:s>
               <a:s r="79">
                  <a:s>exists </a:s>
                  <a:s r="78">
                     <a:s>[&quot;Condition&quot;: </a:s>
                     <a:s>
                        <a:s>&quot;Pregnant (finding)&quot;</a:s>
                     </a:s>
                     <a:s>]</a:s>
                  </a:s>
               </a:s>
            </a:s>
         </annotation>
         <expression localId="79" locator="80:3-80:44" xsi:type="Exists">
            <operand localId="78" locator="80:10-80:44" dataType="fhir:Condition" templateId="http://hl7.org/fhir/StructureDefinition/Condition" codeProperty="code" codeComparator="~" xsi:type="Retrieve">
               <codes xsi:type="ToList">
                  <operand locator="80:24-80:43" name="Pregnant (finding)" xsi:type="CodeRef"/>
               </codes>
            </operand>
         </expression>
      </def>
      <def localId="92" locator="82:1-85:31" name="Viral Load Test Result" context="Patient" accessLevel="Public">
         <annotation xsi:type="a:Annotation">
            <a:s r="92">
               <a:s>define &quot;Viral Load Test Result&quot;:
  </a:s>
               <a:s r="91">
                  <a:s>
                     <a:s r="82">
                        <a:s r="81">
                           <a:s r="81">
                              <a:s>[&quot;Observation&quot;: </a:s>
                              <a:s>
                                 <a:s>&quot;HIV 1 RNA NAA+probe (Specimen)&quot;</a:s>
                              </a:s>
                              <a:s>]</a:s>
                           </a:s>
                        </a:s>
                        <a:s> Obs</a:s>
                     </a:s>
                  </a:s>
                  <a:s>
    </a:s>
                  <a:s r="90">
                     <a:s>where </a:s>
                     <a:s r="90">
                        <a:s r="86">
                           <a:s r="84">
                              <a:s r="83">
                                 <a:s>Obs</a:s>
                              </a:s>
                              <a:s>.</a:s>
                              <a:s r="84">
                                 <a:s>status</a:s>
                              </a:s>
                           </a:s>
                           <a:s> = </a:s>
                           <a:s r="85">
                              <a:s>'final'</a:s>
                           </a:s>
                        </a:s>
                        <a:s>
      and </a:s>
                        <a:s r="89">
                           <a:s r="88">
                              <a:s r="87">
                                 <a:s>Obs</a:s>
                              </a:s>
                              <a:s>.</a:s>
                              <a:s r="88">
                                 <a:s>value</a:s>
                              </a:s>
                           </a:s>
                           <a:s> is not null</a:s>
                        </a:s>
                     </a:s>
                  </a:s>
               </a:s>
            </a:s>
         </annotation>
         <expression localId="91" locator="83:3-85:31" xsi:type="Query">
            <source localId="82" locator="83:3-83:55" alias="Obs">
               <expression localId="81" locator="83:3-83:51" dataType="fhir:Observation" templateId="http://hl7.org/fhir/StructureDefinition/Observation" codeProperty="code" codeComparator="~" xsi:type="Retrieve">
                  <codes xsi:type="ToList">
                     <operand locator="83:19-83:50" name="HIV 1 RNA NAA+probe (Specimen)" xsi:type="CodeRef"/>
                  </codes>
               </expression>
            </source>
            <where localId="90" locator="84:5-85:31" xsi:type="And">
               <operand localId="86" locator="84:11-84:30" xsi:type="Equal">
                  <operand name="ToString" libraryName="FHIRHelpers" xsi:type="FunctionRef">
                     <operand localId="84" locator="84:11-84:20" path="status" scope="Obs" xsi:type="Property"/>
                  </operand>
                  <operand localId="85" locator="84:24-84:30" valueType="t:String" value="final" xsi:type="Literal"/>
               </operand>
               <operand localId="89" locator="85:11-85:31" xsi:type="Not">
                  <operand locator="85:11-85:31" xsi:type="IsNull">
                     <operand localId="88" locator="85:11-85:19" path="value" scope="Obs" xsi:type="Property"/>
                  </operand>
               </operand>
            </where>
         </expression>
      </def>
      <def localId="100" locator="114:1-116:48" name="Living with HIV and on ART with suppressed viral load results (&lt;1000 copies/mL)" context="Patient" accessLevel="Public">
         <annotation xsi:type="a:Annotation">
            <a:s r="100">
               <a:s>define &quot;Living with HIV and on ART with suppressed viral load results (&lt;1000 copies/mL)&quot;:
  </a:s>
               <a:s r="99">
                  <a:s>
                     <a:s r="94">
                        <a:s r="93">
                           <a:s r="93">
                              <a:s>[&quot;Observation&quot;: </a:s>
                              <a:s>
                                 <a:s>&quot;HIV 1 RNA NAA+probe (Specimen)&quot;</a:s>
                              </a:s>
                              <a:s>]</a:s>
                           </a:s>
                        </a:s>
                        <a:s> Observation</a:s>
                     </a:s>
                  </a:s>
                  <a:s>
    </a:s>
                  <a:s r="98">
                     <a:s>where </a:s>
                     <a:s r="98">
                        <a:s r="96">
                           <a:s r="95">
                              <a:s>Observation</a:s>
                           </a:s>
                           <a:s>.</a:s>
                           <a:s r="96">
                              <a:s>value</a:s>
                           </a:s>
                        </a:s>
                        <a:s> &lt; </a:s>
                        <a:s r="97">
                           <a:s>1000 '{copies}/mL'</a:s>
                        </a:s>
                     </a:s>
                  </a:s>
               </a:s>
            </a:s>
         </annotation>
         <expression localId="99" locator="115:3-116:48" xsi:type="Query">
            <source localId="94" locator="115:3-115:63" alias="Observation">
               <expression localId="93" locator="115:3-115:51" dataType="fhir:Observation" templateId="http://hl7.org/fhir/StructureDefinition/Observation" codeProperty="code" codeComparator="~" xsi:type="Retrieve">
                  <codes xsi:type="ToList">
                     <operand locator="115:19-115:50" name="HIV 1 RNA NAA+probe (Specimen)" xsi:type="CodeRef"/>
                  </codes>
               </expression>
            </source>
            <where localId="98" locator="116:5-116:48" xsi:type="Less">
               <operand name="ToQuantity" libraryName="FHIRHelpers" xsi:type="FunctionRef">
                  <operand asType="fhir:Quantity" xsi:type="As">
                     <operand localId="96" locator="116:11-116:27" path="value" scope="Observation" xsi:type="Property"/>
                  </operand>
               </operand>
               <operand localId="97" locator="116:31-116:48" value="1000" unit="{copies}/mL" xsi:type="Quantity"/>
            </where>
         </expression>
      </def>
      <def localId="108" locator="118:1-120:49" name="Living with HIV and on ART with unsuppressed viral load results (>1000 copies/mL)" context="Patient" accessLevel="Public">
         <annotation xsi:type="a:Annotation">
            <a:s r="108">
               <a:s>define &quot;Living with HIV and on ART with unsuppressed viral load results (>1000 copies/mL)&quot;:
  </a:s>
               <a:s r="107">
                  <a:s>
                     <a:s r="102">
                        <a:s r="101">
                           <a:s r="101">
                              <a:s>[&quot;Observation&quot;: </a:s>
                              <a:s>
                                 <a:s>&quot;HIV 1 RNA NAA+probe (Specimen)&quot;</a:s>
                              </a:s>
                              <a:s>]</a:s>
                           </a:s>
                        </a:s>
                        <a:s> Observation</a:s>
                     </a:s>
                  </a:s>
                  <a:s>
    </a:s>
                  <a:s r="106">
                     <a:s>where </a:s>
                     <a:s r="106">
                        <a:s r="104">
                           <a:s r="103">
                              <a:s>Observation</a:s>
                           </a:s>
                           <a:s>.</a:s>
                           <a:s r="104">
                              <a:s>value</a:s>
                           </a:s>
                        </a:s>
                        <a:s> >= </a:s>
                        <a:s r="105">
                           <a:s>1000 '{copies}/mL'</a:s>
                        </a:s>
                     </a:s>
                  </a:s>
               </a:s>
            </a:s>
         </annotation>
         <expression localId="107" locator="119:3-120:49" xsi:type="Query">
            <source localId="102" locator="119:3-119:63" alias="Observation">
               <expression localId="101" locator="119:3-119:51" dataType="fhir:Observation" templateId="http://hl7.org/fhir/StructureDefinition/Observation" codeProperty="code" codeComparator="~" xsi:type="Retrieve">
                  <codes xsi:type="ToList">
                     <operand locator="119:19-119:50" name="HIV 1 RNA NAA+probe (Specimen)" xsi:type="CodeRef"/>
                  </codes>
               </expression>
            </source>
            <where localId="106" locator="120:5-120:49" xsi:type="GreaterOrEqual">
               <operand name="ToQuantity" libraryName="FHIRHelpers" xsi:type="FunctionRef">
                  <operand asType="fhir:Quantity" xsi:type="As">
                     <operand localId="104" locator="120:11-120:27" path="value" scope="Observation" xsi:type="Property"/>
                  </operand>
               </operand>
               <operand localId="105" locator="120:32-120:49" value="1000" unit="{copies}/mL" xsi:type="Quantity"/>
            </where>
         </expression>
      </def>
      <def localId="116" locator="122:1-124:48" name="Suppressed" context="Patient" accessLevel="Public">
         <annotation xsi:type="a:Annotation">
            <a:s r="116">
               <a:s>define &quot;Suppressed&quot;:
  </a:s>
               <a:s r="115">
                  <a:s>
                     <a:s r="110">
                        <a:s r="109">
                           <a:s r="109">
                              <a:s>[Observation: </a:s>
                              <a:s>
                                 <a:s>&quot;HIV 1 RNA NAA+probe (Specimen)&quot;</a:s>
                              </a:s>
                              <a:s>]</a:s>
                           </a:s>
                        </a:s>
                        <a:s> Observation</a:s>
                     </a:s>
                  </a:s>
                  <a:s>
    </a:s>
                  <a:s r="114">
                     <a:s>where </a:s>
                     <a:s r="114">
                        <a:s r="112">
                           <a:s r="111">
                              <a:s>Observation</a:s>
                           </a:s>
                           <a:s>.</a:s>
                           <a:s r="112">
                              <a:s>value</a:s>
                           </a:s>
                        </a:s>
                        <a:s> &lt; </a:s>
                        <a:s r="113">
                           <a:s>1000 '{copies}/mL'</a:s>
                        </a:s>
                     </a:s>
                  </a:s>
               </a:s>
            </a:s>
         </annotation>
         <expression localId="115" locator="123:3-124:48" xsi:type="Query">
            <source localId="110" locator="123:3-123:61" alias="Observation">
               <expression localId="109" locator="123:3-123:49" dataType="fhir:Observation" templateId="http://hl7.org/fhir/StructureDefinition/Observation" codeProperty="code" codeComparator="~" xsi:type="Retrieve">
                  <codes xsi:type="ToList">
                     <operand locator="123:17-123:48" name="HIV 1 RNA NAA+probe (Specimen)" xsi:type="CodeRef"/>
                  </codes>
               </expression>
            </source>
            <where localId="114" locator="124:5-124:48" xsi:type="Less">
               <operand name="ToQuantity" libraryName="FHIRHelpers" xsi:type="FunctionRef">
                  <operand asType="fhir:Quantity" xsi:type="As">
                     <operand localId="112" locator="124:11-124:27" path="value" scope="Observation" xsi:type="Property"/>
                  </operand>
               </operand>
               <operand localId="113" locator="124:31-124:48" value="1000" unit="{copies}/mL" xsi:type="Quantity"/>
            </where>
         </expression>
      </def>
      <def localId="124" locator="126:1-128:49" name="Unsuppressed" context="Patient" accessLevel="Public">
         <annotation xsi:type="a:Annotation">
            <a:s r="124">
               <a:s>define &quot;Unsuppressed&quot;:
  </a:s>
               <a:s r="123">
                  <a:s>
                     <a:s r="118">
                        <a:s r="117">
                           <a:s r="117">
                              <a:s>[Observation: </a:s>
                              <a:s>
                                 <a:s>&quot;HIV 1 RNA NAA+probe (Specimen)&quot;</a:s>
                              </a:s>
                              <a:s>]</a:s>
                           </a:s>
                        </a:s>
                        <a:s> Observation</a:s>
                     </a:s>
                  </a:s>
                  <a:s>
    </a:s>
                  <a:s r="122">
                     <a:s>where </a:s>
                     <a:s r="122">
                        <a:s r="120">
                           <a:s r="119">
                              <a:s>Observation</a:s>
                           </a:s>
                           <a:s>.</a:s>
                           <a:s r="120">
                              <a:s>value</a:s>
                           </a:s>
                        </a:s>
                        <a:s> >= </a:s>
                        <a:s r="121">
                           <a:s>1000 '{copies}/mL'</a:s>
                        </a:s>
                     </a:s>
                  </a:s>
               </a:s>
            </a:s>
         </annotation>
         <expression localId="123" locator="127:3-128:49" xsi:type="Query">
            <source localId="118" locator="127:3-127:61" alias="Observation">
               <expression localId="117" locator="127:3-127:49" dataType="fhir:Observation" templateId="http://hl7.org/fhir/StructureDefinition/Observation" codeProperty="code" codeComparator="~" xsi:type="Retrieve">
                  <codes xsi:type="ToList">
                     <operand locator="127:17-127:48" name="HIV 1 RNA NAA+probe (Specimen)" xsi:type="CodeRef"/>
                  </codes>
               </expression>
            </source>
            <where localId="122" locator="128:5-128:49" xsi:type="GreaterOrEqual">
               <operand name="ToQuantity" libraryName="FHIRHelpers" xsi:type="FunctionRef">
                  <operand asType="fhir:Quantity" xsi:type="As">
                     <operand localId="120" locator="128:11-128:27" path="value" scope="Observation" xsi:type="Property"/>
                  </operand>
               </operand>
               <operand localId="121" locator="128:32-128:49" value="1000" unit="{copies}/mL" xsi:type="Quantity"/>
            </where>
         </expression>
      </def>
      <def localId="132" locator="130:1-132:25" name="Contact date" context="Patient" accessLevel="Public">
         <annotation xsi:type="a:Annotation">
            <a:s r="132">
               <a:s>define &quot;Contact date&quot;:
  </a:s>
               <a:s r="131">
                  <a:s>
                     <a:s r="126">
                        <a:s r="125">
                           <a:s r="125">
                              <a:s>[Encounter]</a:s>
                           </a:s>
                        </a:s>
                        <a:s> E</a:s>
                     </a:s>
                  </a:s>
                  <a:s>
    </a:s>
                  <a:s r="130">
                     <a:s>return </a:s>
                     <a:s r="129">
                        <a:s r="128">
                           <a:s r="127">
                              <a:s>E</a:s>
                           </a:s>
                           <a:s>.</a:s>
                           <a:s r="128">
                              <a:s>period</a:s>
                           </a:s>
                        </a:s>
                        <a:s>.</a:s>
                        <a:s r="129">
                           <a:s>start</a:s>
                        </a:s>
                     </a:s>
                  </a:s>
               </a:s>
            </a:s>
         </annotation>
         <expression localId="131" locator="131:3-132:25" xsi:type="Query">
            <source localId="126" locator="131:3-131:15" alias="E">
               <expression localId="125" locator="131:3-131:13" dataType="fhir:Encounter" templateId="http://hl7.org/fhir/StructureDefinition/Encounter" xsi:type="Retrieve"/>
            </source>
            <return localId="130" locator="132:5-132:25">
               <expression localId="129" locator="132:12-132:25" path="start" xsi:type="Property">
                  <source localId="128" locator="132:12-132:19" path="period" scope="E" xsi:type="Property"/>
               </expression>
            </return>
         </expression>
      </def>
      <def localId="153" locator="136:1-141:5" name="SDE Sex" context="Patient" accessLevel="Public">
         <annotation xsi:type="a:Annotation">
            <a:s r="153">
               <a:s>define &quot;SDE Sex&quot;:
  </a:s>
               <a:s r="152">
                  <a:s>case
    </a:s>
                  <a:s r="141">
                     <a:s>when </a:s>
                     <a:s r="136">
                        <a:s r="134">
                           <a:s r="133">
                              <a:s>Patient</a:s>
                           </a:s>
                           <a:s>.</a:s>
                           <a:s r="134">
                              <a:s>gender</a:s>
                           </a:s>
                        </a:s>
                        <a:s> = </a:s>
                        <a:s r="135">
                           <a:s>'male'</a:s>
                        </a:s>
                     </a:s>
                     <a:s> then </a:s>
                     <a:s r="140">
                        <a:s>Code { </a:s>
                        <a:s>
                           <a:s>code: </a:s>
                           <a:s r="137">
                              <a:s>'M'</a:s>
                           </a:s>
                        </a:s>
                        <a:s>, </a:s>
                        <a:s>
                           <a:s>system: </a:s>
                           <a:s r="138">
                              <a:s>'http://hl7.org/fhir/administrative-gender'</a:s>
                           </a:s>
                        </a:s>
                        <a:s>, </a:s>
                        <a:s>
                           <a:s>display: </a:s>
                           <a:s r="139">
                              <a:s>'Male'</a:s>
                           </a:s>
                        </a:s>
                        <a:s> }</a:s>
                     </a:s>
                  </a:s>
                  <a:s>
    </a:s>
                  <a:s r="150">
                     <a:s>when </a:s>
                     <a:s r="145">
                        <a:s r="143">
                           <a:s r="142">
                              <a:s>Patient</a:s>
                           </a:s>
                           <a:s>.</a:s>
                           <a:s r="143">
                              <a:s>gender</a:s>
                           </a:s>
                        </a:s>
                        <a:s> = </a:s>
                        <a:s r="144">
                           <a:s>'female'</a:s>
                        </a:s>
                     </a:s>
                     <a:s> then </a:s>
                     <a:s r="149">
                        <a:s>Code { </a:s>
                        <a:s>
                           <a:s>code: </a:s>
                           <a:s r="146">
                              <a:s>'F'</a:s>
                           </a:s>
                        </a:s>
                        <a:s>, </a:s>
                        <a:s>
                           <a:s>system: </a:s>
                           <a:s r="147">
                              <a:s>'http://hl7.org/fhir/administrative-gender'</a:s>
                           </a:s>
                        </a:s>
                        <a:s>, </a:s>
                        <a:s>
                           <a:s>display: </a:s>
                           <a:s r="148">
                              <a:s>'Female'</a:s>
                           </a:s>
                        </a:s>
                        <a:s> }</a:s>
                     </a:s>
                  </a:s>
                  <a:s r="151">
    else null
  end</a:s>
               </a:s>
            </a:s>
         </annotation>
         <expression localId="152" locator="137:3-141:5" xsi:type="Case">
            <caseItem localId="141" locator="138:5-138:126">
               <when localId="136" locator="138:10-138:32" xsi:type="Equal">
                  <operand name="ToString" libraryName="FHIRHelpers" xsi:type="FunctionRef">
                     <operand localId="134" locator="138:10-138:23" path="gender" xsi:type="Property">
                        <source localId="133" locator="138:10-138:16" name="Patient" xsi:type="ExpressionRef"/>
                     </operand>
                  </operand>
                  <operand localId="135" locator="138:27-138:32" valueType="t:String" value="male" xsi:type="Literal"/>
               </when>
               <then localId="140" locator="138:39-138:126" classType="t:Code" xsi:type="Instance">
                  <element name="code">
                     <value localId="137" locator="138:52-138:54" valueType="t:String" value="M" xsi:type="Literal"/>
                  </element>
                  <element name="system">
                     <value localId="138" locator="138:65-138:107" valueType="t:String" value="http://hl7.org/fhir/administrative-gender" xsi:type="Literal"/>
                  </element>
                  <element name="display">
                     <value localId="139" locator="138:119-138:124" valueType="t:String" value="Male" xsi:type="Literal"/>
                  </element>
               </then>
            </caseItem>
            <caseItem localId="150" locator="139:5-139:130">
               <when localId="145" locator="139:10-139:34" xsi:type="Equal">
                  <operand name="ToString" libraryName="FHIRHelpers" xsi:type="FunctionRef">
                     <operand localId="143" locator="139:10-139:23" path="gender" xsi:type="Property">
                        <source localId="142" locator="139:10-139:16" name="Patient" xsi:type="ExpressionRef"/>
                     </operand>
                  </operand>
                  <operand localId="144" locator="139:27-139:34" valueType="t:String" value="female" xsi:type="Literal"/>
               </when>
               <then localId="149" locator="139:41-139:130" classType="t:Code" xsi:type="Instance">
                  <element name="code">
                     <value localId="146" locator="139:54-139:56" valueType="t:String" value="F" xsi:type="Literal"/>
                  </element>
                  <element name="system">
                     <value localId="147" locator="139:67-139:109" valueType="t:String" value="http://hl7.org/fhir/administrative-gender" xsi:type="Literal"/>
                  </element>
                  <element name="display">
                     <value localId="148" locator="139:121-139:128" valueType="t:String" value="Female" xsi:type="Literal"/>
                  </element>
               </then>
            </caseItem>
            <else asType="t:Code" xsi:type="As">
               <operand localId="151" locator="140:10-140:13" xsi:type="Null"/>
            </else>
         </expression>
      </def>
      <def localId="159" locator="147:1-148:23" name="GetId" context="Patient" accessLevel="Public" xsi:type="FunctionDef">
         <annotation xsi:type="a:Annotation">
            <a:s r="159">
               <a:s>define function &quot;GetId&quot;(uri </a:s>
               <a:s r="154">
                  <a:s>String</a:s>
               </a:s>
               <a:s>):
  </a:s>
               <a:s r="158">
                  <a:s r="158">
                     <a:s>Last(</a:s>
                     <a:s r="157">
                        <a:s>Split(</a:s>
                        <a:s r="155">
                           <a:s>uri</a:s>
                        </a:s>
                        <a:s>, </a:s>
                        <a:s r="156">
                           <a:s>'/'</a:s>
                        </a:s>
                        <a:s>)</a:s>
                     </a:s>
                     <a:s>)</a:s>
                  </a:s>
               </a:s>
            </a:s>
         </annotation>
         <expression localId="158" locator="148:3-148:23" xsi:type="Last">
            <source localId="157" locator="148:8-148:22" xsi:type="Split">
               <stringToSplit localId="155" locator="148:14-148:16" name="uri" xsi:type="OperandRef"/>
               <separator localId="156" locator="148:19-148:21" valueType="t:String" value="/" xsi:type="Literal"/>
            </source>
         </expression>
         <operand name="uri">
            <operandTypeSpecifier localId="154" locator="147:29-147:34" name="t:String" xsi:type="NamedTypeSpecifier"/>
         </operand>
      </def>
      <def localId="172" locator="150:1-153:3" name="GetLocation" context="Patient" accessLevel="Public" xsi:type="FunctionDef">
         <annotation xsi:type="a:Annotation">
            <a:s r="172">
               <a:s>define function &quot;GetLocation&quot;(reference </a:s>
               <a:s r="160">
                  <a:s>Reference</a:s>
               </a:s>
               <a:s>):
  </a:s>
               <a:s r="171">
                  <a:s r="171">
                     <a:s>singleton from </a:s>
                     <a:s r="170">
                        <a:s>( </a:s>
                        <a:s r="170">
                           <a:s>
                              <a:s r="162">
                                 <a:s r="161">
                                    <a:s r="161">
                                       <a:s>[Location]</a:s>
                                    </a:s>
                                 </a:s>
                                 <a:s> Location</a:s>
                              </a:s>
                           </a:s>
                           <a:s>
    </a:s>
                           <a:s r="169">
                              <a:s>where </a:s>
                              <a:s r="169">
                                 <a:s r="165">
                                    <a:s r="164">
                                       <a:s r="163">
                                          <a:s>Location</a:s>
                                       </a:s>
                                       <a:s>.</a:s>
                                       <a:s r="164">
                                          <a:s>id</a:s>
                                       </a:s>
                                    </a:s>
                                    <a:s>.</a:s>
                                    <a:s r="165">
                                       <a:s>value</a:s>
                                    </a:s>
                                 </a:s>
                                 <a:s> = </a:s>
                                 <a:s r="168">
                                    <a:s>GetId(</a:s>
                                    <a:s r="167">
                                       <a:s r="166">
                                          <a:s>reference</a:s>
                                       </a:s>
                                       <a:s>.</a:s>
                                       <a:s r="167">
                                          <a:s>reference</a:s>
                                       </a:s>
                                    </a:s>
                                    <a:s>)</a:s>
                                 </a:s>
                              </a:s>
                           </a:s>
                        </a:s>
                        <a:s>
  )</a:s>
                     </a:s>
                  </a:s>
               </a:s>
            </a:s>
         </annotation>
         <expression localId="171" locator="151:3-153:3" xsi:type="SingletonFrom">
            <operand localId="170" locator="151:18-153:3" xsi:type="Query">
               <source localId="162" locator="151:20-151:38" alias="Location">
                  <expression localId="161" locator="151:20-151:29" dataType="fhir:Location" templateId="http://hl7.org/fhir/StructureDefinition/Location" xsi:type="Retrieve"/>
               </source>
               <where localId="169" locator="152:5-152:56" xsi:type="Equal">
                  <operand localId="165" locator="152:11-152:27" path="value" xsi:type="Property">
                     <source localId="164" locator="152:11-152:21" path="id" scope="Location" xsi:type="Property"/>
                  </operand>
                  <operand localId="168" locator="152:31-152:56" name="GetId" xsi:type="FunctionRef">
                     <operand name="ToString" libraryName="FHIRHelpers" xsi:type="FunctionRef">
                        <operand localId="167" locator="152:37-152:55" path="reference" xsi:type="Property">
                           <source localId="166" locator="152:37-152:45" name="reference" xsi:type="OperandRef"/>
                        </operand>
                     </operand>
                  </operand>
               </where>
            </operand>
         </expression>
         <operand name="reference">
            <operandTypeSpecifier localId="160" locator="150:41-150:49" name="fhir:Reference" xsi:type="NamedTypeSpecifier"/>
         </operand>
      </def>
      <def localId="183" locator="155:1-158:3" name="Location" context="Patient" accessLevel="Public">
         <annotation xsi:type="a:Annotation">
            <a:s r="183">
               <a:s>define &quot;Location&quot;:
  </a:s>
               <a:s r="182">
                  <a:s>First(</a:s>
                  <a:s r="181">
                     <a:s>
                        <a:s r="174">
                           <a:s r="173">
                              <a:s r="173">
                                 <a:s>[Encounter]</a:s>
                              </a:s>
                           </a:s>
                           <a:s> E</a:s>
                        </a:s>
                     </a:s>
                     <a:s>
    </a:s>
                     <a:s r="180">
                        <a:s>return </a:s>
                        <a:s r="179">
                           <a:s>&quot;GetLocation&quot;(</a:s>
                           <a:s r="178">
                              <a:s r="177">
                                 <a:s>First(</a:s>
                                 <a:s r="176">
                                    <a:s r="175">
                                       <a:s>E</a:s>
                                    </a:s>
                                    <a:s>.</a:s>
                                    <a:s r="176">
                                       <a:s>location</a:s>
                                    </a:s>
                                 </a:s>
                                 <a:s>)</a:s>
                              </a:s>
                              <a:s>.</a:s>
                              <a:s r="178">
                                 <a:s>location</a:s>
                              </a:s>
                           </a:s>
                           <a:s>)</a:s>
                        </a:s>
                     </a:s>
                  </a:s>
                  <a:s>
  )</a:s>
               </a:s>
            </a:s>
         </annotation>
         <expression localId="182" locator="156:3-158:3" xsi:type="First">
            <source localId="181" locator="156:9-157:52" xsi:type="Query">
               <source localId="174" locator="156:9-156:21" alias="E">
                  <expression localId="173" locator="156:9-156:19" dataType="fhir:Encounter" templateId="http://hl7.org/fhir/StructureDefinition/Encounter" xsi:type="Retrieve"/>
               </source>
               <return localId="180" locator="157:5-157:52">
                  <expression localId="179" locator="157:12-157:52" name="GetLocation" xsi:type="FunctionRef">
                     <operand localId="178" locator="157:26-157:51" path="location" xsi:type="Property">
                        <source localId="177" locator="157:26-157:42" xsi:type="First">
                           <source localId="176" locator="157:32-157:41" path="location" scope="E" xsi:type="Property"/>
                        </source>
                     </operand>
                  </expression>
               </return>
            </source>
         </expression>
      </def>
      <def localId="196" locator="170:1-176:3" name="Most Recent Encounter Location Reference" context="Patient" accessLevel="Public">
         <annotation xsi:type="a:Annotation">
            <a:s r="196">
               <a:s>define &quot;Most Recent Encounter Location Reference&quot;:
  </a:s>
               <a:s r="195">
                  <a:s>Last(</a:s>
                  <a:s r="194">
                     <a:s>
                        <a:s r="185">
                           <a:s r="184">
                              <a:s r="184">
                                 <a:s>[Encounter]</a:s>
                              </a:s>
                           </a:s>
                           <a:s> E</a:s>
                        </a:s>
                     </a:s>
                     <a:s>
    </a:s>
                     <a:s r="193">
                        <a:s>return </a:s>
                        <a:s r="192">
                           <a:s>First(</a:s>
                           <a:s r="191">
                              <a:s>
                                 <a:s r="187">
                                    <a:s r="186">
                                       <a:s>
                                          <a:s>E.location</a:s>
                                       </a:s>
                                    </a:s>
                                    <a:s> L</a:s>
                                 </a:s>
                              </a:s>
                              <a:s>
      </a:s>
                              <a:s r="190">
                                 <a:s>return </a:s>
                                 <a:s r="189">
                                    <a:s r="188">
                                       <a:s>L</a:s>
                                    </a:s>
                                    <a:s>.</a:s>
                                    <a:s r="189">
                                       <a:s>location</a:s>
                                    </a:s>
                                 </a:s>
                              </a:s>
                           </a:s>
                           <a:s>
    )</a:s>
                        </a:s>
                     </a:s>
                  </a:s>
                  <a:s>
      //sort by start of period
  )</a:s>
               </a:s>
            </a:s>
         </annotation>
         <expression localId="195" locator="171:3-176:3" xsi:type="Last">
            <source localId="194" locator="171:8-174:5" xsi:type="Query">
               <source localId="185" locator="171:8-171:20" alias="E">
                  <expression localId="184" locator="171:8-171:18" dataType="fhir:Encounter" templateId="http://hl7.org/fhir/StructureDefinition/Encounter" xsi:type="Retrieve"/>
               </source>
               <return localId="193" locator="172:5-174:5">
                  <expression localId="192" locator="172:12-174:5" xsi:type="First">
                     <source localId="191" locator="172:18-173:23" xsi:type="Query">
                        <source localId="187" locator="172:18-172:29" alias="L">
                           <expression localId="186" locator="172:18-172:27" path="location" scope="E" xsi:type="Property"/>
                        </source>
                        <return localId="190" locator="173:7-173:23">
                           <expression localId="189" locator="173:14-173:23" path="location" scope="L" xsi:type="Property"/>
                        </return>
                     </source>
                  </expression>
               </return>
            </source>
         </expression>
      </def>
      <def localId="227" locator="182:1-189:3" name="Location Code" context="Patient" accessLevel="Public">
         <annotation xsi:type="a:Annotation">
            <a:s r="227">
               <a:s>define &quot;Location Code&quot;:
  </a:s>
               <a:s r="226">
                  <a:s>singleton from </a:s>
                  <a:s r="225">
                     <a:s>( </a:s>
                     <a:s r="225">
                        <a:s>
                           <a:s r="198">
                              <a:s r="197">
                                 <a:s r="197">
                                    <a:s>[Location]</a:s>
                                 </a:s>
                              </a:s>
                              <a:s> L</a:s>
                           </a:s>
                        </a:s>
                        <a:s>
    </a:s>
                        <a:s>
                           <a:s>let </a:s>
                           <a:s r="207">
                              <a:s>identifier: </a:s>
                              <a:s r="206">
                                 <a:s>singleton from </a:s>
                                 <a:s r="205">
                                    <a:s>( </a:s>
                                    <a:s r="205">
                                       <a:s>
                                          <a:s r="200">
                                             <a:s r="199">
                                                <a:s>
                                                   <a:s>L.identifier</a:s>
                                                </a:s>
                                             </a:s>
                                             <a:s> I</a:s>
                                          </a:s>
                                       </a:s>
                                       <a:s>
        </a:s>
                                       <a:s r="204">
                                          <a:s>where </a:s>
                                          <a:s r="204">
                                             <a:s r="202">
                                                <a:s r="201">
                                                   <a:s>I</a:s>
                                                </a:s>
                                                <a:s>.</a:s>
                                                <a:s r="202">
                                                   <a:s>system</a:s>
                                                </a:s>
                                             </a:s>
                                             <a:s> = </a:s>
                                             <a:s r="203">
                                                <a:s>'https://github.com/synthetichealth/synthea'</a:s>
                                             </a:s>
                                          </a:s>
                                       </a:s>
                                    </a:s>
                                    <a:s>
    )</a:s>
                                 </a:s>
                              </a:s>
                           </a:s>
                        </a:s>
                        <a:s>
    </a:s>
                        <a:s r="215">
                           <a:s>where </a:s>
                           <a:s r="215">
                              <a:s r="209">
                                 <a:s r="208">
                                    <a:s>L</a:s>
                                 </a:s>
                                 <a:s>.</a:s>
                                 <a:s r="209">
                                    <a:s>id</a:s>
                                 </a:s>
                              </a:s>
                              <a:s> = </a:s>
                              <a:s r="214">
                                 <a:s>Last(</a:s>
                                 <a:s r="213">
                                    <a:s>Split(</a:s>
                                    <a:s r="211">
                                       <a:s r="210">
                                          <a:s>&quot;Most Recent Encounter Location Reference&quot;</a:s>
                                       </a:s>
                                       <a:s>.</a:s>
                                       <a:s r="211">
                                          <a:s>reference</a:s>
                                       </a:s>
                                    </a:s>
                                    <a:s>, </a:s>
                                    <a:s r="212">
                                       <a:s>'/'</a:s>
                                    </a:s>
                                    <a:s>)</a:s>
                                 </a:s>
                                 <a:s>)</a:s>
                              </a:s>
                           </a:s>
                        </a:s>
                        <a:s>
    </a:s>
                        <a:s r="224">
                           <a:s>return </a:s>
                           <a:s r="223">
                              <a:s>CodeableConcept { </a:s>
                              <a:s>
                                 <a:s>coding: </a:s>
                                 <a:s r="222">
                                    <a:s>{ </a:s>
                                    <a:s r="221">
                                       <a:s>Coding { </a:s>
                                       <a:s>
                                          <a:s>code: </a:s>
                                          <a:s r="218">
                                             <a:s>code { </a:s>
                                             <a:s>
                                                <a:s>value: </a:s>
                                                <a:s r="217">
                                                   <a:s r="216">
                                                      <a:s>identifier</a:s>
                                                   </a:s>
                                                   <a:s>.</a:s>
                                                   <a:s r="217">
                                                      <a:s>value</a:s>
                                                   </a:s>
                                                </a:s>
                                             </a:s>
                                             <a:s> }</a:s>
                                          </a:s>
                                       </a:s>
                                       <a:s>, </a:s>
                                       <a:s>
                                          <a:s>system: </a:s>
                                          <a:s r="220">
                                             <a:s r="219">
                                                <a:s>identifier</a:s>
                                             </a:s>
                                             <a:s>.</a:s>
                                             <a:s r="220">
                                                <a:s>system</a:s>
                                             </a:s>
                                          </a:s>
                                       </a:s>
                                       <a:s> }</a:s>
                                    </a:s>
                                    <a:s> }</a:s>
                                 </a:s>
                              </a:s>
                              <a:s> }</a:s>
                           </a:s>
                        </a:s>
                     </a:s>
                     <a:s>
  )</a:s>
                  </a:s>
               </a:s>
            </a:s>
         </annotation>
         <expression localId="226" locator="183:3-189:3" xsi:type="SingletonFrom">
            <operand localId="225" locator="183:18-189:3" xsi:type="Query">
               <source localId="198" locator="183:20-183:31" alias="L">
                  <expression localId="197" locator="183:20-183:29" dataType="fhir:Location" templateId="http://hl7.org/fhir/StructureDefinition/Location" xsi:type="Retrieve"/>
               </source>
               <let localId="207" locator="184:9-186:5" identifier="identifier">
                  <expression localId="206" locator="184:21-186:5" xsi:type="SingletonFrom">
                     <operand localId="205" locator="184:36-186:5" xsi:type="Query">
                        <source localId="200" locator="184:38-184:51" alias="I">
                           <expression localId="199" locator="184:38-184:49" path="identifier" scope="L" xsi:type="Property"/>
                        </source>
                        <where localId="204" locator="185:9-185:69" xsi:type="Equal">
                           <operand name="ToString" libraryName="FHIRHelpers" xsi:type="FunctionRef">
                              <operand localId="202" locator="185:15-185:22" path="system" scope="I" xsi:type="Property"/>
                           </operand>
                           <operand localId="203" locator="185:26-185:69" valueType="t:String" value="https://github.com/synthetichealth/synthea" xsi:type="Literal"/>
                        </where>
                     </operand>
                  </expression>
               </let>
               <where localId="215" locator="187:5-187:87" xsi:type="Equal">
                  <operand name="ToString" libraryName="FHIRHelpers" xsi:type="FunctionRef">
                     <operand localId="209" locator="187:11-187:14" path="id" scope="L" xsi:type="Property"/>
                  </operand>
                  <operand localId="214" locator="187:18-187:87" xsi:type="Last">
                     <source localId="213" locator="187:23-187:86" xsi:type="Split">
                        <stringToSplit name="ToString" libraryName="FHIRHelpers" xsi:type="FunctionRef">
                           <operand localId="211" locator="187:29-187:80" path="reference" xsi:type="Property">
                              <source localId="210" locator="187:29-187:70" name="Most Recent Encounter Location Reference" xsi:type="ExpressionRef"/>
                           </operand>
                        </stringToSplit>
                        <separator localId="212" locator="187:83-187:85" valueType="t:String" value="/" xsi:type="Literal"/>
                     </source>
                  </operand>
               </where>
               <return localId="224" locator="188:5-188:119">
                  <expression localId="223" locator="188:12-188:119" classType="fhir:CodeableConcept" xsi:type="Instance">
                     <element name="coding">
                        <value localId="222" locator="188:38-188:117" xsi:type="List">
                           <element localId="221" locator="188:40-188:115" classType="fhir:Coding" xsi:type="Instance">
                              <element name="code">
                                 <value localId="218" locator="188:55-188:86" classType="fhir:code" xsi:type="Instance">
                                    <element name="value">
                                       <value name="ToString" libraryName="FHIRHelpers" xsi:type="FunctionRef">
                                          <operand localId="217" locator="188:69-188:84" path="value" xsi:type="Property">
                                             <source localId="216" locator="188:69-188:78" name="identifier" xsi:type="QueryLetRef"/>
                                          </operand>
                                       </value>
                                    </element>
                                 </value>
                              </element>
                              <element name="system">
                                 <value localId="220" locator="188:97-188:113" path="system" xsi:type="Property">
                                    <source localId="219" locator="188:97-188:106" name="identifier" xsi:type="QueryLetRef"/>
                                 </value>
                              </element>
                           </element>
                        </value>
                     </element>
                  </expression>
               </return>
            </operand>
         </expression>
      </def>
      <def localId="253" locator="191:1-196:3" name="Location Code Deux" context="Patient" accessLevel="Public">
         <annotation xsi:type="a:Annotation">
            <a:s r="253">
               <a:s>define &quot;Location Code Deux&quot;:
  </a:s>
               <a:s r="252">
                  <a:s>singleton from </a:s>
                  <a:s r="251">
                     <a:s>( </a:s>
                     <a:s r="251">
                        <a:s>
                           <a:s r="229">
                              <a:s r="228">
                                 <a:s r="228">
                                    <a:s>[Location]</a:s>
                                 </a:s>
                              </a:s>
                              <a:s> L</a:s>
                           </a:s>
                        </a:s>
                        <a:s>
    </a:s>
                        <a:s>
                           <a:s>let </a:s>
                           <a:s r="233">
                              <a:s>identifier: </a:s>
                              <a:s r="232">
                                 <a:s>singleton from </a:s>
                                 <a:s r="231">
                                    <a:s>( </a:s>
                                    <a:s r="231">
                                       <a:s r="230">
                                          <a:s>L</a:s>
                                       </a:s>
                                       <a:s>.</a:s>
                                       <a:s r="231">
                                          <a:s>identifier</a:s>
                                       </a:s>
                                    </a:s>
                                    <a:s> )</a:s>
                                 </a:s>
                              </a:s>
                           </a:s>
                        </a:s>
                        <a:s>
    </a:s>
                        <a:s r="241">
                           <a:s>where </a:s>
                           <a:s r="241">
                              <a:s r="235">
                                 <a:s r="234">
                                    <a:s>L</a:s>
                                 </a:s>
                                 <a:s>.</a:s>
                                 <a:s r="235">
                                    <a:s>id</a:s>
                                 </a:s>
                              </a:s>
                              <a:s> = </a:s>
                              <a:s r="240">
                                 <a:s>Last(</a:s>
                                 <a:s r="239">
                                    <a:s>Split(</a:s>
                                    <a:s r="237">
                                       <a:s r="236">
                                          <a:s>&quot;Most Recent Encounter Location Reference&quot;</a:s>
                                       </a:s>
                                       <a:s>.</a:s>
                                       <a:s r="237">
                                          <a:s>reference</a:s>
                                       </a:s>
                                    </a:s>
                                    <a:s>, </a:s>
                                    <a:s r="238">
                                       <a:s>'/'</a:s>
                                    </a:s>
                                    <a:s>)</a:s>
                                 </a:s>
                                 <a:s>)</a:s>
                              </a:s>
                           </a:s>
                        </a:s>
                        <a:s>
    </a:s>
                        <a:s r="250">
                           <a:s>return </a:s>
                           <a:s r="249">
                              <a:s>CodeableConcept { </a:s>
                              <a:s>
                                 <a:s>coding: </a:s>
                                 <a:s r="248">
                                    <a:s>{ </a:s>
                                    <a:s r="247">
                                       <a:s>Coding { </a:s>
                                       <a:s>
                                          <a:s>code: </a:s>
                                          <a:s r="244">
                                             <a:s>code { </a:s>
                                             <a:s>
                                                <a:s>value: </a:s>
                                                <a:s r="243">
                                                   <a:s r="242">
                                                      <a:s>identifier</a:s>
                                                   </a:s>
                                                   <a:s>.</a:s>
                                                   <a:s r="243">
                                                      <a:s>value</a:s>
                                                   </a:s>
                                                </a:s>
                                             </a:s>
                                             <a:s> }</a:s>
                                          </a:s>
                                       </a:s>
                                       <a:s>, </a:s>
                                       <a:s>
                                          <a:s>system: </a:s>
                                          <a:s r="246">
                                             <a:s r="245">
                                                <a:s>identifier</a:s>
                                             </a:s>
                                             <a:s>.</a:s>
                                             <a:s r="246">
                                                <a:s>system</a:s>
                                             </a:s>
                                          </a:s>
                                       </a:s>
                                       <a:s> }</a:s>
                                    </a:s>
                                    <a:s> }</a:s>
                                 </a:s>
                              </a:s>
                              <a:s> }</a:s>
                           </a:s>
                        </a:s>
                     </a:s>
                     <a:s>
  )</a:s>
                  </a:s>
               </a:s>
            </a:s>
         </annotation>
         <expression localId="252" locator="192:3-196:3" xsi:type="SingletonFrom">
            <operand localId="251" locator="192:18-196:3" xsi:type="Query">
               <source localId="229" locator="192:20-192:31" alias="L">
                  <expression localId="228" locator="192:20-192:29" dataType="fhir:Location" templateId="http://hl7.org/fhir/StructureDefinition/Location" xsi:type="Retrieve"/>
               </source>
               <let localId="233" locator="193:9-193:51" identifier="identifier">
                  <expression localId="232" locator="193:21-193:51" xsi:type="SingletonFrom">
                     <operand localId="231" locator="193:36-193:51" path="identifier" scope="L" xsi:type="Property"/>
                  </expression>
               </let>
               <where localId="241" locator="194:5-194:87" xsi:type="Equal">
                  <operand name="ToString" libraryName="FHIRHelpers" xsi:type="FunctionRef">
                     <operand localId="235" locator="194:11-194:14" path="id" scope="L" xsi:type="Property"/>
                  </operand>
                  <operand localId="240" locator="194:18-194:87" xsi:type="Last">
                     <source localId="239" locator="194:23-194:86" xsi:type="Split">
                        <stringToSplit name="ToString" libraryName="FHIRHelpers" xsi:type="FunctionRef">
                           <operand localId="237" locator="194:29-194:80" path="reference" xsi:type="Property">
                              <source localId="236" locator="194:29-194:70" name="Most Recent Encounter Location Reference" xsi:type="ExpressionRef"/>
                           </operand>
                        </stringToSplit>
                        <separator localId="238" locator="194:83-194:85" valueType="t:String" value="/" xsi:type="Literal"/>
                     </source>
                  </operand>
               </where>
               <return localId="250" locator="195:5-195:119">
                  <expression localId="249" locator="195:12-195:119" classType="fhir:CodeableConcept" xsi:type="Instance">
                     <element name="coding">
                        <value localId="248" locator="195:38-195:117" xsi:type="List">
                           <element localId="247" locator="195:40-195:115" classType="fhir:Coding" xsi:type="Instance">
                              <element name="code">
                                 <value localId="244" locator="195:55-195:86" classType="fhir:code" xsi:type="Instance">
                                    <element name="value">
                                       <value name="ToString" libraryName="FHIRHelpers" xsi:type="FunctionRef">
                                          <operand localId="243" locator="195:69-195:84" path="value" xsi:type="Property">
                                             <source localId="242" locator="195:69-195:78" name="identifier" xsi:type="QueryLetRef"/>
                                          </operand>
                                       </value>
                                    </element>
                                 </value>
                              </element>
                              <element name="system">
                                 <value localId="246" locator="195:97-195:113" path="system" xsi:type="Property">
                                    <source localId="245" locator="195:97-195:106" name="identifier" xsi:type="QueryLetRef"/>
                                 </value>
                              </element>
                           </element>
                        </value>
                     </element>
                  </expression>
               </return>
            </operand>
         </expression>
      </def>
      <def localId="262" locator="199:1-202:3" name="Stratifier Has Observation with Code" context="Patient" accessLevel="Public">
         <annotation xsi:type="a:Annotation">
            <a:s r="262">
               <a:s>define &quot;Stratifier Has Observation with Code&quot;:
  </a:s>
               <a:s r="261">
                  <a:s>exists </a:s>
                  <a:s r="260">
                     <a:s>( </a:s>
                     <a:s r="260">
                        <a:s>
                           <a:s r="255">
                              <a:s r="254">
                                 <a:s r="254">
                                    <a:s>[Observation]</a:s>
                                 </a:s>
                              </a:s>
                              <a:s> O</a:s>
                           </a:s>
                        </a:s>
                        <a:s>
    </a:s>
                        <a:s r="259">
                           <a:s>where </a:s>
                           <a:s r="259">
                              <a:s r="257">
                                 <a:s r="256">
                                    <a:s>O</a:s>
                                 </a:s>
                                 <a:s>.</a:s>
                                 <a:s r="257">
                                    <a:s>code</a:s>
                                 </a:s>
                              </a:s>
                              <a:s> in </a:s>
                              <a:s r="258">
                                 <a:s>&quot;LocationVS&quot;</a:s>
                              </a:s>
                           </a:s>
                        </a:s>
                     </a:s>
                     <a:s>
  )</a:s>
                  </a:s>
               </a:s>
            </a:s>
         </annotation>
         <expression localId="261" locator="200:3-202:3" xsi:type="Exists">
            <operand localId="260" locator="200:10-202:3" xsi:type="Query">
               <source localId="255" locator="200:12-200:26" alias="O">
                  <expression localId="254" locator="200:12-200:24" dataType="fhir:Observation" templateId="http://hl7.org/fhir/StructureDefinition/Observation" xsi:type="Retrieve"/>
               </source>
               <where localId="259" locator="201:5-201:32" xsi:type="InValueSet">
                  <code name="ToConcept" libraryName="FHIRHelpers" xsi:type="FunctionRef">
                     <operand localId="257" locator="201:11-201:16" path="code" scope="O" xsi:type="Property"/>
                  </code>
                  <valueset localId="258" locator="201:21-201:32" name="LocationVS" xsi:type="ValueSetRef"/>
               </where>
            </operand>
         </expression>
      </def>
      <def localId="275" locator="215:1-216:124" name="HIVVS_SYS" context="Patient" accessLevel="Public" xsi:type="FunctionDef">
         <annotation xsi:type="a:Annotation">
            <a:s r="275">
               <a:s>define function HIVVS_SYS(identifiers </a:s>
               <a:s r="264">
                  <a:s>List&lt;</a:s>
                  <a:s r="263">
                     <a:s>Identifier</a:s>
                  </a:s>
                  <a:s>></a:s>
               </a:s>
               <a:s>):
  </a:s>
               <a:s r="274">
                  <a:s r="274">
                     <a:s>singleton from </a:s>
                     <a:s r="273">
                        <a:s>(</a:s>
                        <a:s r="273">
                           <a:s>
                              <a:s r="266">
                                 <a:s r="265">
                                    <a:s>
                                       <a:s>identifiers</a:s>
                                    </a:s>
                                 </a:s>
                                 <a:s> I</a:s>
                              </a:s>
                           </a:s>
                           <a:s> </a:s>
                           <a:s r="270">
                              <a:s>where </a:s>
                              <a:s r="270">
                                 <a:s r="268">
                                    <a:s r="267">
                                       <a:s>I</a:s>
                                    </a:s>
                                    <a:s>.</a:s>
                                    <a:s r="268">
                                       <a:s>system</a:s>
                                    </a:s>
                                 </a:s>
                                 <a:s> = </a:s>
                                 <a:s r="269">
                                    <a:s>'https://intrahealth.github.io/simple-hiv-ig/ValueSet/LocationVS'</a:s>
                                 </a:s>
                              </a:s>
                           </a:s>
                           <a:s> </a:s>
                           <a:s r="272">
                              <a:s>return </a:s>
                              <a:s r="271">
                                 <a:s>I</a:s>
                              </a:s>
                           </a:s>
                        </a:s>
                        <a:s>)</a:s>
                     </a:s>
                  </a:s>
               </a:s>
            </a:s>
         </annotation>
         <expression localId="274" locator="216:3-216:124" xsi:type="SingletonFrom">
            <operand localId="273" locator="216:18-216:124" xsi:type="Query">
               <source localId="266" locator="216:19-216:31" alias="I">
                  <expression localId="265" locator="216:19-216:29" name="identifiers" xsi:type="OperandRef"/>
               </source>
               <where localId="270" locator="216:33-216:114" xsi:type="Equal">
                  <operand name="ToString" libraryName="FHIRHelpers" xsi:type="FunctionRef">
                     <operand localId="268" locator="216:39-216:46" path="system" scope="I" xsi:type="Property"/>
                  </operand>
                  <operand localId="269" locator="216:50-216:114" valueType="t:String" value="https://intrahealth.github.io/simple-hiv-ig/ValueSet/LocationVS" xsi:type="Literal"/>
               </where>
               <return localId="272" locator="216:116-216:123">
                  <expression localId="271" locator="216:123" name="I" xsi:type="AliasRef"/>
               </return>
            </operand>
         </expression>
         <operand name="identifiers">
            <operandTypeSpecifier localId="264" locator="215:39-215:54" xsi:type="ListTypeSpecifier">
               <elementType localId="263" locator="215:44-215:53" name="fhir:Identifier" xsi:type="NamedTypeSpecifier"/>
            </operandTypeSpecifier>
         </operand>
      </def>
      <def localId="287" locator="218:1-221:117" name="HIVVS_SYS_VAL" context="Patient" accessLevel="Public">
         <annotation xsi:type="a:Annotation">
            <a:s r="287">
               <a:s>define HIVVS_SYS_VAL:
	</a:s>
               <a:s r="286">
                  <a:s r="285">
                     <a:s r="284">
                        <a:s>(</a:s>
                        <a:s r="284">
                           <a:s>singleton from </a:s>
                           <a:s r="283">
                              <a:s>(
  	</a:s>
                              <a:s r="283">
                                 <a:s>
                                    <a:s r="277">
                                       <a:s r="276">
                                          <a:s>
                                             <a:s>Location.identifier</a:s>
                                          </a:s>
                                       </a:s>
                                       <a:s> identifier</a:s>
                                    </a:s>
                                 </a:s>
                                 <a:s>
   	  </a:s>
                                 <a:s r="282">
                                    <a:s>where </a:s>
                                    <a:s r="282">
                                       <a:s r="280">
                                          <a:s r="279">
                                             <a:s r="278">
                                                <a:s>identifier</a:s>
                                             </a:s>
                                             <a:s>.</a:s>
                                             <a:s r="279">
                                                <a:s>system</a:s>
                                             </a:s>
                                          </a:s>
                                          <a:s>.</a:s>
                                          <a:s r="280">
                                             <a:s>value</a:s>
                                          </a:s>
                                       </a:s>
                                       <a:s> = </a:s>
                                       <a:s r="281">
                                          <a:s>'https://intrahealth.github.io/simple-hiv-ig/ValueSet/LocationVS'</a:s>
                                       </a:s>
                                    </a:s>
                                 </a:s>
                              </a:s>
                              <a:s>)</a:s>
                           </a:s>
                        </a:s>
                        <a:s>)</a:s>
                     </a:s>
                     <a:s>.</a:s>
                     <a:s r="285">
                        <a:s>value</a:s>
                     </a:s>
                  </a:s>
                  <a:s>.</a:s>
                  <a:s r="286">
                     <a:s>value</a:s>
                  </a:s>
               </a:s>
            </a:s>
         </annotation>
         <expression localId="286" locator="219:2-221:117" path="value" xsi:type="Property">
            <source localId="285" locator="219:2-221:111" path="value" xsi:type="Property">
               <source localId="284" locator="219:2-221:105" xsi:type="SingletonFrom">
                  <operand localId="283" locator="219:18-221:104" xsi:type="Query">
                     <source localId="277" locator="220:4-220:33" alias="identifier">
                        <expression localId="276" locator="220:4-220:22" path="identifier" xsi:type="Property">
                           <source name="Location" xsi:type="ExpressionRef"/>
                        </expression>
                     </source>
                     <where localId="282" locator="221:7-221:103" xsi:type="Equal">
                        <operand localId="280" locator="221:13-221:35" path="value" xsi:type="Property">
                           <source localId="279" locator="221:13-221:29" path="system" scope="identifier" xsi:type="Property"/>
                        </operand>
                        <operand localId="281" locator="221:39-221:103" valueType="t:String" value="https://intrahealth.github.io/simple-hiv-ig/ValueSet/LocationVS" xsi:type="Literal"/>
                     </where>
                  </operand>
               </source>
            </source>
         </expression>
      </def>
   </statements>
</library>
