{
  "library" : {
    "type" : "Library",
    "identifier" : {
      "type" : "VersionedIdentifier",
      "id" : "HIVSimpleGender",
      "system" : "https://github.com/intrahealth/simple-hiv-ig",
      "version" : "0.1.0"
    },
    "schemaIdentifier" : {
      "type" : "VersionedIdentifier",
      "id" : "urn:hl7-org:elm",
      "version" : "r1"
    },
    "usings" : {
      "type" : "Library$Usings",
      "def" : [ {
        "type" : "UsingDef",
        "localIdentifier" : "System",
        "uri" : "urn:hl7-org:elm-types:r1"
      }, {
        "type" : "UsingDef",
        "annotation" : [ {
          "s" : {
            "s" : [ {
              "name" : "{urn:hl7-org:cql-annotations:r1}s",
              "declaredType" : "org.hl7.cql_annotations.r1.Narrative",
              "scope" : "javax.xml.bind.JAXBElement$GlobalScope",
              "value" : {
                "s" : [ "using ", "FHIR", " version ", "'4.0.1'" ]
              },
              "globalScope" : true
            } ],
            "r" : "1"
          }
        } ],
        "localId" : "1",
        "locator" : "3:1-3:26",
        "localIdentifier" : "FHIR",
        "uri" : "http://hl7.org/fhir",
        "version" : "4.0.1"
      } ]
    },
    "includes" : {
      "type" : "Library$Includes",
      "def" : [ {
        "type" : "IncludeDef",
        "annotation" : [ {
          "s" : {
            "s" : [ {
              "name" : "{urn:hl7-org:cql-annotations:r1}s",
              "declaredType" : "org.hl7.cql_annotations.r1.Narrative",
              "scope" : "javax.xml.bind.JAXBElement$GlobalScope",
              "value" : {
                "s" : [ "include " ]
              },
              "globalScope" : true
            }, {
              "name" : "{urn:hl7-org:cql-annotations:r1}s",
              "declaredType" : "org.hl7.cql_annotations.r1.Narrative",
              "scope" : "javax.xml.bind.JAXBElement$GlobalScope",
              "value" : {
                "s" : [ {
                  "name" : "{urn:hl7-org:cql-annotations:r1}s",
                  "declaredType" : "org.hl7.cql_annotations.r1.Narrative",
                  "scope" : "javax.xml.bind.JAXBElement$GlobalScope",
                  "value" : {
                    "s" : [ "FHIRHelpers" ]
                  },
                  "globalScope" : true
                } ]
              },
              "globalScope" : true
            }, {
              "name" : "{urn:hl7-org:cql-annotations:r1}s",
              "declaredType" : "org.hl7.cql_annotations.r1.Narrative",
              "scope" : "javax.xml.bind.JAXBElement$GlobalScope",
              "value" : {
                "s" : [ " version ", "'4.0.1'" ]
              },
              "globalScope" : true
            } ],
            "r" : "2"
          }
        } ],
        "localId" : "2",
        "locator" : "5:1-5:35",
        "localIdentifier" : "FHIRHelpers",
        "path" : "https://github.com/intrahealth/simple-hiv-ig/FHIRHelpers",
        "version" : "4.0.1"
      }, {
        "type" : "IncludeDef",
        "annotation" : [ {
          "s" : {
            "s" : [ {
              "name" : "{urn:hl7-org:cql-annotations:r1}s",
              "declaredType" : "org.hl7.cql_annotations.r1.Narrative",
              "scope" : "javax.xml.bind.JAXBElement$GlobalScope",
              "value" : {
                "s" : [ "include " ]
              },
              "globalScope" : true
            }, {
              "name" : "{urn:hl7-org:cql-annotations:r1}s",
              "declaredType" : "org.hl7.cql_annotations.r1.Narrative",
              "scope" : "javax.xml.bind.JAXBElement$GlobalScope",
              "value" : {
                "s" : [ {
                  "name" : "{urn:hl7-org:cql-annotations:r1}s",
                  "declaredType" : "org.hl7.cql_annotations.r1.Narrative",
                  "scope" : "javax.xml.bind.JAXBElement$GlobalScope",
                  "value" : {
                    "s" : [ "FHIRCommon" ]
                  },
                  "globalScope" : true
                } ]
              },
              "globalScope" : true
            }, {
              "name" : "{urn:hl7-org:cql-annotations:r1}s",
              "declaredType" : "org.hl7.cql_annotations.r1.Narrative",
              "scope" : "javax.xml.bind.JAXBElement$GlobalScope",
              "value" : {
                "s" : [ " version ", "'0.1.0'", " called ", "FC" ]
              },
              "globalScope" : true
            } ],
            "r" : "3"
          }
        } ],
        "localId" : "3",
        "locator" : "6:1-6:44",
        "localIdentifier" : "FC",
        "path" : "https://github.com/intrahealth/simple-hiv-ig/FHIRCommon",
        "version" : "0.1.0"
      } ]
    },
    "codeSystems" : {
      "type" : "Library$CodeSystems",
      "def" : [ {
        "type" : "CodeSystemDef",
        "annotation" : [ {
          "s" : {
            "s" : [ {
              "name" : "{urn:hl7-org:cql-annotations:r1}s",
              "declaredType" : "org.hl7.cql_annotations.r1.Narrative",
              "scope" : "javax.xml.bind.JAXBElement$GlobalScope",
              "value" : {
                "s" : [ "codesystem ", "\"SNOMED-CT\"", ": ", "'http://snomed.info/sct'", " version ", "'http://snomed.info/sct/900000000000207008'" ]
              },
              "globalScope" : true
            } ],
            "r" : "4"
          }
        } ],
        "localId" : "4",
        "locator" : "10:1-10:100",
        "name" : "SNOMED-CT",
        "id" : "http://snomed.info/sct",
        "version" : "http://snomed.info/sct/900000000000207008",
        "accessLevel" : "Public"
      }, {
        "type" : "CodeSystemDef",
        "annotation" : [ {
          "s" : {
            "s" : [ {
              "name" : "{urn:hl7-org:cql-annotations:r1}s",
              "declaredType" : "org.hl7.cql_annotations.r1.Narrative",
              "scope" : "javax.xml.bind.JAXBElement$GlobalScope",
              "value" : {
                "s" : [ "codesystem ", "\"LOINC\"", ": ", "'http://loinc.org'" ]
              },
              "globalScope" : true
            } ],
            "r" : "5"
          }
        } ],
        "localId" : "5",
        "locator" : "13:1-13:38",
        "name" : "LOINC",
        "id" : "http://loinc.org",
        "accessLevel" : "Public"
      } ]
    },
    "contexts" : {
      "type" : "Library$Contexts",
      "def" : [ {
        "type" : "ContextDef",
        "locator" : "15:1-15:15",
        "name" : "Patient"
      } ]
    },
    "statements" : {
      "type" : "Library$Statements",
      "def" : [ {
        "type" : "ExpressionDef",
        "expression" : {
          "type" : "SingletonFrom",
          "operand" : {
            "type" : "Retrieve",
            "locator" : "15:1-15:15",
            "dataType" : "{http://hl7.org/fhir}Patient",
            "templateId" : "http://hl7.org/fhir/StructureDefinition/Patient"
          }
        },
        "locator" : "15:1-15:15",
        "name" : "Patient",
        "context" : "Patient"
      }, {
        "type" : "ExpressionDef",
        "expression" : {
          "type" : "Property",
          "source" : {
            "type" : "ExpressionRef",
            "localId" : "6",
            "locator" : "17:15-17:21",
            "name" : "Patient"
          },
          "localId" : "7",
          "locator" : "17:15-17:28",
          "path" : "gender"
        },
        "annotation" : [ {
          "s" : {
            "s" : [ {
              "name" : "{urn:hl7-org:cql-annotations:r1}s",
              "declaredType" : "org.hl7.cql_annotations.r1.Narrative",
              "scope" : "javax.xml.bind.JAXBElement$GlobalScope",
              "value" : {
                "s" : [ "define ", "\"Sex\"", ": " ]
              },
              "globalScope" : true
            }, {
              "name" : "{urn:hl7-org:cql-annotations:r1}s",
              "declaredType" : "org.hl7.cql_annotations.r1.Narrative",
              "scope" : "javax.xml.bind.JAXBElement$GlobalScope",
              "value" : {
                "s" : [ {
                  "name" : "{urn:hl7-org:cql-annotations:r1}s",
                  "declaredType" : "org.hl7.cql_annotations.r1.Narrative",
                  "scope" : "javax.xml.bind.JAXBElement$GlobalScope",
                  "value" : {
                    "s" : [ {
                      "name" : "{urn:hl7-org:cql-annotations:r1}s",
                      "declaredType" : "org.hl7.cql_annotations.r1.Narrative",
                      "scope" : "javax.xml.bind.JAXBElement$GlobalScope",
                      "value" : {
                        "s" : [ "Patient" ]
                      },
                      "globalScope" : true
                    } ],
                    "r" : "6"
                  },
                  "globalScope" : true
                }, {
                  "name" : "{urn:hl7-org:cql-annotations:r1}s",
                  "declaredType" : "org.hl7.cql_annotations.r1.Narrative",
                  "scope" : "javax.xml.bind.JAXBElement$GlobalScope",
                  "value" : {
                    "s" : [ "." ]
                  },
                  "globalScope" : true
                }, {
                  "name" : "{urn:hl7-org:cql-annotations:r1}s",
                  "declaredType" : "org.hl7.cql_annotations.r1.Narrative",
                  "scope" : "javax.xml.bind.JAXBElement$GlobalScope",
                  "value" : {
                    "s" : [ {
                      "name" : "{urn:hl7-org:cql-annotations:r1}s",
                      "declaredType" : "org.hl7.cql_annotations.r1.Narrative",
                      "scope" : "javax.xml.bind.JAXBElement$GlobalScope",
                      "value" : {
                        "s" : [ "gender" ]
                      },
                      "globalScope" : true
                    } ],
                    "r" : "7"
                  },
                  "globalScope" : true
                } ],
                "r" : "7"
              },
              "globalScope" : true
            } ],
            "r" : "8"
          }
        } ],
        "localId" : "8",
        "locator" : "17:1-17:28",
        "name" : "Sex",
        "context" : "Patient",
        "accessLevel" : "Public"
      }, {
        "type" : "ExpressionDef",
        "expression" : {
          "type" : "Equal",
          "operand" : [ {
            "type" : "FunctionRef",
            "operand" : [ {
              "type" : "Property",
              "source" : {
                "type" : "ExpressionRef",
                "localId" : "9",
                "locator" : "20:3-20:9",
                "name" : "Patient"
              },
              "localId" : "10",
              "locator" : "20:3-20:16",
              "path" : "gender"
            } ],
            "name" : "ToString",
            "libraryName" : "FHIRHelpers"
          }, {
            "type" : "Literal",
            "localId" : "11",
            "locator" : "20:20-20:27",
            "valueType" : "{urn:hl7-org:elm-types:r1}String",
            "value" : "female"
          } ],
          "localId" : "12",
          "locator" : "20:3-20:27"
        },
        "annotation" : [ {
          "s" : {
            "s" : [ {
              "name" : "{urn:hl7-org:cql-annotations:r1}s",
              "declaredType" : "org.hl7.cql_annotations.r1.Narrative",
              "scope" : "javax.xml.bind.JAXBElement$GlobalScope",
              "value" : {
                "s" : [ "define ", "\"Female\"", ":\n  " ]
              },
              "globalScope" : true
            }, {
              "name" : "{urn:hl7-org:cql-annotations:r1}s",
              "declaredType" : "org.hl7.cql_annotations.r1.Narrative",
              "scope" : "javax.xml.bind.JAXBElement$GlobalScope",
              "value" : {
                "s" : [ {
                  "name" : "{urn:hl7-org:cql-annotations:r1}s",
                  "declaredType" : "org.hl7.cql_annotations.r1.Narrative",
                  "scope" : "javax.xml.bind.JAXBElement$GlobalScope",
                  "value" : {
                    "s" : [ {
                      "name" : "{urn:hl7-org:cql-annotations:r1}s",
                      "declaredType" : "org.hl7.cql_annotations.r1.Narrative",
                      "scope" : "javax.xml.bind.JAXBElement$GlobalScope",
                      "value" : {
                        "s" : [ {
                          "name" : "{urn:hl7-org:cql-annotations:r1}s",
                          "declaredType" : "org.hl7.cql_annotations.r1.Narrative",
                          "scope" : "javax.xml.bind.JAXBElement$GlobalScope",
                          "value" : {
                            "s" : [ "Patient" ]
                          },
                          "globalScope" : true
                        } ],
                        "r" : "9"
                      },
                      "globalScope" : true
                    }, {
                      "name" : "{urn:hl7-org:cql-annotations:r1}s",
                      "declaredType" : "org.hl7.cql_annotations.r1.Narrative",
                      "scope" : "javax.xml.bind.JAXBElement$GlobalScope",
                      "value" : {
                        "s" : [ "." ]
                      },
                      "globalScope" : true
                    }, {
                      "name" : "{urn:hl7-org:cql-annotations:r1}s",
                      "declaredType" : "org.hl7.cql_annotations.r1.Narrative",
                      "scope" : "javax.xml.bind.JAXBElement$GlobalScope",
                      "value" : {
                        "s" : [ {
                          "name" : "{urn:hl7-org:cql-annotations:r1}s",
                          "declaredType" : "org.hl7.cql_annotations.r1.Narrative",
                          "scope" : "javax.xml.bind.JAXBElement$GlobalScope",
                          "value" : {
                            "s" : [ "gender" ]
                          },
                          "globalScope" : true
                        } ],
                        "r" : "10"
                      },
                      "globalScope" : true
                    } ],
                    "r" : "10"
                  },
                  "globalScope" : true
                }, {
                  "name" : "{urn:hl7-org:cql-annotations:r1}s",
                  "declaredType" : "org.hl7.cql_annotations.r1.Narrative",
                  "scope" : "javax.xml.bind.JAXBElement$GlobalScope",
                  "value" : {
                    "s" : [ " ", "=", " " ]
                  },
                  "globalScope" : true
                }, {
                  "name" : "{urn:hl7-org:cql-annotations:r1}s",
                  "declaredType" : "org.hl7.cql_annotations.r1.Narrative",
                  "scope" : "javax.xml.bind.JAXBElement$GlobalScope",
                  "value" : {
                    "s" : [ {
                      "name" : "{urn:hl7-org:cql-annotations:r1}s",
                      "declaredType" : "org.hl7.cql_annotations.r1.Narrative",
                      "scope" : "javax.xml.bind.JAXBElement$GlobalScope",
                      "value" : {
                        "s" : [ "'female'" ]
                      },
                      "globalScope" : true
                    } ],
                    "r" : "11"
                  },
                  "globalScope" : true
                } ],
                "r" : "12"
              },
              "globalScope" : true
            } ],
            "r" : "13"
          }
        } ],
        "localId" : "13",
        "locator" : "19:1-20:27",
        "name" : "Female",
        "context" : "Patient",
        "accessLevel" : "Public"
      }, {
        "type" : "ExpressionDef",
        "expression" : {
          "type" : "Equal",
          "operand" : [ {
            "type" : "FunctionRef",
            "operand" : [ {
              "type" : "Property",
              "source" : {
                "type" : "ExpressionRef",
                "localId" : "14",
                "locator" : "23:3-23:9",
                "name" : "Patient"
              },
              "localId" : "15",
              "locator" : "23:3-23:16",
              "path" : "gender"
            } ],
            "name" : "ToString",
            "libraryName" : "FHIRHelpers"
          }, {
            "type" : "Literal",
            "localId" : "16",
            "locator" : "23:20-23:25",
            "valueType" : "{urn:hl7-org:elm-types:r1}String",
            "value" : "male"
          } ],
          "localId" : "17",
          "locator" : "23:3-23:25"
        },
        "annotation" : [ {
          "s" : {
            "s" : [ {
              "name" : "{urn:hl7-org:cql-annotations:r1}s",
              "declaredType" : "org.hl7.cql_annotations.r1.Narrative",
              "scope" : "javax.xml.bind.JAXBElement$GlobalScope",
              "value" : {
                "s" : [ "define ", "\"Male\"", ":\n  " ]
              },
              "globalScope" : true
            }, {
              "name" : "{urn:hl7-org:cql-annotations:r1}s",
              "declaredType" : "org.hl7.cql_annotations.r1.Narrative",
              "scope" : "javax.xml.bind.JAXBElement$GlobalScope",
              "value" : {
                "s" : [ {
                  "name" : "{urn:hl7-org:cql-annotations:r1}s",
                  "declaredType" : "org.hl7.cql_annotations.r1.Narrative",
                  "scope" : "javax.xml.bind.JAXBElement$GlobalScope",
                  "value" : {
                    "s" : [ {
                      "name" : "{urn:hl7-org:cql-annotations:r1}s",
                      "declaredType" : "org.hl7.cql_annotations.r1.Narrative",
                      "scope" : "javax.xml.bind.JAXBElement$GlobalScope",
                      "value" : {
                        "s" : [ {
                          "name" : "{urn:hl7-org:cql-annotations:r1}s",
                          "declaredType" : "org.hl7.cql_annotations.r1.Narrative",
                          "scope" : "javax.xml.bind.JAXBElement$GlobalScope",
                          "value" : {
                            "s" : [ "Patient" ]
                          },
                          "globalScope" : true
                        } ],
                        "r" : "14"
                      },
                      "globalScope" : true
                    }, {
                      "name" : "{urn:hl7-org:cql-annotations:r1}s",
                      "declaredType" : "org.hl7.cql_annotations.r1.Narrative",
                      "scope" : "javax.xml.bind.JAXBElement$GlobalScope",
                      "value" : {
                        "s" : [ "." ]
                      },
                      "globalScope" : true
                    }, {
                      "name" : "{urn:hl7-org:cql-annotations:r1}s",
                      "declaredType" : "org.hl7.cql_annotations.r1.Narrative",
                      "scope" : "javax.xml.bind.JAXBElement$GlobalScope",
                      "value" : {
                        "s" : [ {
                          "name" : "{urn:hl7-org:cql-annotations:r1}s",
                          "declaredType" : "org.hl7.cql_annotations.r1.Narrative",
                          "scope" : "javax.xml.bind.JAXBElement$GlobalScope",
                          "value" : {
                            "s" : [ "gender" ]
                          },
                          "globalScope" : true
                        } ],
                        "r" : "15"
                      },
                      "globalScope" : true
                    } ],
                    "r" : "15"
                  },
                  "globalScope" : true
                }, {
                  "name" : "{urn:hl7-org:cql-annotations:r1}s",
                  "declaredType" : "org.hl7.cql_annotations.r1.Narrative",
                  "scope" : "javax.xml.bind.JAXBElement$GlobalScope",
                  "value" : {
                    "s" : [ " ", "=", " " ]
                  },
                  "globalScope" : true
                }, {
                  "name" : "{urn:hl7-org:cql-annotations:r1}s",
                  "declaredType" : "org.hl7.cql_annotations.r1.Narrative",
                  "scope" : "javax.xml.bind.JAXBElement$GlobalScope",
                  "value" : {
                    "s" : [ {
                      "name" : "{urn:hl7-org:cql-annotations:r1}s",
                      "declaredType" : "org.hl7.cql_annotations.r1.Narrative",
                      "scope" : "javax.xml.bind.JAXBElement$GlobalScope",
                      "value" : {
                        "s" : [ "'male'" ]
                      },
                      "globalScope" : true
                    } ],
                    "r" : "16"
                  },
                  "globalScope" : true
                } ],
                "r" : "17"
              },
              "globalScope" : true
            } ],
            "r" : "18"
          }
        } ],
        "localId" : "18",
        "locator" : "22:1-23:25",
        "name" : "Male",
        "context" : "Patient",
        "accessLevel" : "Public"
      }, {
        "type" : "ExpressionDef",
        "expression" : {
          "type" : "Literal",
          "localId" : "19",
          "locator" : "25:30-25:33",
          "valueType" : "{urn:hl7-org:elm-types:r1}Boolean",
          "value" : "true"
        },
        "annotation" : [ {
          "s" : {
            "s" : [ {
              "name" : "{urn:hl7-org:cql-annotations:r1}s",
              "declaredType" : "org.hl7.cql_annotations.r1.Narrative",
              "scope" : "javax.xml.bind.JAXBElement$GlobalScope",
              "value" : {
                "s" : [ "define ", "\"Initial Population\"", ": ", "true" ],
                "r" : "19"
              },
              "globalScope" : true
            } ],
            "r" : "20"
          }
        } ],
        "localId" : "20",
        "locator" : "25:1-25:33",
        "name" : "Initial Population",
        "context" : "Patient",
        "accessLevel" : "Public"
      }, {
        "type" : "ExpressionDef",
        "expression" : {
          "type" : "Not",
          "operand" : {
            "type" : "IsNull",
            "operand" : {
              "type" : "ExpressionRef",
              "localId" : "21",
              "locator" : "28:3-28:7",
              "name" : "Sex"
            },
            "locator" : "28:3-28:19"
          },
          "localId" : "22",
          "locator" : "28:3-28:19"
        },
        "annotation" : [ {
          "s" : {
            "s" : [ {
              "name" : "{urn:hl7-org:cql-annotations:r1}s",
              "declaredType" : "org.hl7.cql_annotations.r1.Narrative",
              "scope" : "javax.xml.bind.JAXBElement$GlobalScope",
              "value" : {
                "s" : [ "define ", "\"Denominator\"", ":\n  " ]
              },
              "globalScope" : true
            }, {
              "name" : "{urn:hl7-org:cql-annotations:r1}s",
              "declaredType" : "org.hl7.cql_annotations.r1.Narrative",
              "scope" : "javax.xml.bind.JAXBElement$GlobalScope",
              "value" : {
                "s" : [ {
                  "name" : "{urn:hl7-org:cql-annotations:r1}s",
                  "declaredType" : "org.hl7.cql_annotations.r1.Narrative",
                  "scope" : "javax.xml.bind.JAXBElement$GlobalScope",
                  "value" : {
                    "s" : [ {
                      "name" : "{urn:hl7-org:cql-annotations:r1}s",
                      "declaredType" : "org.hl7.cql_annotations.r1.Narrative",
                      "scope" : "javax.xml.bind.JAXBElement$GlobalScope",
                      "value" : {
                        "s" : [ "\"Sex\"" ]
                      },
                      "globalScope" : true
                    } ],
                    "r" : "21"
                  },
                  "globalScope" : true
                }, {
                  "name" : "{urn:hl7-org:cql-annotations:r1}s",
                  "declaredType" : "org.hl7.cql_annotations.r1.Narrative",
                  "scope" : "javax.xml.bind.JAXBElement$GlobalScope",
                  "value" : {
                    "s" : [ " is not null" ]
                  },
                  "globalScope" : true
                } ],
                "r" : "22"
              },
              "globalScope" : true
            } ],
            "r" : "23"
          }
        } ],
        "localId" : "23",
        "locator" : "27:1-28:19",
        "name" : "Denominator",
        "context" : "Patient",
        "accessLevel" : "Public"
      }, {
        "type" : "ExpressionDef",
        "expression" : {
          "type" : "Equal",
          "operand" : [ {
            "type" : "FunctionRef",
            "operand" : [ {
              "type" : "ExpressionRef",
              "localId" : "24",
              "locator" : "31:3-31:7",
              "name" : "Sex"
            } ],
            "name" : "ToString",
            "libraryName" : "FHIRHelpers"
          }, {
            "type" : "Literal",
            "localId" : "25",
            "locator" : "31:11-31:18",
            "valueType" : "{urn:hl7-org:elm-types:r1}String",
            "value" : "female"
          } ],
          "localId" : "26",
          "locator" : "31:3-31:18"
        },
        "annotation" : [ {
          "s" : {
            "s" : [ {
              "name" : "{urn:hl7-org:cql-annotations:r1}s",
              "declaredType" : "org.hl7.cql_annotations.r1.Narrative",
              "scope" : "javax.xml.bind.JAXBElement$GlobalScope",
              "value" : {
                "s" : [ "define ", "\"Numerator\"", ":\n  " ]
              },
              "globalScope" : true
            }, {
              "name" : "{urn:hl7-org:cql-annotations:r1}s",
              "declaredType" : "org.hl7.cql_annotations.r1.Narrative",
              "scope" : "javax.xml.bind.JAXBElement$GlobalScope",
              "value" : {
                "s" : [ {
                  "name" : "{urn:hl7-org:cql-annotations:r1}s",
                  "declaredType" : "org.hl7.cql_annotations.r1.Narrative",
                  "scope" : "javax.xml.bind.JAXBElement$GlobalScope",
                  "value" : {
                    "s" : [ {
                      "name" : "{urn:hl7-org:cql-annotations:r1}s",
                      "declaredType" : "org.hl7.cql_annotations.r1.Narrative",
                      "scope" : "javax.xml.bind.JAXBElement$GlobalScope",
                      "value" : {
                        "s" : [ "\"Sex\"" ]
                      },
                      "globalScope" : true
                    } ],
                    "r" : "24"
                  },
                  "globalScope" : true
                }, {
                  "name" : "{urn:hl7-org:cql-annotations:r1}s",
                  "declaredType" : "org.hl7.cql_annotations.r1.Narrative",
                  "scope" : "javax.xml.bind.JAXBElement$GlobalScope",
                  "value" : {
                    "s" : [ " ", "=", " " ]
                  },
                  "globalScope" : true
                }, {
                  "name" : "{urn:hl7-org:cql-annotations:r1}s",
                  "declaredType" : "org.hl7.cql_annotations.r1.Narrative",
                  "scope" : "javax.xml.bind.JAXBElement$GlobalScope",
                  "value" : {
                    "s" : [ {
                      "name" : "{urn:hl7-org:cql-annotations:r1}s",
                      "declaredType" : "org.hl7.cql_annotations.r1.Narrative",
                      "scope" : "javax.xml.bind.JAXBElement$GlobalScope",
                      "value" : {
                        "s" : [ "'female'" ]
                      },
                      "globalScope" : true
                    } ],
                    "r" : "25"
                  },
                  "globalScope" : true
                } ],
                "r" : "26"
              },
              "globalScope" : true
            } ],
            "r" : "27"
          }
        } ],
        "localId" : "27",
        "locator" : "30:1-31:18",
        "name" : "Numerator",
        "context" : "Patient",
        "accessLevel" : "Public"
      } ]
    },
    "annotation" : [ {
      "translatorOptions" : "EnableAnnotations,EnableLocators,DisableListDemotion,DisableListPromotion"
    } ]
  }
}