{
  "library" : {
    "type" : "Library",
    "identifier" : {
      "type" : "VersionedIdentifier",
      "id" : "HIVSimpleCondition",
      "system" : "https://github.com/intrahealth/simple-hiv-ig",
      "version" : "0.1.0"
    },
    "schemaIdentifier" : {
      "type" : "VersionedIdentifier",
      "id" : "urn:hl7-org:elm",
      "version" : "r1"
    },
    "usings" : {
      "type" : "Library$Usings",
      "def" : [ {
        "type" : "UsingDef",
        "localIdentifier" : "System",
        "uri" : "urn:hl7-org:elm-types:r1"
      }, {
        "type" : "UsingDef",
        "annotation" : [ {
          "s" : {
            "s" : [ {
              "name" : "{urn:hl7-org:cql-annotations:r1}s",
              "declaredType" : "org.hl7.cql_annotations.r1.Narrative",
              "scope" : "javax.xml.bind.JAXBElement$GlobalScope",
              "value" : {
                "s" : [ "using ", "FHIR", " version ", "'4.0.1'" ]
              },
              "globalScope" : true
            } ],
            "r" : "1"
          }
        } ],
        "localId" : "1",
        "locator" : "3:1-3:26",
        "localIdentifier" : "FHIR",
        "uri" : "http://hl7.org/fhir",
        "version" : "4.0.1"
      } ]
    },
    "includes" : {
      "type" : "Library$Includes",
      "def" : [ {
        "type" : "IncludeDef",
        "annotation" : [ {
          "s" : {
            "s" : [ {
              "name" : "{urn:hl7-org:cql-annotations:r1}s",
              "declaredType" : "org.hl7.cql_annotations.r1.Narrative",
              "scope" : "javax.xml.bind.JAXBElement$GlobalScope",
              "value" : {
                "s" : [ "include " ]
              },
              "globalScope" : true
            }, {
              "name" : "{urn:hl7-org:cql-annotations:r1}s",
              "declaredType" : "org.hl7.cql_annotations.r1.Narrative",
              "scope" : "javax.xml.bind.JAXBElement$GlobalScope",
              "value" : {
                "s" : [ {
                  "name" : "{urn:hl7-org:cql-annotations:r1}s",
                  "declaredType" : "org.hl7.cql_annotations.r1.Narrative",
                  "scope" : "javax.xml.bind.JAXBElement$GlobalScope",
                  "value" : {
                    "s" : [ "FHIRHelpers" ]
                  },
                  "globalScope" : true
                } ]
              },
              "globalScope" : true
            }, {
              "name" : "{urn:hl7-org:cql-annotations:r1}s",
              "declaredType" : "org.hl7.cql_annotations.r1.Narrative",
              "scope" : "javax.xml.bind.JAXBElement$GlobalScope",
              "value" : {
                "s" : [ " version ", "'4.0.1'" ]
              },
              "globalScope" : true
            } ],
            "r" : "2"
          }
        } ],
        "localId" : "2",
        "locator" : "5:1-5:35",
        "localIdentifier" : "FHIRHelpers",
        "path" : "https://github.com/intrahealth/simple-hiv-ig/FHIRHelpers",
        "version" : "4.0.1"
      }, {
        "type" : "IncludeDef",
        "annotation" : [ {
          "s" : {
            "s" : [ {
              "name" : "{urn:hl7-org:cql-annotations:r1}s",
              "declaredType" : "org.hl7.cql_annotations.r1.Narrative",
              "scope" : "javax.xml.bind.JAXBElement$GlobalScope",
              "value" : {
                "s" : [ "include " ]
              },
              "globalScope" : true
            }, {
              "name" : "{urn:hl7-org:cql-annotations:r1}s",
              "declaredType" : "org.hl7.cql_annotations.r1.Narrative",
              "scope" : "javax.xml.bind.JAXBElement$GlobalScope",
              "value" : {
                "s" : [ {
                  "name" : "{urn:hl7-org:cql-annotations:r1}s",
                  "declaredType" : "org.hl7.cql_annotations.r1.Narrative",
                  "scope" : "javax.xml.bind.JAXBElement$GlobalScope",
                  "value" : {
                    "s" : [ "FHIRCommon" ]
                  },
                  "globalScope" : true
                } ]
              },
              "globalScope" : true
            }, {
              "name" : "{urn:hl7-org:cql-annotations:r1}s",
              "declaredType" : "org.hl7.cql_annotations.r1.Narrative",
              "scope" : "javax.xml.bind.JAXBElement$GlobalScope",
              "value" : {
                "s" : [ " version ", "'0.1.0'", " called ", "FC" ]
              },
              "globalScope" : true
            } ],
            "r" : "3"
          }
        } ],
        "localId" : "3",
        "locator" : "6:1-6:44",
        "localIdentifier" : "FC",
        "path" : "https://github.com/intrahealth/simple-hiv-ig/FHIRCommon",
        "version" : "0.1.0"
      }, {
        "type" : "IncludeDef",
        "annotation" : [ {
          "s" : {
            "s" : [ {
              "name" : "{urn:hl7-org:cql-annotations:r1}s",
              "declaredType" : "org.hl7.cql_annotations.r1.Narrative",
              "scope" : "javax.xml.bind.JAXBElement$GlobalScope",
              "value" : {
                "s" : [ "include " ]
              },
              "globalScope" : true
            }, {
              "name" : "{urn:hl7-org:cql-annotations:r1}s",
              "declaredType" : "org.hl7.cql_annotations.r1.Narrative",
              "scope" : "javax.xml.bind.JAXBElement$GlobalScope",
              "value" : {
                "s" : [ {
                  "name" : "{urn:hl7-org:cql-annotations:r1}s",
                  "declaredType" : "org.hl7.cql_annotations.r1.Narrative",
                  "scope" : "javax.xml.bind.JAXBElement$GlobalScope",
                  "value" : {
                    "s" : [ "AgeRanges" ]
                  },
                  "globalScope" : true
                } ]
              },
              "globalScope" : true
            }, {
              "name" : "{urn:hl7-org:cql-annotations:r1}s",
              "declaredType" : "org.hl7.cql_annotations.r1.Narrative",
              "scope" : "javax.xml.bind.JAXBElement$GlobalScope",
              "value" : {
                "s" : [ " version ", "'0.1.0'", " called ", "AR" ]
              },
              "globalScope" : true
            } ],
            "r" : "4"
          }
        } ],
        "localId" : "4",
        "locator" : "7:1-7:43",
        "localIdentifier" : "AR",
        "path" : "https://github.com/intrahealth/simple-hiv-ig/AgeRanges",
        "version" : "0.1.0"
      } ]
    },
    "codeSystems" : {
      "type" : "Library$CodeSystems",
      "def" : [ {
        "type" : "CodeSystemDef",
        "annotation" : [ {
          "s" : {
            "s" : [ {
              "name" : "{urn:hl7-org:cql-annotations:r1}s",
              "declaredType" : "org.hl7.cql_annotations.r1.Narrative",
              "scope" : "javax.xml.bind.JAXBElement$GlobalScope",
              "value" : {
                "s" : [ "codesystem ", "\"SNOMED-CT\"", ": ", "'http://snomed.info/sct'", " version ", "'http://snomed.info/sct/900000000000207008'" ]
              },
              "globalScope" : true
            } ],
            "r" : "5"
          }
        } ],
        "localId" : "5",
        "locator" : "10:1-10:100",
        "name" : "SNOMED-CT",
        "id" : "http://snomed.info/sct",
        "version" : "http://snomed.info/sct/900000000000207008",
        "accessLevel" : "Public"
      }, {
        "type" : "CodeSystemDef",
        "annotation" : [ {
          "s" : {
            "s" : [ {
              "name" : "{urn:hl7-org:cql-annotations:r1}s",
              "declaredType" : "org.hl7.cql_annotations.r1.Narrative",
              "scope" : "javax.xml.bind.JAXBElement$GlobalScope",
              "value" : {
                "s" : [ "codesystem ", "\"LOINC\"", ": ", "'http://loinc.org'" ]
              },
              "globalScope" : true
            } ],
            "r" : "6"
          }
        } ],
        "localId" : "6",
        "locator" : "13:1-13:38",
        "name" : "LOINC",
        "id" : "http://loinc.org",
        "accessLevel" : "Public"
      } ]
    },
    "codes" : {
      "type" : "Library$Codes",
      "def" : [ {
        "type" : "CodeDef",
        "codeSystem" : {
          "type" : "CodeSystemRef",
          "localId" : "7",
          "locator" : "17:38-17:48",
          "name" : "SNOMED-CT"
        },
        "annotation" : [ {
          "s" : {
            "s" : [ {
              "name" : "{urn:hl7-org:cql-annotations:r1}s",
              "declaredType" : "org.hl7.cql_annotations.r1.Narrative",
              "scope" : "javax.xml.bind.JAXBElement$GlobalScope",
              "value" : {
                "s" : [ "code ", "\"HIV Positive\"", ": ", "'86406008'", " from " ]
              },
              "globalScope" : true
            }, {
              "name" : "{urn:hl7-org:cql-annotations:r1}s",
              "declaredType" : "org.hl7.cql_annotations.r1.Narrative",
              "scope" : "javax.xml.bind.JAXBElement$GlobalScope",
              "value" : {
                "s" : [ {
                  "name" : "{urn:hl7-org:cql-annotations:r1}s",
                  "declaredType" : "org.hl7.cql_annotations.r1.Narrative",
                  "scope" : "javax.xml.bind.JAXBElement$GlobalScope",
                  "value" : {
                    "s" : [ "\"SNOMED-CT\"" ]
                  },
                  "globalScope" : true
                } ],
                "r" : "7"
              },
              "globalScope" : true
            }, {
              "name" : "{urn:hl7-org:cql-annotations:r1}s",
              "declaredType" : "org.hl7.cql_annotations.r1.Narrative",
              "scope" : "javax.xml.bind.JAXBElement$GlobalScope",
              "value" : {
                "s" : [ " display ", "'HIV Positive'" ]
              },
              "globalScope" : true
            } ],
            "r" : "8"
          }
        } ],
        "localId" : "8",
        "locator" : "17:1-17:71",
        "name" : "HIV Positive",
        "id" : "86406008",
        "display" : "HIV Positive",
        "accessLevel" : "Public"
      } ]
    },
    "contexts" : {
      "type" : "Library$Contexts",
      "def" : [ {
        "type" : "ContextDef",
        "locator" : "19:1-19:15",
        "name" : "Patient"
      } ]
    },
    "statements" : {
      "type" : "Library$Statements",
      "def" : [ {
        "type" : "ExpressionDef",
        "expression" : {
          "type" : "SingletonFrom",
          "operand" : {
            "type" : "Retrieve",
            "locator" : "19:1-19:15",
            "dataType" : "{http://hl7.org/fhir}Patient",
            "templateId" : "http://hl7.org/fhir/StructureDefinition/Patient"
          }
        },
        "locator" : "19:1-19:15",
        "name" : "Patient",
        "context" : "Patient"
      }, {
        "type" : "ExpressionDef",
        "expression" : {
          "type" : "Property",
          "source" : {
            "type" : "ExpressionRef",
            "localId" : "9",
            "locator" : "21:15-21:21",
            "name" : "Patient"
          },
          "localId" : "10",
          "locator" : "21:15-21:28",
          "path" : "gender"
        },
        "annotation" : [ {
          "s" : {
            "s" : [ {
              "name" : "{urn:hl7-org:cql-annotations:r1}s",
              "declaredType" : "org.hl7.cql_annotations.r1.Narrative",
              "scope" : "javax.xml.bind.JAXBElement$GlobalScope",
              "value" : {
                "s" : [ "define ", "\"Sex\"", ": " ]
              },
              "globalScope" : true
            }, {
              "name" : "{urn:hl7-org:cql-annotations:r1}s",
              "declaredType" : "org.hl7.cql_annotations.r1.Narrative",
              "scope" : "javax.xml.bind.JAXBElement$GlobalScope",
              "value" : {
                "s" : [ {
                  "name" : "{urn:hl7-org:cql-annotations:r1}s",
                  "declaredType" : "org.hl7.cql_annotations.r1.Narrative",
                  "scope" : "javax.xml.bind.JAXBElement$GlobalScope",
                  "value" : {
                    "s" : [ {
                      "name" : "{urn:hl7-org:cql-annotations:r1}s",
                      "declaredType" : "org.hl7.cql_annotations.r1.Narrative",
                      "scope" : "javax.xml.bind.JAXBElement$GlobalScope",
                      "value" : {
                        "s" : [ "Patient" ]
                      },
                      "globalScope" : true
                    } ],
                    "r" : "9"
                  },
                  "globalScope" : true
                }, {
                  "name" : "{urn:hl7-org:cql-annotations:r1}s",
                  "declaredType" : "org.hl7.cql_annotations.r1.Narrative",
                  "scope" : "javax.xml.bind.JAXBElement$GlobalScope",
                  "value" : {
                    "s" : [ "." ]
                  },
                  "globalScope" : true
                }, {
                  "name" : "{urn:hl7-org:cql-annotations:r1}s",
                  "declaredType" : "org.hl7.cql_annotations.r1.Narrative",
                  "scope" : "javax.xml.bind.JAXBElement$GlobalScope",
                  "value" : {
                    "s" : [ {
                      "name" : "{urn:hl7-org:cql-annotations:r1}s",
                      "declaredType" : "org.hl7.cql_annotations.r1.Narrative",
                      "scope" : "javax.xml.bind.JAXBElement$GlobalScope",
                      "value" : {
                        "s" : [ "gender" ]
                      },
                      "globalScope" : true
                    } ],
                    "r" : "10"
                  },
                  "globalScope" : true
                } ],
                "r" : "10"
              },
              "globalScope" : true
            } ],
            "r" : "11"
          }
        } ],
        "localId" : "11",
        "locator" : "21:1-21:28",
        "name" : "Sex",
        "context" : "Patient",
        "accessLevel" : "Public"
      }, {
        "type" : "ExpressionDef",
        "expression" : {
          "type" : "Exists",
          "operand" : {
            "type" : "Retrieve",
            "codes" : {
              "type" : "ToList",
              "operand" : {
                "type" : "CodeRef",
                "locator" : "25:24-25:37",
                "name" : "HIV Positive"
              }
            },
            "localId" : "12",
            "locator" : "25:10-25:38",
            "dataType" : "{http://hl7.org/fhir}Condition",
            "templateId" : "http://hl7.org/fhir/StructureDefinition/Condition",
            "codeProperty" : "code",
            "codeComparator" : "~"
          },
          "localId" : "13",
          "locator" : "25:3-25:38"
        },
        "annotation" : [ {
          "s" : {
            "s" : [ {
              "name" : "{urn:hl7-org:cql-annotations:r1}s",
              "declaredType" : "org.hl7.cql_annotations.r1.Narrative",
              "scope" : "javax.xml.bind.JAXBElement$GlobalScope",
              "value" : {
                "s" : [ "define ", "\"HIV Condition\"", ":\n  " ]
              },
              "globalScope" : true
            }, {
              "name" : "{urn:hl7-org:cql-annotations:r1}s",
              "declaredType" : "org.hl7.cql_annotations.r1.Narrative",
              "scope" : "javax.xml.bind.JAXBElement$GlobalScope",
              "value" : {
                "s" : [ {
                  "name" : "{urn:hl7-org:cql-annotations:r1}s",
                  "declaredType" : "org.hl7.cql_annotations.r1.Narrative",
                  "scope" : "javax.xml.bind.JAXBElement$GlobalScope",
                  "value" : {
                    "s" : [ "exists " ]
                  },
                  "globalScope" : true
                }, {
                  "name" : "{urn:hl7-org:cql-annotations:r1}s",
                  "declaredType" : "org.hl7.cql_annotations.r1.Narrative",
                  "scope" : "javax.xml.bind.JAXBElement$GlobalScope",
                  "value" : {
                    "s" : [ {
                      "name" : "{urn:hl7-org:cql-annotations:r1}s",
                      "declaredType" : "org.hl7.cql_annotations.r1.Narrative",
                      "scope" : "javax.xml.bind.JAXBElement$GlobalScope",
                      "value" : {
                        "s" : [ "[", "\"Condition\"", ": " ]
                      },
                      "globalScope" : true
                    }, {
                      "name" : "{urn:hl7-org:cql-annotations:r1}s",
                      "declaredType" : "org.hl7.cql_annotations.r1.Narrative",
                      "scope" : "javax.xml.bind.JAXBElement$GlobalScope",
                      "value" : {
                        "s" : [ {
                          "name" : "{urn:hl7-org:cql-annotations:r1}s",
                          "declaredType" : "org.hl7.cql_annotations.r1.Narrative",
                          "scope" : "javax.xml.bind.JAXBElement$GlobalScope",
                          "value" : {
                            "s" : [ "\"HIV Positive\"" ]
                          },
                          "globalScope" : true
                        } ]
                      },
                      "globalScope" : true
                    }, {
                      "name" : "{urn:hl7-org:cql-annotations:r1}s",
                      "declaredType" : "org.hl7.cql_annotations.r1.Narrative",
                      "scope" : "javax.xml.bind.JAXBElement$GlobalScope",
                      "value" : {
                        "s" : [ "]" ]
                      },
                      "globalScope" : true
                    } ],
                    "r" : "12"
                  },
                  "globalScope" : true
                } ],
                "r" : "13"
              },
              "globalScope" : true
            } ],
            "r" : "14"
          }
        } ],
        "localId" : "14",
        "locator" : "24:1-25:38",
        "name" : "HIV Condition",
        "context" : "Patient",
        "accessLevel" : "Public"
      }, {
        "type" : "ExpressionDef",
        "expression" : {
          "type" : "Literal",
          "localId" : "15",
          "locator" : "30:30-30:33",
          "valueType" : "{urn:hl7-org:elm-types:r1}Boolean",
          "value" : "true"
        },
        "annotation" : [ {
          "s" : {
            "s" : [ {
              "name" : "{urn:hl7-org:cql-annotations:r1}s",
              "declaredType" : "org.hl7.cql_annotations.r1.Narrative",
              "scope" : "javax.xml.bind.JAXBElement$GlobalScope",
              "value" : {
                "s" : [ "define ", "\"Initial Population\"", ": ", "true" ],
                "r" : "15"
              },
              "globalScope" : true
            } ],
            "r" : "16"
          }
        } ],
        "localId" : "16",
        "locator" : "30:1-30:33",
        "name" : "Initial Population",
        "context" : "Patient",
        "accessLevel" : "Public"
      }, {
        "type" : "ExpressionDef",
        "expression" : {
          "type" : "Literal",
          "localId" : "17",
          "locator" : "32:23-32:26",
          "valueType" : "{urn:hl7-org:elm-types:r1}Boolean",
          "value" : "true"
        },
        "annotation" : [ {
          "s" : {
            "s" : [ {
              "name" : "{urn:hl7-org:cql-annotations:r1}s",
              "declaredType" : "org.hl7.cql_annotations.r1.Narrative",
              "scope" : "javax.xml.bind.JAXBElement$GlobalScope",
              "value" : {
                "s" : [ "define ", "\"Denominator\"", ": ", "true" ],
                "r" : "17"
              },
              "globalScope" : true
            } ],
            "r" : "18"
          }
        } ],
        "localId" : "18",
        "locator" : "32:1-32:26",
        "name" : "Denominator",
        "context" : "Patient",
        "accessLevel" : "Public"
      }, {
        "type" : "ExpressionDef",
        "expression" : {
          "type" : "ExpressionRef",
          "localId" : "19",
          "locator" : "36:3-36:17",
          "name" : "HIV Condition"
        },
        "annotation" : [ {
          "s" : {
            "s" : [ {
              "name" : "{urn:hl7-org:cql-annotations:r1}s",
              "declaredType" : "org.hl7.cql_annotations.r1.Narrative",
              "scope" : "javax.xml.bind.JAXBElement$GlobalScope",
              "value" : {
                "s" : [ "define ", "\"Numerator\"", ":\n  " ]
              },
              "globalScope" : true
            }, {
              "name" : "{urn:hl7-org:cql-annotations:r1}s",
              "declaredType" : "org.hl7.cql_annotations.r1.Narrative",
              "scope" : "javax.xml.bind.JAXBElement$GlobalScope",
              "value" : {
                "s" : [ {
                  "name" : "{urn:hl7-org:cql-annotations:r1}s",
                  "declaredType" : "org.hl7.cql_annotations.r1.Narrative",
                  "scope" : "javax.xml.bind.JAXBElement$GlobalScope",
                  "value" : {
                    "s" : [ "\"HIV Condition\"" ]
                  },
                  "globalScope" : true
                } ],
                "r" : "19"
              },
              "globalScope" : true
            } ],
            "r" : "20"
          }
        } ],
        "localId" : "20",
        "locator" : "35:1-36:17",
        "name" : "Numerator",
        "context" : "Patient",
        "accessLevel" : "Public"
      } ]
    },
    "annotation" : [ {
      "translatorOptions" : "EnableAnnotations,EnableLocators,DisableListDemotion,DisableListPromotion"
    } ]
  }
}