{
  "library" : {
    "type" : "Library",
    "identifier" : {
      "type" : "VersionedIdentifier",
      "id" : "GoldenRecord",
      "system" : "https://intrahealth.github.io/simple-hiv-ig",
      "version" : "0.1.0"
    },
    "schemaIdentifier" : {
      "type" : "VersionedIdentifier",
      "id" : "urn:hl7-org:elm",
      "version" : "r1"
    },
    "usings" : {
      "type" : "Library$Usings",
      "def" : [ {
        "type" : "UsingDef",
        "localIdentifier" : "System",
        "uri" : "urn:hl7-org:elm-types:r1"
      }, {
        "type" : "UsingDef",
        "annotation" : [ {
          "s" : {
            "s" : [ {
              "name" : "{urn:hl7-org:cql-annotations:r1}s",
              "declaredType" : "org.hl7.cql_annotations.r1.Narrative",
              "scope" : "javax.xml.bind.JAXBElement$GlobalScope",
              "value" : {
                "s" : [ "using ", "FHIR", " version ", "'4.0.1'" ]
              },
              "globalScope" : true
            } ],
            "r" : "1"
          }
        } ],
        "localId" : "1",
        "locator" : "3:1-3:26",
        "localIdentifier" : "FHIR",
        "uri" : "http://hl7.org/fhir",
        "version" : "4.0.1"
      } ]
    },
    "includes" : {
      "type" : "Library$Includes",
      "def" : [ {
        "type" : "IncludeDef",
        "annotation" : [ {
          "s" : {
            "s" : [ {
              "name" : "{urn:hl7-org:cql-annotations:r1}s",
              "declaredType" : "org.hl7.cql_annotations.r1.Narrative",
              "scope" : "javax.xml.bind.JAXBElement$GlobalScope",
              "value" : {
                "s" : [ "include " ]
              },
              "globalScope" : true
            }, {
              "name" : "{urn:hl7-org:cql-annotations:r1}s",
              "declaredType" : "org.hl7.cql_annotations.r1.Narrative",
              "scope" : "javax.xml.bind.JAXBElement$GlobalScope",
              "value" : {
                "s" : [ {
                  "name" : "{urn:hl7-org:cql-annotations:r1}s",
                  "declaredType" : "org.hl7.cql_annotations.r1.Narrative",
                  "scope" : "javax.xml.bind.JAXBElement$GlobalScope",
                  "value" : {
                    "s" : [ "FHIRHelpers" ]
                  },
                  "globalScope" : true
                } ]
              },
              "globalScope" : true
            }, {
              "name" : "{urn:hl7-org:cql-annotations:r1}s",
              "declaredType" : "org.hl7.cql_annotations.r1.Narrative",
              "scope" : "javax.xml.bind.JAXBElement$GlobalScope",
              "value" : {
                "s" : [ " version ", "'4.0.1'" ]
              },
              "globalScope" : true
            } ],
            "r" : "2"
          }
        } ],
        "localId" : "2",
        "locator" : "5:1-5:35",
        "localIdentifier" : "FHIRHelpers",
        "path" : "https://intrahealth.github.io/simple-hiv-ig/FHIRHelpers",
        "version" : "4.0.1"
      }, {
        "type" : "IncludeDef",
        "annotation" : [ {
          "s" : {
            "s" : [ {
              "name" : "{urn:hl7-org:cql-annotations:r1}s",
              "declaredType" : "org.hl7.cql_annotations.r1.Narrative",
              "scope" : "javax.xml.bind.JAXBElement$GlobalScope",
              "value" : {
                "s" : [ "include " ]
              },
              "globalScope" : true
            }, {
              "name" : "{urn:hl7-org:cql-annotations:r1}s",
              "declaredType" : "org.hl7.cql_annotations.r1.Narrative",
              "scope" : "javax.xml.bind.JAXBElement$GlobalScope",
              "value" : {
                "s" : [ {
                  "name" : "{urn:hl7-org:cql-annotations:r1}s",
                  "declaredType" : "org.hl7.cql_annotations.r1.Narrative",
                  "scope" : "javax.xml.bind.JAXBElement$GlobalScope",
                  "value" : {
                    "s" : [ "FHIRCommon" ]
                  },
                  "globalScope" : true
                } ]
              },
              "globalScope" : true
            }, {
              "name" : "{urn:hl7-org:cql-annotations:r1}s",
              "declaredType" : "org.hl7.cql_annotations.r1.Narrative",
              "scope" : "javax.xml.bind.JAXBElement$GlobalScope",
              "value" : {
                "s" : [ " version ", "'4.0.1'", " called ", "FC" ]
              },
              "globalScope" : true
            } ],
            "r" : "3"
          }
        } ],
        "localId" : "3",
        "locator" : "6:1-6:44",
        "localIdentifier" : "FC",
        "path" : "https://intrahealth.github.io/simple-hiv-ig/FHIRCommon",
        "version" : "4.0.1"
      }, {
        "type" : "IncludeDef",
        "annotation" : [ {
          "s" : {
            "s" : [ {
              "name" : "{urn:hl7-org:cql-annotations:r1}s",
              "declaredType" : "org.hl7.cql_annotations.r1.Narrative",
              "scope" : "javax.xml.bind.JAXBElement$GlobalScope",
              "value" : {
                "s" : [ "include " ]
              },
              "globalScope" : true
            }, {
              "name" : "{urn:hl7-org:cql-annotations:r1}s",
              "declaredType" : "org.hl7.cql_annotations.r1.Narrative",
              "scope" : "javax.xml.bind.JAXBElement$GlobalScope",
              "value" : {
                "s" : [ {
                  "name" : "{urn:hl7-org:cql-annotations:r1}s",
                  "declaredType" : "org.hl7.cql_annotations.r1.Narrative",
                  "scope" : "javax.xml.bind.JAXBElement$GlobalScope",
                  "value" : {
                    "s" : [ "AgeRanges" ]
                  },
                  "globalScope" : true
                } ]
              },
              "globalScope" : true
            }, {
              "name" : "{urn:hl7-org:cql-annotations:r1}s",
              "declaredType" : "org.hl7.cql_annotations.r1.Narrative",
              "scope" : "javax.xml.bind.JAXBElement$GlobalScope",
              "value" : {
                "s" : [ " version ", "'0.1.0'", " called ", "AR" ]
              },
              "globalScope" : true
            } ],
            "r" : "4"
          }
        } ],
        "localId" : "4",
        "locator" : "7:1-7:43",
        "localIdentifier" : "AR",
        "path" : "https://intrahealth.github.io/simple-hiv-ig/AgeRanges",
        "version" : "0.1.0"
      } ]
    },
    "codeSystems" : {
      "type" : "Library$CodeSystems",
      "def" : [ {
        "type" : "CodeSystemDef",
        "annotation" : [ {
          "s" : {
            "s" : [ {
              "name" : "{urn:hl7-org:cql-annotations:r1}s",
              "declaredType" : "org.hl7.cql_annotations.r1.Narrative",
              "scope" : "javax.xml.bind.JAXBElement$GlobalScope",
              "value" : {
                "s" : [ "codesystem ", "\"SNOMED-CT\"", ": ", "'http://snomed.info/sct'", " version ", "'http://snomed.info/sct/900000000000207008'" ]
              },
              "globalScope" : true
            } ],
            "r" : "5"
          }
        } ],
        "localId" : "5",
        "locator" : "9:1-9:100",
        "name" : "SNOMED-CT",
        "id" : "http://snomed.info/sct",
        "version" : "http://snomed.info/sct/900000000000207008",
        "accessLevel" : "Public"
      }, {
        "type" : "CodeSystemDef",
        "annotation" : [ {
          "s" : {
            "s" : [ {
              "name" : "{urn:hl7-org:cql-annotations:r1}s",
              "declaredType" : "org.hl7.cql_annotations.r1.Narrative",
              "scope" : "javax.xml.bind.JAXBElement$GlobalScope",
              "value" : {
                "s" : [ "codesystem ", "\"LOINC\"", ": ", "'http://loinc.org'" ]
              },
              "globalScope" : true
            } ],
            "r" : "6"
          }
        } ],
        "localId" : "6",
        "locator" : "10:1-10:38",
        "name" : "LOINC",
        "id" : "http://loinc.org",
        "accessLevel" : "Public"
      } ]
    },
    "codes" : {
      "type" : "Library$Codes",
      "def" : [ {
        "type" : "CodeDef",
        "codeSystem" : {
          "type" : "CodeSystemRef",
          "localId" : "7",
          "locator" : "12:48-12:58",
          "name" : "SNOMED-CT"
        },
        "annotation" : [ {
          "s" : {
            "s" : [ {
              "name" : "{urn:hl7-org:cql-annotations:r1}s",
              "declaredType" : "org.hl7.cql_annotations.r1.Narrative",
              "scope" : "javax.xml.bind.JAXBElement$GlobalScope",
              "value" : {
                "s" : [ "code ", "\"HIV Condition Positive\"", ": ", "'86406008'", " from " ]
              },
              "globalScope" : true
            }, {
              "name" : "{urn:hl7-org:cql-annotations:r1}s",
              "declaredType" : "org.hl7.cql_annotations.r1.Narrative",
              "scope" : "javax.xml.bind.JAXBElement$GlobalScope",
              "value" : {
                "s" : [ {
                  "name" : "{urn:hl7-org:cql-annotations:r1}s",
                  "declaredType" : "org.hl7.cql_annotations.r1.Narrative",
                  "scope" : "javax.xml.bind.JAXBElement$GlobalScope",
                  "value" : {
                    "s" : [ "\"SNOMED-CT\"" ]
                  },
                  "globalScope" : true
                } ],
                "r" : "7"
              },
              "globalScope" : true
            }, {
              "name" : "{urn:hl7-org:cql-annotations:r1}s",
              "declaredType" : "org.hl7.cql_annotations.r1.Narrative",
              "scope" : "javax.xml.bind.JAXBElement$GlobalScope",
              "value" : {
                "s" : [ " display ", "'HIV infection'" ]
              },
              "globalScope" : true
            } ],
            "r" : "8"
          }
        } ],
        "localId" : "8",
        "locator" : "12:1-12:82",
        "name" : "HIV Condition Positive",
        "id" : "86406008",
        "display" : "HIV infection",
        "accessLevel" : "Public"
      }, {
        "type" : "CodeDef",
        "codeSystem" : {
          "type" : "CodeSystemRef",
          "localId" : "9",
          "locator" : "13:63-13:69",
          "name" : "LOINC"
        },
        "annotation" : [ {
          "s" : {
            "s" : [ {
              "name" : "{urn:hl7-org:cql-annotations:r1}s",
              "declaredType" : "org.hl7.cql_annotations.r1.Narrative",
              "scope" : "javax.xml.bind.JAXBElement$GlobalScope",
              "value" : {
                "s" : [ "code ", "\"HIV 1 and 2 tests - Meaningful Use set\"", ": ", "'75622-1'", " from " ]
              },
              "globalScope" : true
            }, {
              "name" : "{urn:hl7-org:cql-annotations:r1}s",
              "declaredType" : "org.hl7.cql_annotations.r1.Narrative",
              "scope" : "javax.xml.bind.JAXBElement$GlobalScope",
              "value" : {
                "s" : [ {
                  "name" : "{urn:hl7-org:cql-annotations:r1}s",
                  "declaredType" : "org.hl7.cql_annotations.r1.Narrative",
                  "scope" : "javax.xml.bind.JAXBElement$GlobalScope",
                  "value" : {
                    "s" : [ "\"LOINC\"" ]
                  },
                  "globalScope" : true
                } ],
                "r" : "9"
              },
              "globalScope" : true
            }, {
              "name" : "{urn:hl7-org:cql-annotations:r1}s",
              "declaredType" : "org.hl7.cql_annotations.r1.Narrative",
              "scope" : "javax.xml.bind.JAXBElement$GlobalScope",
              "value" : {
                "s" : [ " display ", "'HIV 1 and 2 tests - Meaningful Use set'" ]
              },
              "globalScope" : true
            } ],
            "r" : "10"
          }
        } ],
        "localId" : "10",
        "locator" : "13:1-13:118",
        "name" : "HIV 1 and 2 tests - Meaningful Use set",
        "id" : "75622-1",
        "display" : "HIV 1 and 2 tests - Meaningful Use set",
        "accessLevel" : "Public"
      }, {
        "type" : "CodeDef",
        "codeSystem" : {
          "type" : "CodeSystemRef",
          "localId" : "11",
          "locator" : "14:44-14:54",
          "name" : "SNOMED-CT"
        },
        "annotation" : [ {
          "s" : {
            "s" : [ {
              "name" : "{urn:hl7-org:cql-annotations:r1}s",
              "declaredType" : "org.hl7.cql_annotations.r1.Narrative",
              "scope" : "javax.xml.bind.JAXBElement$GlobalScope",
              "value" : {
                "s" : [ "code ", "\"Pregnant (finding)\"", ": ", "'77386006'", " from " ]
              },
              "globalScope" : true
            }, {
              "name" : "{urn:hl7-org:cql-annotations:r1}s",
              "declaredType" : "org.hl7.cql_annotations.r1.Narrative",
              "scope" : "javax.xml.bind.JAXBElement$GlobalScope",
              "value" : {
                "s" : [ {
                  "name" : "{urn:hl7-org:cql-annotations:r1}s",
                  "declaredType" : "org.hl7.cql_annotations.r1.Narrative",
                  "scope" : "javax.xml.bind.JAXBElement$GlobalScope",
                  "value" : {
                    "s" : [ "\"SNOMED-CT\"" ]
                  },
                  "globalScope" : true
                } ],
                "r" : "11"
              },
              "globalScope" : true
            }, {
              "name" : "{urn:hl7-org:cql-annotations:r1}s",
              "declaredType" : "org.hl7.cql_annotations.r1.Narrative",
              "scope" : "javax.xml.bind.JAXBElement$GlobalScope",
              "value" : {
                "s" : [ " display ", "'Pregnant (finding)'" ]
              },
              "globalScope" : true
            } ],
            "r" : "12"
          }
        } ],
        "localId" : "12",
        "locator" : "14:1-14:83",
        "name" : "Pregnant (finding)",
        "id" : "77386006",
        "display" : "Pregnant (finding)",
        "accessLevel" : "Public"
      }, {
        "type" : "CodeDef",
        "codeSystem" : {
          "type" : "CodeSystemRef",
          "localId" : "13",
          "locator" : "15:55-15:61",
          "name" : "LOINC"
        },
        "annotation" : [ {
          "s" : {
            "s" : [ {
              "name" : "{urn:hl7-org:cql-annotations:r1}s",
              "declaredType" : "org.hl7.cql_annotations.r1.Narrative",
              "scope" : "javax.xml.bind.JAXBElement$GlobalScope",
              "value" : {
                "s" : [ "code ", "\"HIV 1 RNA NAA+probe (Specimen)\"", ": ", "'25836-8'", " from " ]
              },
              "globalScope" : true
            }, {
              "name" : "{urn:hl7-org:cql-annotations:r1}s",
              "declaredType" : "org.hl7.cql_annotations.r1.Narrative",
              "scope" : "javax.xml.bind.JAXBElement$GlobalScope",
              "value" : {
                "s" : [ {
                  "name" : "{urn:hl7-org:cql-annotations:r1}s",
                  "declaredType" : "org.hl7.cql_annotations.r1.Narrative",
                  "scope" : "javax.xml.bind.JAXBElement$GlobalScope",
                  "value" : {
                    "s" : [ "\"LOINC\"" ]
                  },
                  "globalScope" : true
                } ],
                "r" : "13"
              },
              "globalScope" : true
            }, {
              "name" : "{urn:hl7-org:cql-annotations:r1}s",
              "declaredType" : "org.hl7.cql_annotations.r1.Narrative",
              "scope" : "javax.xml.bind.JAXBElement$GlobalScope",
              "value" : {
                "s" : [ " display ", "'HIV 1 RNA NAA+probe (Specimen)'" ]
              },
              "globalScope" : true
            } ],
            "r" : "14"
          }
        } ],
        "localId" : "14",
        "locator" : "15:1-15:102",
        "name" : "HIV 1 RNA NAA+probe (Specimen)",
        "id" : "25836-8",
        "display" : "HIV 1 RNA NAA+probe (Specimen)",
        "accessLevel" : "Public"
      } ]
    },
    "contexts" : {
      "type" : "Library$Contexts",
      "def" : [ {
        "type" : "ContextDef",
        "locator" : "17:1-17:15",
        "name" : "Patient"
      }, {
        "type" : "ContextDef",
        "locator" : "25:1-25:18",
        "name" : "Unfiltered"
      } ]
    },
    "statements" : {
      "type" : "Library$Statements",
      "def" : [ {
        "type" : "ExpressionDef",
        "expression" : {
          "type" : "SingletonFrom",
          "operand" : {
            "type" : "Retrieve",
            "locator" : "17:1-17:15",
            "dataType" : "{http://hl7.org/fhir}Patient",
            "templateId" : "http://hl7.org/fhir/StructureDefinition/Patient"
          }
        },
        "locator" : "17:1-17:15",
        "name" : "Patient",
        "context" : "Patient"
      }, {
        "type" : "ExpressionDef",
        "expression" : {
          "type" : "Query",
          "source" : [ {
            "type" : "AliasedQuerySource",
            "expression" : {
              "type" : "Property",
              "source" : {
                "type" : "ExpressionRef",
                "localId" : "15",
                "locator" : "21:3-21:9",
                "name" : "Patient"
              },
              "localId" : "16",
              "locator" : "21:3-21:14",
              "path" : "link"
            },
            "alias" : "$this"
          } ],
          "where" : {
            "type" : "Not",
            "operand" : {
              "type" : "IsNull",
              "operand" : {
                "type" : "Property",
                "source" : {
                  "type" : "AliasRef",
                  "name" : "$this"
                },
                "path" : "other"
              }
            }
          },
          "return" : {
            "type" : "ReturnClause",
            "expression" : {
              "type" : "Property",
              "source" : {
                "type" : "AliasRef",
                "name" : "$this"
              },
              "path" : "other"
            }
          },
          "localId" : "17",
          "locator" : "21:3-21:20"
        },
        "annotation" : [ {
          "s" : {
            "s" : [ {
              "name" : "{urn:hl7-org:cql-annotations:r1}s",
              "declaredType" : "org.hl7.cql_annotations.r1.Narrative",
              "scope" : "javax.xml.bind.JAXBElement$GlobalScope",
              "value" : {
                "s" : [ "define ", "\"LinkedPatients\"", ":\n  // returns a list of fhir.references\n  " ]
              },
              "globalScope" : true
            }, {
              "name" : "{urn:hl7-org:cql-annotations:r1}s",
              "declaredType" : "org.hl7.cql_annotations.r1.Narrative",
              "scope" : "javax.xml.bind.JAXBElement$GlobalScope",
              "value" : {
                "s" : [ {
                  "name" : "{urn:hl7-org:cql-annotations:r1}s",
                  "declaredType" : "org.hl7.cql_annotations.r1.Narrative",
                  "scope" : "javax.xml.bind.JAXBElement$GlobalScope",
                  "value" : {
                    "s" : [ {
                      "name" : "{urn:hl7-org:cql-annotations:r1}s",
                      "declaredType" : "org.hl7.cql_annotations.r1.Narrative",
                      "scope" : "javax.xml.bind.JAXBElement$GlobalScope",
                      "value" : {
                        "s" : [ {
                          "name" : "{urn:hl7-org:cql-annotations:r1}s",
                          "declaredType" : "org.hl7.cql_annotations.r1.Narrative",
                          "scope" : "javax.xml.bind.JAXBElement$GlobalScope",
                          "value" : {
                            "s" : [ "Patient" ]
                          },
                          "globalScope" : true
                        } ],
                        "r" : "15"
                      },
                      "globalScope" : true
                    }, {
                      "name" : "{urn:hl7-org:cql-annotations:r1}s",
                      "declaredType" : "org.hl7.cql_annotations.r1.Narrative",
                      "scope" : "javax.xml.bind.JAXBElement$GlobalScope",
                      "value" : {
                        "s" : [ "." ]
                      },
                      "globalScope" : true
                    }, {
                      "name" : "{urn:hl7-org:cql-annotations:r1}s",
                      "declaredType" : "org.hl7.cql_annotations.r1.Narrative",
                      "scope" : "javax.xml.bind.JAXBElement$GlobalScope",
                      "value" : {
                        "s" : [ {
                          "name" : "{urn:hl7-org:cql-annotations:r1}s",
                          "declaredType" : "org.hl7.cql_annotations.r1.Narrative",
                          "scope" : "javax.xml.bind.JAXBElement$GlobalScope",
                          "value" : {
                            "s" : [ "link" ]
                          },
                          "globalScope" : true
                        } ],
                        "r" : "16"
                      },
                      "globalScope" : true
                    } ],
                    "r" : "16"
                  },
                  "globalScope" : true
                }, {
                  "name" : "{urn:hl7-org:cql-annotations:r1}s",
                  "declaredType" : "org.hl7.cql_annotations.r1.Narrative",
                  "scope" : "javax.xml.bind.JAXBElement$GlobalScope",
                  "value" : {
                    "s" : [ "." ]
                  },
                  "globalScope" : true
                }, {
                  "name" : "{urn:hl7-org:cql-annotations:r1}s",
                  "declaredType" : "org.hl7.cql_annotations.r1.Narrative",
                  "scope" : "javax.xml.bind.JAXBElement$GlobalScope",
                  "value" : {
                    "s" : [ {
                      "name" : "{urn:hl7-org:cql-annotations:r1}s",
                      "declaredType" : "org.hl7.cql_annotations.r1.Narrative",
                      "scope" : "javax.xml.bind.JAXBElement$GlobalScope",
                      "value" : {
                        "s" : [ "other" ]
                      },
                      "globalScope" : true
                    } ],
                    "r" : "17"
                  },
                  "globalScope" : true
                } ],
                "r" : "17"
              },
              "globalScope" : true
            } ],
            "r" : "18"
          }
        } ],
        "localId" : "18",
        "locator" : "19:1-21:20",
        "name" : "LinkedPatients",
        "context" : "Patient",
        "accessLevel" : "Public"
      }, {
        "type" : "ExpressionDef",
        "expression" : {
          "type" : "Last",
          "source" : {
            "type" : "Split",
            "stringToSplit" : {
              "type" : "FunctionRef",
              "operand" : [ {
                "type" : "Property",
                "source" : {
                  "type" : "As",
                  "asTypeSpecifier" : {
                    "type" : "NamedTypeSpecifier",
                    "localId" : "22",
                    "locator" : "29:38-29:51",
                    "name" : "{http://hl7.org/fhir}Reference"
                  },
                  "operand" : {
                    "type" : "Indexer",
                    "operand" : [ {
                      "type" : "ExpressionRef",
                      "localId" : "19",
                      "locator" : "29:15-29:30",
                      "name" : "LinkedPatients"
                    }, {
                      "type" : "Literal",
                      "localId" : "20",
                      "locator" : "29:32",
                      "valueType" : "{urn:hl7-org:elm-types:r1}Integer",
                      "value" : "0"
                    } ],
                    "localId" : "21",
                    "locator" : "29:15-29:33"
                  },
                  "localId" : "23",
                  "locator" : "29:14-29:52"
                },
                "localId" : "24",
                "locator" : "29:14-29:62",
                "path" : "reference"
              } ],
              "name" : "ToString",
              "libraryName" : "FHIRHelpers"
            },
            "separator" : {
              "type" : "Literal",
              "localId" : "25",
              "locator" : "29:65-29:67",
              "valueType" : "{urn:hl7-org:elm-types:r1}String",
              "value" : "/"
            },
            "localId" : "26",
            "locator" : "29:8-29:68"
          },
          "localId" : "27",
          "locator" : "29:3-29:69"
        },
        "annotation" : [ {
          "s" : {
            "s" : [ {
              "name" : "{urn:hl7-org:cql-annotations:r1}s",
              "declaredType" : "org.hl7.cql_annotations.r1.Narrative",
              "scope" : "javax.xml.bind.JAXBElement$GlobalScope",
              "value" : {
                "s" : [ "define ", "\"GetPatientSomething\"", ":\n  // works for last patient\n  " ]
              },
              "globalScope" : true
            }, {
              "name" : "{urn:hl7-org:cql-annotations:r1}s",
              "declaredType" : "org.hl7.cql_annotations.r1.Narrative",
              "scope" : "javax.xml.bind.JAXBElement$GlobalScope",
              "value" : {
                "s" : [ {
                  "name" : "{urn:hl7-org:cql-annotations:r1}s",
                  "declaredType" : "org.hl7.cql_annotations.r1.Narrative",
                  "scope" : "javax.xml.bind.JAXBElement$GlobalScope",
                  "value" : {
                    "s" : [ "Last", "(" ]
                  },
                  "globalScope" : true
                }, {
                  "name" : "{urn:hl7-org:cql-annotations:r1}s",
                  "declaredType" : "org.hl7.cql_annotations.r1.Narrative",
                  "scope" : "javax.xml.bind.JAXBElement$GlobalScope",
                  "value" : {
                    "s" : [ {
                      "name" : "{urn:hl7-org:cql-annotations:r1}s",
                      "declaredType" : "org.hl7.cql_annotations.r1.Narrative",
                      "scope" : "javax.xml.bind.JAXBElement$GlobalScope",
                      "value" : {
                        "s" : [ "Split", "(" ]
                      },
                      "globalScope" : true
                    }, {
                      "name" : "{urn:hl7-org:cql-annotations:r1}s",
                      "declaredType" : "org.hl7.cql_annotations.r1.Narrative",
                      "scope" : "javax.xml.bind.JAXBElement$GlobalScope",
                      "value" : {
                        "s" : [ {
                          "name" : "{urn:hl7-org:cql-annotations:r1}s",
                          "declaredType" : "org.hl7.cql_annotations.r1.Narrative",
                          "scope" : "javax.xml.bind.JAXBElement$GlobalScope",
                          "value" : {
                            "s" : [ {
                              "name" : "{urn:hl7-org:cql-annotations:r1}s",
                              "declaredType" : "org.hl7.cql_annotations.r1.Narrative",
                              "scope" : "javax.xml.bind.JAXBElement$GlobalScope",
                              "value" : {
                                "s" : [ "(" ]
                              },
                              "globalScope" : true
                            }, {
                              "name" : "{urn:hl7-org:cql-annotations:r1}s",
                              "declaredType" : "org.hl7.cql_annotations.r1.Narrative",
                              "scope" : "javax.xml.bind.JAXBElement$GlobalScope",
                              "value" : {
                                "s" : [ {
                                  "name" : "{urn:hl7-org:cql-annotations:r1}s",
                                  "declaredType" : "org.hl7.cql_annotations.r1.Narrative",
                                  "scope" : "javax.xml.bind.JAXBElement$GlobalScope",
                                  "value" : {
                                    "s" : [ {
                                      "name" : "{urn:hl7-org:cql-annotations:r1}s",
                                      "declaredType" : "org.hl7.cql_annotations.r1.Narrative",
                                      "scope" : "javax.xml.bind.JAXBElement$GlobalScope",
                                      "value" : {
                                        "s" : [ {
                                          "name" : "{urn:hl7-org:cql-annotations:r1}s",
                                          "declaredType" : "org.hl7.cql_annotations.r1.Narrative",
                                          "scope" : "javax.xml.bind.JAXBElement$GlobalScope",
                                          "value" : {
                                            "s" : [ "\"LinkedPatients\"" ]
                                          },
                                          "globalScope" : true
                                        } ],
                                        "r" : "19"
                                      },
                                      "globalScope" : true
                                    }, {
                                      "name" : "{urn:hl7-org:cql-annotations:r1}s",
                                      "declaredType" : "org.hl7.cql_annotations.r1.Narrative",
                                      "scope" : "javax.xml.bind.JAXBElement$GlobalScope",
                                      "value" : {
                                        "s" : [ "[", "0", "]" ],
                                        "r" : "20"
                                      },
                                      "globalScope" : true
                                    } ],
                                    "r" : "21"
                                  },
                                  "globalScope" : true
                                }, {
                                  "name" : "{urn:hl7-org:cql-annotations:r1}s",
                                  "declaredType" : "org.hl7.cql_annotations.r1.Narrative",
                                  "scope" : "javax.xml.bind.JAXBElement$GlobalScope",
                                  "value" : {
                                    "s" : [ " as " ]
                                  },
                                  "globalScope" : true
                                }, {
                                  "name" : "{urn:hl7-org:cql-annotations:r1}s",
                                  "declaredType" : "org.hl7.cql_annotations.r1.Narrative",
                                  "scope" : "javax.xml.bind.JAXBElement$GlobalScope",
                                  "value" : {
                                    "s" : [ {
                                      "name" : "{urn:hl7-org:cql-annotations:r1}s",
                                      "declaredType" : "org.hl7.cql_annotations.r1.Narrative",
                                      "scope" : "javax.xml.bind.JAXBElement$GlobalScope",
                                      "value" : {
                                        "s" : [ "FHIR", ".", "Reference" ]
                                      },
                                      "globalScope" : true
                                    } ],
                                    "r" : "22"
                                  },
                                  "globalScope" : true
                                } ],
                                "r" : "23"
                              },
                              "globalScope" : true
                            }, {
                              "name" : "{urn:hl7-org:cql-annotations:r1}s",
                              "declaredType" : "org.hl7.cql_annotations.r1.Narrative",
                              "scope" : "javax.xml.bind.JAXBElement$GlobalScope",
                              "value" : {
                                "s" : [ ")" ]
                              },
                              "globalScope" : true
                            } ],
                            "r" : "23"
                          },
                          "globalScope" : true
                        }, {
                          "name" : "{urn:hl7-org:cql-annotations:r1}s",
                          "declaredType" : "org.hl7.cql_annotations.r1.Narrative",
                          "scope" : "javax.xml.bind.JAXBElement$GlobalScope",
                          "value" : {
                            "s" : [ "." ]
                          },
                          "globalScope" : true
                        }, {
                          "name" : "{urn:hl7-org:cql-annotations:r1}s",
                          "declaredType" : "org.hl7.cql_annotations.r1.Narrative",
                          "scope" : "javax.xml.bind.JAXBElement$GlobalScope",
                          "value" : {
                            "s" : [ {
                              "name" : "{urn:hl7-org:cql-annotations:r1}s",
                              "declaredType" : "org.hl7.cql_annotations.r1.Narrative",
                              "scope" : "javax.xml.bind.JAXBElement$GlobalScope",
                              "value" : {
                                "s" : [ "reference" ]
                              },
                              "globalScope" : true
                            } ],
                            "r" : "24"
                          },
                          "globalScope" : true
                        } ],
                        "r" : "24"
                      },
                      "globalScope" : true
                    }, {
                      "name" : "{urn:hl7-org:cql-annotations:r1}s",
                      "declaredType" : "org.hl7.cql_annotations.r1.Narrative",
                      "scope" : "javax.xml.bind.JAXBElement$GlobalScope",
                      "value" : {
                        "s" : [ ", " ]
                      },
                      "globalScope" : true
                    }, {
                      "name" : "{urn:hl7-org:cql-annotations:r1}s",
                      "declaredType" : "org.hl7.cql_annotations.r1.Narrative",
                      "scope" : "javax.xml.bind.JAXBElement$GlobalScope",
                      "value" : {
                        "s" : [ {
                          "name" : "{urn:hl7-org:cql-annotations:r1}s",
                          "declaredType" : "org.hl7.cql_annotations.r1.Narrative",
                          "scope" : "javax.xml.bind.JAXBElement$GlobalScope",
                          "value" : {
                            "s" : [ "'/'" ]
                          },
                          "globalScope" : true
                        } ],
                        "r" : "25"
                      },
                      "globalScope" : true
                    }, {
                      "name" : "{urn:hl7-org:cql-annotations:r1}s",
                      "declaredType" : "org.hl7.cql_annotations.r1.Narrative",
                      "scope" : "javax.xml.bind.JAXBElement$GlobalScope",
                      "value" : {
                        "s" : [ ")" ]
                      },
                      "globalScope" : true
                    } ],
                    "r" : "26"
                  },
                  "globalScope" : true
                }, {
                  "name" : "{urn:hl7-org:cql-annotations:r1}s",
                  "declaredType" : "org.hl7.cql_annotations.r1.Narrative",
                  "scope" : "javax.xml.bind.JAXBElement$GlobalScope",
                  "value" : {
                    "s" : [ ")" ]
                  },
                  "globalScope" : true
                } ],
                "r" : "27"
              },
              "globalScope" : true
            } ],
            "r" : "28"
          }
        } ],
        "localId" : "28",
        "locator" : "27:1-29:69",
        "name" : "GetPatientSomething",
        "context" : "Unfiltered",
        "accessLevel" : "Public"
      }, {
        "type" : "ExpressionDef",
        "expression" : {
          "type" : "Split",
          "stringToSplit" : {
            "type" : "FunctionRef",
            "operand" : [ {
              "type" : "Property",
              "source" : {
                "type" : "As",
                "asTypeSpecifier" : {
                  "type" : "NamedTypeSpecifier",
                  "localId" : "32",
                  "locator" : "32:33-32:46",
                  "name" : "{http://hl7.org/fhir}Reference"
                },
                "operand" : {
                  "type" : "Indexer",
                  "operand" : [ {
                    "type" : "ExpressionRef",
                    "localId" : "29",
                    "locator" : "32:10-32:25",
                    "name" : "LinkedPatients"
                  }, {
                    "type" : "Literal",
                    "localId" : "30",
                    "locator" : "32:27",
                    "valueType" : "{urn:hl7-org:elm-types:r1}Integer",
                    "value" : "0"
                  } ],
                  "localId" : "31",
                  "locator" : "32:10-32:28"
                },
                "localId" : "33",
                "locator" : "32:9-32:47"
              },
              "localId" : "34",
              "locator" : "32:9-32:57",
              "path" : "reference"
            } ],
            "name" : "ToString",
            "libraryName" : "FHIRHelpers"
          },
          "separator" : {
            "type" : "Literal",
            "localId" : "35",
            "locator" : "32:60-32:62",
            "valueType" : "{urn:hl7-org:elm-types:r1}String",
            "value" : "/"
          },
          "localId" : "36",
          "locator" : "32:3-32:63"
        },
        "annotation" : [ {
          "s" : {
            "s" : [ {
              "name" : "{urn:hl7-org:cql-annotations:r1}s",
              "declaredType" : "org.hl7.cql_annotations.r1.Narrative",
              "scope" : "javax.xml.bind.JAXBElement$GlobalScope",
              "value" : {
                "s" : [ "define ", "\"Hey\"", ":\n  " ]
              },
              "globalScope" : true
            }, {
              "name" : "{urn:hl7-org:cql-annotations:r1}s",
              "declaredType" : "org.hl7.cql_annotations.r1.Narrative",
              "scope" : "javax.xml.bind.JAXBElement$GlobalScope",
              "value" : {
                "s" : [ {
                  "name" : "{urn:hl7-org:cql-annotations:r1}s",
                  "declaredType" : "org.hl7.cql_annotations.r1.Narrative",
                  "scope" : "javax.xml.bind.JAXBElement$GlobalScope",
                  "value" : {
                    "s" : [ "Split", "(" ]
                  },
                  "globalScope" : true
                }, {
                  "name" : "{urn:hl7-org:cql-annotations:r1}s",
                  "declaredType" : "org.hl7.cql_annotations.r1.Narrative",
                  "scope" : "javax.xml.bind.JAXBElement$GlobalScope",
                  "value" : {
                    "s" : [ {
                      "name" : "{urn:hl7-org:cql-annotations:r1}s",
                      "declaredType" : "org.hl7.cql_annotations.r1.Narrative",
                      "scope" : "javax.xml.bind.JAXBElement$GlobalScope",
                      "value" : {
                        "s" : [ {
                          "name" : "{urn:hl7-org:cql-annotations:r1}s",
                          "declaredType" : "org.hl7.cql_annotations.r1.Narrative",
                          "scope" : "javax.xml.bind.JAXBElement$GlobalScope",
                          "value" : {
                            "s" : [ "(" ]
                          },
                          "globalScope" : true
                        }, {
                          "name" : "{urn:hl7-org:cql-annotations:r1}s",
                          "declaredType" : "org.hl7.cql_annotations.r1.Narrative",
                          "scope" : "javax.xml.bind.JAXBElement$GlobalScope",
                          "value" : {
                            "s" : [ {
                              "name" : "{urn:hl7-org:cql-annotations:r1}s",
                              "declaredType" : "org.hl7.cql_annotations.r1.Narrative",
                              "scope" : "javax.xml.bind.JAXBElement$GlobalScope",
                              "value" : {
                                "s" : [ {
                                  "name" : "{urn:hl7-org:cql-annotations:r1}s",
                                  "declaredType" : "org.hl7.cql_annotations.r1.Narrative",
                                  "scope" : "javax.xml.bind.JAXBElement$GlobalScope",
                                  "value" : {
                                    "s" : [ {
                                      "name" : "{urn:hl7-org:cql-annotations:r1}s",
                                      "declaredType" : "org.hl7.cql_annotations.r1.Narrative",
                                      "scope" : "javax.xml.bind.JAXBElement$GlobalScope",
                                      "value" : {
                                        "s" : [ "\"LinkedPatients\"" ]
                                      },
                                      "globalScope" : true
                                    } ],
                                    "r" : "29"
                                  },
                                  "globalScope" : true
                                }, {
                                  "name" : "{urn:hl7-org:cql-annotations:r1}s",
                                  "declaredType" : "org.hl7.cql_annotations.r1.Narrative",
                                  "scope" : "javax.xml.bind.JAXBElement$GlobalScope",
                                  "value" : {
                                    "s" : [ "[", "0", "]" ],
                                    "r" : "30"
                                  },
                                  "globalScope" : true
                                } ],
                                "r" : "31"
                              },
                              "globalScope" : true
                            }, {
                              "name" : "{urn:hl7-org:cql-annotations:r1}s",
                              "declaredType" : "org.hl7.cql_annotations.r1.Narrative",
                              "scope" : "javax.xml.bind.JAXBElement$GlobalScope",
                              "value" : {
                                "s" : [ " as " ]
                              },
                              "globalScope" : true
                            }, {
                              "name" : "{urn:hl7-org:cql-annotations:r1}s",
                              "declaredType" : "org.hl7.cql_annotations.r1.Narrative",
                              "scope" : "javax.xml.bind.JAXBElement$GlobalScope",
                              "value" : {
                                "s" : [ {
                                  "name" : "{urn:hl7-org:cql-annotations:r1}s",
                                  "declaredType" : "org.hl7.cql_annotations.r1.Narrative",
                                  "scope" : "javax.xml.bind.JAXBElement$GlobalScope",
                                  "value" : {
                                    "s" : [ "FHIR", ".", "Reference" ]
                                  },
                                  "globalScope" : true
                                } ],
                                "r" : "32"
                              },
                              "globalScope" : true
                            } ],
                            "r" : "33"
                          },
                          "globalScope" : true
                        }, {
                          "name" : "{urn:hl7-org:cql-annotations:r1}s",
                          "declaredType" : "org.hl7.cql_annotations.r1.Narrative",
                          "scope" : "javax.xml.bind.JAXBElement$GlobalScope",
                          "value" : {
                            "s" : [ ")" ]
                          },
                          "globalScope" : true
                        } ],
                        "r" : "33"
                      },
                      "globalScope" : true
                    }, {
                      "name" : "{urn:hl7-org:cql-annotations:r1}s",
                      "declaredType" : "org.hl7.cql_annotations.r1.Narrative",
                      "scope" : "javax.xml.bind.JAXBElement$GlobalScope",
                      "value" : {
                        "s" : [ "." ]
                      },
                      "globalScope" : true
                    }, {
                      "name" : "{urn:hl7-org:cql-annotations:r1}s",
                      "declaredType" : "org.hl7.cql_annotations.r1.Narrative",
                      "scope" : "javax.xml.bind.JAXBElement$GlobalScope",
                      "value" : {
                        "s" : [ {
                          "name" : "{urn:hl7-org:cql-annotations:r1}s",
                          "declaredType" : "org.hl7.cql_annotations.r1.Narrative",
                          "scope" : "javax.xml.bind.JAXBElement$GlobalScope",
                          "value" : {
                            "s" : [ "reference" ]
                          },
                          "globalScope" : true
                        } ],
                        "r" : "34"
                      },
                      "globalScope" : true
                    } ],
                    "r" : "34"
                  },
                  "globalScope" : true
                }, {
                  "name" : "{urn:hl7-org:cql-annotations:r1}s",
                  "declaredType" : "org.hl7.cql_annotations.r1.Narrative",
                  "scope" : "javax.xml.bind.JAXBElement$GlobalScope",
                  "value" : {
                    "s" : [ ", " ]
                  },
                  "globalScope" : true
                }, {
                  "name" : "{urn:hl7-org:cql-annotations:r1}s",
                  "declaredType" : "org.hl7.cql_annotations.r1.Narrative",
                  "scope" : "javax.xml.bind.JAXBElement$GlobalScope",
                  "value" : {
                    "s" : [ {
                      "name" : "{urn:hl7-org:cql-annotations:r1}s",
                      "declaredType" : "org.hl7.cql_annotations.r1.Narrative",
                      "scope" : "javax.xml.bind.JAXBElement$GlobalScope",
                      "value" : {
                        "s" : [ "'/'" ]
                      },
                      "globalScope" : true
                    } ],
                    "r" : "35"
                  },
                  "globalScope" : true
                }, {
                  "name" : "{urn:hl7-org:cql-annotations:r1}s",
                  "declaredType" : "org.hl7.cql_annotations.r1.Narrative",
                  "scope" : "javax.xml.bind.JAXBElement$GlobalScope",
                  "value" : {
                    "s" : [ ")" ]
                  },
                  "globalScope" : true
                } ],
                "r" : "36"
              },
              "globalScope" : true
            } ],
            "r" : "37"
          }
        } ],
        "localId" : "37",
        "locator" : "31:1-32:63",
        "name" : "Hey",
        "context" : "Unfiltered",
        "accessLevel" : "Public"
      } ]
    },
    "annotation" : [ {
      "translatorOptions" : "EnableAnnotations,EnableLocators,DisableListDemotion,DisableListPromotion"
    } ]
  }
}