{
  "resourceType": "Location",
  "id": "Location-HIVSimple3",
  "text": {
    "status": "generated",
    "div": "<div xmlns=\"http://www.w3.org/1999/xhtml\"><p><b>Generated Narrative</b></p><div style=\"display: inline-block; background-color: #d9e0e7; padding: 6px; margin: 4px; border: 1px solid #8da1b4; border-radius: 5px; line-height: 60%\"><p style=\"margin-bottom: 0px\">Resource \"Location-HIVSimple3\" </p></div><p><b>identifier</b>: id: Location-HIVSimple3</p><p><b>managingOrganization</b>: <a href=\"Organization-Organization-HIVSimple3.html\">Organization/Organization-HIVSimple3</a> \"Government Hospital\"</p></div>"
  },
  "identifier": [
    {
      "system": "https://github.com/synthetichealth/synthea",
      "value": "Location-HIVSimple3"
    }
  ],
  "managingOrganization": {
    "reference": "Organization/Organization-HIVSimple3"
  }
}