{
  "resourceType": "Location",
  "id": "Location-101",
  "text": {
    "status": "generated",
    "div": "<div xmlns=\"http://www.w3.org/1999/xhtml\"><p><b>Generated Narrative</b></p><div style=\"display: inline-block; background-color: #d9e0e7; padding: 6px; margin: 4px; border: 1px solid #8da1b4; border-radius: 5px; line-height: 60%\"><p style=\"margin-bottom: 0px\">Resource \"Location-101\" </p></div><p><b>identifier</b>: id: Location-101</p><p><b>managingOrganization</b>: <span></span></p></div>"
  },
  "identifier": [
    {
      "system": "https://github.com/synthetichealth/synthea",
      "value": "Location-101"
    }
  ],
  "managingOrganization": {
    "identifier": {
      "system": "https://github.com/synthetichealth/synthea",
      "value": "Organization-101"
    }
  }
}