<?xml version="1.0" encoding="UTF-8"?>

<Location xmlns="http://hl7.org/fhir">
  <id value="Location-HIVSimple3"/>
  <text>
    <status value="generated"/><div xmlns="http://www.w3.org/1999/xhtml"><p><b>Generated Narrative</b></p><div style="display: inline-block; background-color: #d9e0e7; padding: 6px; margin: 4px; border: 1px solid #8da1b4; border-radius: 5px; line-height: 60%"><p style="margin-bottom: 0px">Resource "Location-HIVSimple3" </p></div><p><b>identifier</b>: id: Location-HIVSimple3</p><p><b>managingOrganization</b>: <a href="Organization-Organization-HIVSimple3.html">Organization/Organization-HIVSimple3</a> "Government Hospital"</p></div>
  </text>
  <identifier>
    <system value="https://github.com/synthetichealth/synthea"/>
    <value value="Location-HIVSimple3"/>
  </identifier>
  <managingOrganization>
    <reference value="Organization/Organization-HIVSimple3"/>
  </managingOrganization>
</Location>