<?xml version="1.0" encoding="UTF-8"?>

<Measure xmlns="http://hl7.org/fhir">
  <id value="HIVSimpleGenderSuppDataIndiv"/>
  <text>
    <status value="generated"/><div xmlns="http://www.w3.org/1999/xhtml"><p><b>Generated Narrative</b></p><p><b>url</b>: <code>Measure/HIVSimpleGenderSuppDataIndiv</code></p><p><b>identifier</b>: id: HIVSimpleGenderSuppDataIndiv</p><p><b>version</b>: 0.1.0</p><p><b>name</b>: HIVSimpleGenderSuppDataIndiv</p><p><b>title</b>: HIVSimpleGenderSuppDataIndiv</p><p><b>status</b>: draft</p><p><b>experimental</b>: true</p><p><b>date</b>: 2021-03-01</p><p><b>publisher</b>: IntraHealth International</p><p><b>contact</b>: <a href="http://hl7.org/Special/committees/[something]">http://hl7.org/Special/committees/[something]</a></p><p><b>description</b>: HIVSimpleGenderSuppDataIndiv</p><p><b>library</b>: <code>Library/HIVSimpleGender</code></p><p><b>scoring</b>: <span title="Codes: ">proportion</span></p><p><b>type</b>: <span title="Codes: ">individual</span></p><blockquote><p><b>group</b></p><p><b>code</b>: <span title="Codes: ">cohort</span></p><p><b>description</b>: HIVSimpleGenderSuppDataIndiv Cohort</p><blockquote><p><b>population</b></p><p><b>code</b>: <span title="Codes: {http://terminology.hl7.org/CodeSystem/measure-population initial-population}">Initial Population</span></p><p><b>description</b>: HIVSimpleGenderSuppDataIndiv Initial Population</p><h3>Criteria</h3><table class="grid"><tr><td>-</td></tr><tr><td>*</td></tr></table></blockquote><blockquote><p><b>population</b></p><p><b>code</b>: <span title="Codes: {http://terminology.hl7.org/CodeSystem/measure-population numerator}">Numerator</span></p><p><b>description</b>: HIVSimpleGenderSuppDataIndiv Numerator</p><h3>Criteria</h3><table class="grid"><tr><td>-</td></tr><tr><td>*</td></tr></table></blockquote><blockquote><p><b>population</b></p><p><b>code</b>: <span title="Codes: {http://terminology.hl7.org/CodeSystem/measure-population denominator}">Denominator</span></p><p><b>description</b>: HIVSimpleGenderSuppDataIndiv Denominator</p><h3>Criteria</h3><table class="grid"><tr><td>-</td></tr><tr><td>*</td></tr></table></blockquote><blockquote><p><b>stratifier</b></p><p><b>code</b>: <span title="Codes: ">supplemental-data-example-define</span></p><h3>Criteria</h3><table class="grid"><tr><td>-</td></tr><tr><td>*</td></tr></table></blockquote><blockquote><p><b>stratifier</b></p><p><b>code</b>: <span title="Codes: ">stratifier-gender</span></p><h3>Criteria</h3><table class="grid"><tr><td>-</td></tr><tr><td>*</td></tr></table></blockquote></blockquote><blockquote><p><b>supplementalData</b></p><p><b>code</b>: <span title="Codes: ">supplemental-data-example-define</span></p><h3>Criteria</h3><table class="grid"><tr><td>-</td></tr><tr><td>*</td></tr></table></blockquote></div>
  </text>
  <url value="Measure/HIVSimpleGenderSuppDataIndiv"/>
  <identifier>
    <system value="http://ohie.org/Measure/"/>
    <value value="HIVSimpleGenderSuppDataIndiv"/>
  </identifier>
  <version value="0.1.0"/>
  <name value="HIVSimpleGenderSuppDataIndiv"/>
  <title value="HIVSimpleGenderSuppDataIndiv"/>
  <status value="draft"/>
  <experimental value="true"/>
  <date value="2021-03-01"/>
  <publisher value="IntraHealth International"/>
  <contact>
    <telecom>
      <system value="url"/>
      <value value="http://hl7.org/Special/committees/[something]"/>
    </telecom>
  </contact>
  <description value="HIVSimpleGenderSuppDataIndiv"/>
  <library value="Library/HIVSimpleGender"/>
  <scoring>
    <coding>
      <code value="proportion"/>
    </coding>
  </scoring>
  <type>
    <coding>
      <code value="individual"/>
    </coding>
  </type>
  <group>
    <code>
      <text value="cohort"/>
    </code>
    <description value="HIVSimpleGenderSuppDataIndiv Cohort"/>
    <population>
      <code>
        <coding>
          <system value="http://terminology.hl7.org/CodeSystem/measure-population"/>
          <code value="initial-population"/>
        </coding>
      </code>
      <description value="HIVSimpleGenderSuppDataIndiv Initial Population"/>
      <criteria>
        <language value="text/cql"/>
        <expression value="Initial Population"/>
      </criteria>
    </population>
    <population>
      <code>
        <coding>
          <system value="http://terminology.hl7.org/CodeSystem/measure-population"/>
          <code value="numerator"/>
        </coding>
      </code>
      <description value="HIVSimpleGenderSuppDataIndiv Numerator"/>
      <criteria>
        <language value="text/cql"/>
        <expression value="Numerator"/>
      </criteria>
    </population>
    <population>
      <code>
        <coding>
          <system value="http://terminology.hl7.org/CodeSystem/measure-population"/>
          <code value="denominator"/>
        </coding>
      </code>
      <description value="HIVSimpleGenderSuppDataIndiv Denominator"/>
      <criteria>
        <language value="text/cql"/>
        <expression value="Denominator"/>
      </criteria>
    </population>
    <stratifier>
      <code>
        <text value="supplemental-data-example-define"/>
      </code>
      <criteria>
        <language value="text/cql"/>
        <expression value="Female"/>
      </criteria>
    </stratifier>
    <stratifier>
      <code>
        <text value="stratifier-gender"/>
      </code>
      <criteria>
        <language value="text/fhirpath"/>
        <expression value="Patient.gender"/>
      </criteria>
    </stratifier>
  </group>
  <supplementalData>
    <code>
      <text value="supplemental-data-example-define"/>
    </code>
    <criteria>
      <language value="text/cql"/>
      <expression value="Female"/>
    </criteria>
  </supplementalData>
</Measure>