{
  "resourceType": "Measure",
  "id": "HIVSimpleViralLoad",
  "text": {
    "status": "generated",
    "div": "<div xmlns=\"http://www.w3.org/1999/xhtml\"><p><b>Generated Narrative</b></p><p><b>url</b>: <code>Measure/HIVSimpleViralLoad</code></p><p><b>identifier</b>: id: HIVSimpleViralLoad</p><p><b>version</b>: 0.1.0</p><p><b>name</b>: HIVSimpleViralLoad</p><p><b>title</b>: HIVSimpleViralLoad</p><p><b>status</b>: draft</p><p><b>experimental</b>: true</p><p><b>date</b>: 2018-03-08</p><p><b>publisher</b>: HL7 International - [Some] Work Group</p><p><b>contact</b>: <a href=\"http://hl7.org/Special/committees/[something]\">http://hl7.org/Special/committees/[something]</a></p><p><b>description</b>: HIVSimpleViralLoad</p><p><b>jurisdiction</b>: <span title=\"Codes: {http://unstats.un.org/unsd/methods/m49/m49.htm 001}\">World</span></p><h3>RelatedArtifacts</h3><table class=\"grid\"><tr><td>-</td></tr><tr><td>*</td></tr></table><p><b>library</b>: <code>Library/HIVSimpleViralLoad</code></p><p><b>scoring</b>: <span title=\"Codes: \">proportion</span></p><blockquote><p><b>group</b></p><p><b>code</b>: <span title=\"Codes: {http://terminology.hl7.org/CodeSystem/measure-population numerator}\">Numerator</span></p><p><b>description</b>: HIVSimpleViralLoad</p><blockquote><p><b>population</b></p><p><b>code</b>: <span title=\"Codes: \">cohort</span></p><h3>Criteria</h3><table class=\"grid\"><tr><td>-</td></tr><tr><td>*</td></tr></table></blockquote></blockquote><blockquote><p><b>group</b></p><p><b>code</b>: <span title=\"Codes: {http://terminology.hl7.org/CodeSystem/measure-population denominator}\">Denominator</span></p><p><b>description</b>: HIVSimpleViralLoad</p><blockquote><p><b>population</b></p><p><b>code</b>: <span title=\"Codes: \">cohort</span></p><h3>Criteria</h3><table class=\"grid\"><tr><td>-</td></tr><tr><td>*</td></tr></table></blockquote></blockquote></div>"
  },
  "url": "Measure/HIVSimpleViralLoad",
  "identifier": [
    {
      "system": "http://ohie.org/Measure/",
      "value": "HIVSimpleViralLoad"
    }
  ],
  "version": "0.1.0",
  "name": "HIVSimpleViralLoad",
  "title": "HIVSimpleViralLoad",
  "status": "draft",
  "experimental": true,
  "date": "2018-03-08",
  "publisher": "HL7 International - [Some] Work Group",
  "contact": [
    {
      "telecom": [
        {
          "system": "url",
          "value": "http://hl7.org/Special/committees/[something]"
        }
      ]
    }
  ],
  "description": "HIVSimpleViralLoad",
  "jurisdiction": [
    {
      "coding": [
        {
          "system": "http://unstats.un.org/unsd/methods/m49/m49.htm",
          "code": "001"
        }
      ]
    }
  ],
  "relatedArtifact": [
    {
      "type": "derived-from",
      "url": "http://wiki.ihe.net/index.php/Aggregate_Data_Exchange_-_HIV"
    }
  ],
  "library": [
    "Library/HIVSimpleViralLoad"
  ],
  "scoring": {
    "coding": [
      {
        "code": "proportion"
      }
    ]
  },
  "group": [
    {
      "code": {
        "coding": [
          {
            "system": "http://terminology.hl7.org/CodeSystem/measure-population",
            "code": "numerator"
          }
        ]
      },
      "description": "HIVSimpleViralLoad",
      "population": [
        {
          "code": {
            "text": "cohort"
          },
          "criteria": {
            "language": "text/cql-identifier",
            "expression": "Numerator"
          }
        }
      ]
    },
    {
      "code": {
        "coding": [
          {
            "system": "http://terminology.hl7.org/CodeSystem/measure-population",
            "code": "denominator"
          }
        ]
      },
      "description": "HIVSimpleViralLoad",
      "population": [
        {
          "code": {
            "text": "cohort"
          },
          "criteria": {
            "language": "text/cql",
            "expression": "Denominator"
          }
        }
      ]
    }
  ]
}