<?xml version="1.0" encoding="UTF-8"?>

<Measure xmlns="http://hl7.org/fhir">
  <id value="HIVSimpleCondition"/>
  <text>
    <status value="generated"/><div xmlns="http://www.w3.org/1999/xhtml"><p><b>Generated Narrative</b></p><p><b>url</b>: <code>Measure/HIVSimpleCondition</code></p><p><b>identifier</b>: id: HIVSimpleCondition</p><p><b>version</b>: 0.1.0</p><p><b>name</b>: HIVSimpleCondition</p><p><b>title</b>: HIVSimpleCondition</p><p><b>status</b>: draft</p><p><b>experimental</b>: true</p><p><b>date</b>: 2018-03-08</p><p><b>publisher</b>: IntraHealth International</p><p><b>contact</b>: <a href="http://hl7.org/Special/committees/[something]">http://hl7.org/Special/committees/[something]</a></p><p><b>description</b>: HIVSimpleCondition</p><p><b>library</b>: <code>Library/HIVSimpleCondition</code></p><p><b>scoring</b>: <span title="Codes: ">proportion</span></p><p><b>type</b>: <span title="Codes: ">process</span></p><blockquote><p><b>group</b></p><p><b>code</b>: <span title="Codes: ">cohort</span></p><p><b>description</b>: HIVSimpleCondition Cohort</p><blockquote><p><b>population</b></p><p><b>code</b>: <span title="Codes: {http://terminology.hl7.org/CodeSystem/measure-population initial-population}">Initial Population</span></p><p><b>description</b>: HIVSimpleCondition Initial Population</p><h3>Criteria</h3><table class="grid"><tr><td>-</td></tr><tr><td>*</td></tr></table></blockquote><blockquote><p><b>population</b></p><p><b>code</b>: <span title="Codes: {http://terminology.hl7.org/CodeSystem/measure-population numerator}">Numerator</span></p><p><b>description</b>: HIVSimpleCondition Numerator</p><h3>Criteria</h3><table class="grid"><tr><td>-</td></tr><tr><td>*</td></tr></table></blockquote><blockquote><p><b>population</b></p><p><b>code</b>: <span title="Codes: {http://terminology.hl7.org/CodeSystem/measure-population denominator}">Denominator</span></p><p><b>description</b>: HIVSimpleCondition Denominator</p><h3>Criteria</h3><table class="grid"><tr><td>-</td></tr><tr><td>*</td></tr></table></blockquote></blockquote></div>
  </text>
  <url value="Measure/HIVSimpleCondition"/>
  <identifier>
    <system value="http://ohie.org/Measure/"/>
    <value value="HIVSimpleCondition"/>
  </identifier>
  <version value="0.1.0"/>
  <name value="HIVSimpleCondition"/>
  <title value="HIVSimpleCondition"/>
  <status value="draft"/>
  <experimental value="true"/>
  <date value="2018-03-08"/>
  <publisher value="IntraHealth International"/>
  <contact>
    <telecom>
      <system value="url"/>
      <value value="http://hl7.org/Special/committees/[something]"/>
    </telecom>
  </contact>
  <description value="HIVSimpleCondition"/>
  <library value="Library/HIVSimpleCondition"/>
  <scoring>
    <coding>
      <code value="proportion"/>
    </coding>
  </scoring>
  <type>
    <coding>
      <code value="process"/>
    </coding>
  </type>
  <group>
    <code>
      <text value="cohort"/>
    </code>
    <description value="HIVSimpleCondition Cohort"/>
    <population>
      <code>
        <coding>
          <system value="http://terminology.hl7.org/CodeSystem/measure-population"/>
          <code value="initial-population"/>
        </coding>
      </code>
      <description value="HIVSimpleCondition Initial Population"/>
      <criteria>
        <language value="text/cql"/>
        <expression value="Initial Population"/>
      </criteria>
    </population>
    <population>
      <code>
        <coding>
          <system value="http://terminology.hl7.org/CodeSystem/measure-population"/>
          <code value="numerator"/>
        </coding>
      </code>
      <description value="HIVSimpleCondition Numerator"/>
      <criteria>
        <language value="text/cql"/>
        <expression value="Numerator"/>
      </criteria>
    </population>
    <population>
      <code>
        <coding>
          <system value="http://terminology.hl7.org/CodeSystem/measure-population"/>
          <code value="denominator"/>
        </coding>
      </code>
      <description value="HIVSimpleCondition Denominator"/>
      <criteria>
        <language value="text/cql"/>
        <expression value="Denominator"/>
      </criteria>
    </population>
  </group>
</Measure>