{
  "resourceType": "Measure",
  "id": "HIVSimpleGenderCohort-Measure",
  "text": {
    "status": "generated",
    "div": "<div xmlns=\"http://www.w3.org/1999/xhtml\"><p><b>Generated Narrative</b></p><p><b>url</b>: <code>Measure/HIVSimpleGenderCohort</code></p><p><b>identifier</b>: id: HIVSimpleGenderCohort</p><p><b>version</b>: 0.1.0</p><p><b>status</b>: draft</p><p><b>experimental</b>: true</p><p><b>date</b>: 2021-07-01</p><p><b>publisher</b>: IntraHealth International</p><p><b>contact</b>: <a href=\"http://hl7.org/Special/committees/[something]\">http://hl7.org/Special/committees/[something]</a></p><p><b>library</b>: <code>Library/HIVSimpleGender</code></p><p><b>scoring</b>: <span title=\"Codes: \">cohort</span></p><blockquote><p><b>group</b></p><blockquote><p><b>population</b></p><p><b>code</b>: <span title=\"Codes: {http://terminology.hl7.org/CodeSystem/measure-population initial-population}\">Initial Population</span></p><p><b>description</b>: Initial Population</p></blockquote></blockquote></div>"
  },
  "url": "Measure/HIVSimpleGenderCohort",
  "identifier": [
    {
      "system": "http://ohie.org/Measure/",
      "value": "HIVSimpleGenderCohort"
    }
  ],
  "version": "0.1.0",
  "status": "draft",
  "experimental": true,
  "date": "2021-07-01",
  "publisher": "IntraHealth International",
  "contact": [
    {
      "telecom": [
        {
          "system": "url",
          "value": "http://hl7.org/Special/committees/[something]"
        }
      ]
    }
  ],
  "library": [
    "Library/HIVSimpleGender"
  ],
  "scoring": {
    "coding": [
      {
        "code": "cohort"
      }
    ]
  },
  "group": [
    {
      "population": [
        {
          "code": {
            "coding": [
              {
                "system": "http://terminology.hl7.org/CodeSystem/measure-population",
                "code": "initial-population"
              }
            ]
          },
          "description": "Initial Population",
          "criteria": {
            "language": "text/cql",
            "expression": "Initial Population"
          }
        }
      ]
    }
  ]
}