<?xml version="1.0" encoding="UTF-8"?>

<Measure xmlns="http://hl7.org/fhir">
  <id value="HIVSimpleGenderSuppDataIndiv"/>
  <text>
    <status value="generated"/><div xmlns="http://www.w3.org/1999/xhtml"><p><b>Generated Narrative</b></p><p><b>url</b>: <code>https://intrahealth.github.io/simple-hiv-ig/Measure/HIVSimpleGenderSuppDataIndiv</code></p><p><b>identifier</b>: id: HIVSimpleGenderSuppDataIndiv</p><p><b>version</b>: 0.1.0</p><p><b>status</b>: draft</p><p><b>experimental</b>: true</p><p><b>date</b>: 2021-07-01</p><p><b>publisher</b>: IntraHealth International</p><p><b>contact</b>: <a href="http://hl7.org/Special/committees/[something]">http://hl7.org/Special/committees/[something]</a></p><p><b>library</b>: <a href="https://intrahealth.github.io/simple-hiv-ig/Library/KitchenSink">https://intrahealth.github.io/simple-hiv-ig/Library/KitchenSink</a></p><p><b>scoring</b>: <span title="Codes: {http://terminology.hl7.org/CodeSystem/measure-scoring proportion}">Proportion</span></p><blockquote><p><b>group</b></p><blockquote><p><b>population</b></p><p><b>code</b>: <span title="Codes: {http://terminology.hl7.org/CodeSystem/measure-population initial-population}">Initial Population</span></p><p><b>description</b>: Initial Population</p></blockquote><blockquote><p><b>population</b></p><p><b>code</b>: <span title="Codes: {http://terminology.hl7.org/CodeSystem/measure-population denominator}">Denominator</span></p><p><b>description</b>: Denominator</p></blockquote><blockquote><p><b>population</b></p><p><b>code</b>: <span title="Codes: {http://terminology.hl7.org/CodeSystem/measure-population numerator}">Numerator</span></p><p><b>description</b>: Numerator</p></blockquote></blockquote><blockquote><p><b>supplementalData</b></p><p><b>code</b>: <span title="Codes: ">supplemental-data-example-define-sex</span></p></blockquote><blockquote><p><b>supplementalData</b></p><p><b>code</b>: <span title="Codes: ">supplemental-data-example-define-location</span></p></blockquote></div>
  </text>
  <url value="https://intrahealth.github.io/simple-hiv-ig/Measure/HIVSimpleGenderSuppDataIndiv"/>
  <identifier>
    <system value="https://intrahealth.github.io/simple-hiv-ig/Measure/"/>
    <value value="HIVSimpleGenderSuppDataIndiv"/>
  </identifier>
  <version value="0.1.0"/>
  <status value="draft"/>
  <experimental value="true"/>
  <date value="2021-07-01"/>
  <publisher value="IntraHealth International"/>
  <contact>
    <telecom>
      <system value="url"/>
      <value value="http://hl7.org/Special/committees/[something]"/>
    </telecom>
  </contact>
  <library value="https://intrahealth.github.io/simple-hiv-ig/Library/KitchenSink"/>
  <scoring>
    <coding>
      <system value="http://terminology.hl7.org/CodeSystem/measure-scoring"/>
      <code value="proportion"/>
    </coding>
  </scoring>
  <group>
    <population>
      <code>
        <coding>
          <system value="http://terminology.hl7.org/CodeSystem/measure-population"/>
          <code value="initial-population"/>
        </coding>
      </code>
      <description value="Initial Population"/>
      <criteria>
        <language value="text/cql"/>
        <expression value="Initial Population"/>
      </criteria>
    </population>
    <population>
      <code>
        <coding>
          <system value="http://terminology.hl7.org/CodeSystem/measure-population"/>
          <code value="denominator"/>
        </coding>
      </code>
      <description value="Denominator"/>
      <criteria>
        <language value="text/cql"/>
        <expression value="Denominator"/>
      </criteria>
    </population>
    <population>
      <code>
        <coding>
          <system value="http://terminology.hl7.org/CodeSystem/measure-population"/>
          <code value="numerator"/>
        </coding>
      </code>
      <description value="Numerator"/>
      <criteria>
        <language value="text/cql"/>
        <expression value="Numerator"/>
      </criteria>
    </population>
  </group>
  <supplementalData>
    <code>
      <text value="supplemental-data-example-define-sex"/>
    </code>
    <criteria>
      <language value="text/cql"/>
      <expression value="SDE Sex"/>
    </criteria>
  </supplementalData>
  <supplementalData>
    <code>
      <text value="supplemental-data-example-define-location"/>
    </code>
    <criteria>
      <language value="text/cql"/>
      <expression value="SDE Location"/>
    </criteria>
  </supplementalData>
</Measure>