{
  "resourceType": "Observation",
  "id": "Observation-ViralLoad",
  "text": {
    "status": "generated",
    "div": "<div xmlns=\"http://www.w3.org/1999/xhtml\"><p><b>Generated Narrative</b></p><p></p><p><b>code</b>: <span title=\"Codes: {http://loinc.org 25836-8}\">HIV 1 RNA NAA+probe (Specimen)</span></p><p><b>subject</b>: <a href=\"Patient-Patient-HIVSimple.html\">Generated Summary: Mittens Cat; gender: female; birthDate: 1985-01-01</a></p><p><b>encounter</b>: <a href=\"Encounter-Encounter-ViralLoad.html\">Generated Summary: status: finished; <span title=\"{null ACUTE}\">ACUTE</span>; period: 2020-06-01 --&gt; 2020-06-01</a></p><p><b>value</b>: 741660 copies/mL</p></div>"
  },
  "status": "final",
  "code": {
    "coding": [
      {
        "system": "http://loinc.org",
        "code": "25836-8",
        "display": "HIV 1 RNA NAA+probe (Specimen)"
      }
    ]
  },
  "subject": {
    "reference": "Patient/Patient-HIVSimple"
  },
  "encounter": {
    "reference": "Encounter/Encounter-ViralLoad"
  },
  "valueQuantity": {
    "value": 741660,
    "unit": "copies/mL",
    "system": "http://unitsofmeasure.org",
    "code": "{copies}/mL"
  }
}