{
  "resourceType": "Organization",
  "id": "Organization-100",
  "text": {
    "status": "generated",
    "div": "<div xmlns=\"http://www.w3.org/1999/xhtml\"><p><b>Generated Narrative</b></p><div style=\"display: inline-block; background-color: #d9e0e7; padding: 6px; margin: 4px; border: 1px solid #8da1b4; border-radius: 5px; line-height: 60%\"><p style=\"margin-bottom: 0px\">Resource \"Organization-100\" </p></div><p><b>identifier</b>: id: Organization-100</p><p><b>name</b>: Organization-100 Government Hospital</p></div>"
  },
  "identifier": [
    {
      "system": "https://github.com/synthetichealth/synthea",
      "value": "Organization-100"
    }
  ],
  "name": "Organization-100 Government Hospital"
}