{
  "resourceType": "Patient",
  "id": "Patient-HIVSimple",
  "text": {
    "status": "generated",
    "div": "<div xmlns=\"http://www.w3.org/1999/xhtml\"><p><b>Generated Narrative</b></p><div style=\"display: inline-block; background-color: #d9e0e7; padding: 6px; margin: 4px; border: 1px solid #8da1b4; border-radius: 5px; line-height: 60%\"><p style=\"margin-bottom: 0px\">Resource \"Patient-HIVSimple\" </p></div><p><b>identifier</b>: id: 1234</p><p><b>name</b>: Mittens Cat</p><p><b>gender</b>: female</p><p><b>birthDate</b>: 1985-01-01</p></div>"
  },
  "identifier": [
    {
      "system": "https://intrahealth.github.io/simple-hiv-ig/CodeSystem/OpenCR",
      "value": "1234"
    }
  ],
  "name": [
    {
      "text": "Mittens Cat",
      "family": "Cat",
      "given": [
        "Mittens"
      ]
    }
  ],
  "gender": "female",
  "birthDate": "1985-01-01"
}