{"resourceType":"CodeSystem","id":"opencr-codesystem","text":{"status":"generated","div":"<div xmlns=\"http://www.w3.org/1999/xhtml\"><p>This code system https://github.com/intrahealth/client-registry defines the following codes:</p><table class=\"codes\"><tr><td style=\"white-space:nowrap\"><b>Code</b></td><td><b>Display</b></td></tr><tr><td style=\"white-space:nowrap\">1234<a name=\"opencr-codesystem-1234\"> </a></td><td>Golden Record</td></tr></table></div>"},"url":"https://github.com/intrahealth/client-registry","version":"0.1.0","name":"OpenCR","title":"OpenCR CodeSystem","status":"active","date":"2021-08-02T22:00:55+00:00","publisher":"Digital Health Team","contact":[{"name":"Digital Health Team","telecom":[{"system":"url","value":"https://www.intrahealth.org"},{"system":"email","value":"digitalhealth@intrahealth.org"}]},{"name":"Digital Health Team","telecom":[{"system":"email","value":"digitalhealth@intrahealth.org","use":"work"}]}],"description":"OpenCR CodeSystem","content":"complete","count":1,"concept":[{"code":"1234","display":"Golden Record"}]}