{"resourceType":"CodeSystem","id":"openhie-codesystem","text":{"status":"generated","div":"<div xmlns=\"http://www.w3.org/1999/xhtml\"><p>This code system http://ohie.org/CodeSystem defines the following codes:</p><table class=\"codes\"><tr><td style=\"white-space:nowrap\"><b>Code</b></td><td><b>Display</b></td></tr><tr><td style=\"white-space:nowrap\">cohort<a name=\"openhie-codesystem-cohort\"> </a></td><td>cohort</td></tr></table></div>"},"url":"http://ohie.org/CodeSystem","version":"0.1.0","name":"OpenHIE","title":"OpenHIE CodeSystem","status":"active","date":"2021-08-02T22:00:55+00:00","publisher":"Digital Health Team","contact":[{"name":"Digital Health Team","telecom":[{"system":"url","value":"https://www.intrahealth.org"},{"system":"email","value":"digitalhealth@intrahealth.org"}]},{"name":"Digital Health Team","telecom":[{"system":"email","value":"digitalhealth@intrahealth.org","use":"work"}]}],"description":"OpenHIE CodeSystem","content":"complete","count":1,"concept":[{"code":"cohort","display":"cohort"}]}