{"resourceType":"CodeSystem","id":"LocationCS","text":{"status":"generated","div":"<div xmlns=\"http://www.w3.org/1999/xhtml\"><p>This code system https://intrahealth.github.io/simple-hiv-ig/CodeSystem/LocationCS defines the following codes:</p><table class=\"codes\"><tr><td style=\"white-space:nowrap\"><b>Code</b></td><td><b>Display</b></td></tr><tr><td style=\"white-space:nowrap\">Location-HIVSimple<a name=\"LocationCS-Location-HIVSimple\"> </a></td><td>Location-HIVSimple</td></tr><tr><td style=\"white-space:nowrap\">Location-HIVSimple2<a name=\"LocationCS-Location-HIVSimple2\"> </a></td><td>Location-HIVSimple2</td></tr></table></div>"},"url":"https://intrahealth.github.io/simple-hiv-ig/CodeSystem/LocationCS","version":"0.1.0","name":"LocationCS","title":"LocationCS","status":"active","date":"2021-08-12T18:32:47+00:00","publisher":"Digital Health Team","contact":[{"name":"Digital Health Team","telecom":[{"system":"url","value":"https://www.intrahealth.org"},{"system":"email","value":"digitalhealth@intrahealth.org"}]},{"name":"Digital Health Team","telecom":[{"system":"email","value":"digitalhealth@intrahealth.org","use":"work"}]}],"description":"LocationCS","content":"complete","count":2,"concept":[{"code":"Location-HIVSimple","display":"Location-HIVSimple"},{"code":"Location-HIVSimple2","display":"Location-HIVSimple2"}]}