{"resourceType":"ImplementationGuide","id":"simple.hiv.ig","text":{"status":"extensions","div":"<div xmlns=\"http://www.w3.org/1999/xhtml\"><h2>SimpleHIVIG</h2><p>The official URL for this implementation guide is: </p><pre>https://intrahealth.github.io/simple-hiv-ig/ImplementationGuide/simple.hiv.ig</pre><div><p>A simple IG using HIV epidemic control as a an example for learners</p>\n</div></div>"},"url":"https://intrahealth.github.io/simple-hiv-ig/ImplementationGuide/simple.hiv.ig","version":"0.1.0","name":"SimpleHIVIG","title":"Simple HIV IG","status":"draft","experimental":false,"date":"2022-01-27T21:17:37+00:00","publisher":"IntraHealth International","contact":[{"telecom":[{"system":"url","value":"http://hl7.org/Special/committees/[something]"}]}],"description":"A simple IG using HIV epidemic control as a an example for learners","packageId":"simple.hiv.ig","license":"CC0-1.0","fhirVersion":["4.0.1"],"dependsOn":[{"uri":"http://somewhere.org/fhir/uv/mycontentig/ImplementationGuide/example.fhir.uv.mycontentig","packageId":"example.fhir.uv.myig","version":"dev"},{"id":"cpg","uri":"http://hl7.org/fhir/uv/cpg/ImplementationGuide/hl7.fhir.uv.cpg","packageId":"hl7.fhir.uv.cpg","version":"1.0.0"},{"id":"cqfm","uri":"http://hl7.org/fhir/us/cqfmeasures/ImplementationGuide/hl7.fhir.us.cqfmeasures","packageId":"hl7.fhir.us.cqfmeasures","version":"current"},{"id":"cqf","uri":"http://fhir.org/guides/cqf/ImplementationGuide/cqf.fhir.common","packageId":"cqf.fhir.common","version":"dev"}],"definition":{"extension":[{"extension":[{"url":"code","valueString":"copyrightyear"},{"url":"value","valueString":"2020+"}],"url":"http://hl7.org/fhir/tools/StructureDefinition/ig-parameter"},{"extension":[{"url":"code","valueString":"releaselabel"},{"url":"value","valueString":"CI Build"}],"url":"http://hl7.org/fhir/tools/StructureDefinition/ig-parameter"},{"extension":[{"url":"code","valueString":"path-liquid"},{"url":"value","valueString":"templates\\liquid"}],"url":"http://hl7.org/fhir/tools/StructureDefinition/ig-parameter"},{"extension":[{"url":"code","valueString":"autoload-resources"},{"url":"value","valueString":"true"}],"url":"http://hl7.org/fhir/tools/StructureDefinition/ig-parameter"},{"extension":[{"url":"code","valueString":"path-liquid"},{"url":"value","valueString":"template/liquid"}],"url":"http://hl7.org/fhir/tools/StructureDefinition/ig-parameter"},{"extension":[{"url":"code","valueString":"path-liquid"},{"url":"value","valueString":"input/liquid"}],"url":"http://hl7.org/fhir/tools/StructureDefinition/ig-parameter"},{"extension":[{"url":"code","valueString":"path-qa"},{"url":"value","valueString":"temp/qa"}],"url":"http://hl7.org/fhir/tools/StructureDefinition/ig-parameter"},{"extension":[{"url":"code","valueString":"path-temp"},{"url":"value","valueString":"temp/pages"}],"url":"http://hl7.org/fhir/tools/StructureDefinition/ig-parameter"},{"extension":[{"url":"code","valueString":"path-output"},{"url":"value","valueString":"output"}],"url":"http://hl7.org/fhir/tools/StructureDefinition/ig-parameter"},{"extension":[{"url":"code","valueString":"path-suppressed-warnings"},{"url":"value","valueString":"input/ignoreWarnings.txt"}],"url":"http://hl7.org/fhir/tools/StructureDefinition/ig-parameter"},{"extension":[{"url":"code","valueString":"path-history"},{"url":"value","valueString":"https://intrahealth.github.io/simple-hiv-ig/history.html"}],"url":"http://hl7.org/fhir/tools/StructureDefinition/ig-parameter"},{"extension":[{"url":"code","valueString":"template-html"},{"url":"value","valueString":"template-page.html"}],"url":"http://hl7.org/fhir/tools/StructureDefinition/ig-parameter"},{"extension":[{"url":"code","valueString":"template-md"},{"url":"value","valueString":"template-page-md.html"}],"url":"http://hl7.org/fhir/tools/StructureDefinition/ig-parameter"},{"extension":[{"url":"code","valueString":"apply-contact"},{"url":"value","valueString":"true"}],"url":"http://hl7.org/fhir/tools/StructureDefinition/ig-parameter"},{"extension":[{"url":"code","valueString":"apply-context"},{"url":"value","valueString":"true"}],"url":"http://hl7.org/fhir/tools/StructureDefinition/ig-parameter"},{"extension":[{"url":"code","valueString":"apply-copyright"},{"url":"value","valueString":"true"}],"url":"http://hl7.org/fhir/tools/StructureDefinition/ig-parameter"},{"extension":[{"url":"code","valueString":"apply-jurisdiction"},{"url":"value","valueString":"true"}],"url":"http://hl7.org/fhir/tools/StructureDefinition/ig-parameter"},{"extension":[{"url":"code","valueString":"apply-license"},{"url":"value","valueString":"true"}],"url":"http://hl7.org/fhir/tools/StructureDefinition/ig-parameter"},{"extension":[{"url":"code","valueString":"apply-publisher"},{"url":"value","valueString":"true"}],"url":"http://hl7.org/fhir/tools/StructureDefinition/ig-parameter"},{"extension":[{"url":"code","valueString":"apply-version"},{"url":"value","valueString":"true"}],"url":"http://hl7.org/fhir/tools/StructureDefinition/ig-parameter"},{"extension":[{"url":"code","valueString":"active-tables"},{"url":"value","valueString":"true"}],"url":"http://hl7.org/fhir/tools/StructureDefinition/ig-parameter"}],"grouping":[{"id":"-term-codesystem","name":"Terminology: Code Systems","description":"These define new code systems used by systems conforming to this implementation guide"},{"id":"-ka-library","name":"Knowledge Artifacts: Libraries","description":"These define logic, asset collections and other libraries as part of content in this implementation guide"},{"id":"-ka-measure","name":"Knowledge Artifacts: Measure","description":"These define measures as part of content in this implementation guide"},{"id":"-other","name":"Other","description":"These are resources that are used within this implementation guide that do not fit into one of the other categories"}],"resource":[{"extension":[{"url":"http://hl7.org/fhir/StructureDefinition/implementationguide-page","valueUri":"Device-cqf-tooling.html"}],"reference":{"reference":"Device/cqf-tooling"},"name":"Device/cqf-tooling","description":"A simple example showing how examples are defined and referenced","groupingId":"-other"},{"extension":[{"url":"http://hl7.org/fhir/StructureDefinition/implementationguide-page","valueUri":"Library-FHIRHelpers.html"}],"reference":{"reference":"Library/FHIRHelpers"},"name":"Library/FHIRHelpers","description":"A simple example showing how examples are defined and referenced","groupingId":"-ka-library"},{"extension":[{"url":"http://hl7.org/fhir/StructureDefinition/implementationguide-page","valueUri":"Library-FHIRCommon.html"}],"reference":{"reference":"Library/FHIRCommon"},"name":"Library/FHIRCommon","description":"A simple example showing how examples are defined and referenced","groupingId":"-ka-library"},{"extension":[{"url":"http://hl7.org/fhir/StructureDefinition/implementationguide-page","valueUri":"Library-KitchenSink.html"}],"reference":{"reference":"Library/KitchenSink"},"name":"Library/KitchenSink","description":"A simple example showing how examples are defined and referenced","groupingId":"-ka-library"},{"extension":[{"url":"http://hl7.org/fhir/StructureDefinition/implementationguide-page","valueUri":"Patient-Patient-GoldenRecord.html"}],"reference":{"reference":"Patient/Patient-GoldenRecord"},"name":"Patient/Patient-GoldenRecord","description":"A simple example showing how examples are defined and referenced","groupingId":"-other"},{"extension":[{"url":"http://hl7.org/fhir/StructureDefinition/implementationguide-page","valueUri":"Patient-Patient-HIVSimple.html"}],"reference":{"reference":"Patient/Patient-HIVSimple"},"name":"Patient/Patient-HIVSimple","description":"A simple example showing how examples are defined and referenced","groupingId":"-other"},{"extension":[{"url":"http://hl7.org/fhir/StructureDefinition/implementationguide-page","valueUri":"Patient-Patient-HIVSimple2.html"}],"reference":{"reference":"Patient/Patient-HIVSimple2"},"name":"Patient/Patient-HIVSimple2","description":"A simple example showing how examples are defined and referenced","groupingId":"-other"},{"extension":[{"url":"http://hl7.org/fhir/StructureDefinition/implementationguide-page","valueUri":"Measure-JustAgeGroup.html"}],"reference":{"reference":"Measure/JustAgeGroup"},"name":"Measure/JustAgeGroup","description":"A simple example showing how examples are defined and referenced","groupingId":"-ka-measure"},{"extension":[{"url":"http://hl7.org/fhir/StructureDefinition/implementationguide-page","valueUri":"Bundle-Example-HIVSimple.html"}],"reference":{"reference":"Bundle/Example-HIVSimple"},"name":"Bundle/Example-HIVSimple","description":"A simple example showing how examples are defined and referenced","groupingId":"-other"},{"extension":[{"url":"http://hl7.org/fhir/StructureDefinition/implementationguide-page","valueUri":"Encounter-Encounter-HIVSimple.html"}],"reference":{"reference":"Encounter/Encounter-HIVSimple"},"name":"Encounter/Encounter-HIVSimple","description":"A simple example showing how examples are defined and referenced","groupingId":"-other"},{"extension":[{"url":"http://hl7.org/fhir/StructureDefinition/implementationguide-page","valueUri":"Encounter-Encounter-HIVSimple2.html"}],"reference":{"reference":"Encounter/Encounter-HIVSimple2"},"name":"Encounter/Encounter-HIVSimple2","description":"A simple example showing how examples are defined and referenced","groupingId":"-other"},{"extension":[{"url":"http://hl7.org/fhir/StructureDefinition/implementationguide-page","valueUri":"DiagnosticReport-DiagnosticReport-HIVSimple.html"}],"reference":{"reference":"DiagnosticReport/DiagnosticReport-HIVSimple"},"name":"DiagnosticReport/DiagnosticReport-HIVSimple","description":"A simple example showing how examples are defined and referenced","groupingId":"-other"},{"extension":[{"url":"http://hl7.org/fhir/StructureDefinition/implementationguide-page","valueUri":"DiagnosticReport-DiagnosticReport-HIVSimple2.html"}],"reference":{"reference":"DiagnosticReport/DiagnosticReport-HIVSimple2"},"name":"DiagnosticReport/DiagnosticReport-HIVSimple2","description":"A simple example showing how examples are defined and referenced","groupingId":"-other"},{"extension":[{"url":"http://hl7.org/fhir/StructureDefinition/implementationguide-page","valueUri":"Condition-Condition-HIVSimple2.html"}],"reference":{"reference":"Condition/Condition-HIVSimple2"},"name":"Condition/Condition-HIVSimple2","description":"A simple example showing how examples are defined and referenced","groupingId":"-other"},{"extension":[{"url":"http://hl7.org/fhir/StructureDefinition/implementationguide-page","valueUri":"Condition-Condition-HIVSimple.html"}],"reference":{"reference":"Condition/Condition-HIVSimple"},"name":"Condition/Condition-HIVSimple","description":"A simple example showing how examples are defined and referenced","groupingId":"-other"},{"extension":[{"url":"http://hl7.org/fhir/StructureDefinition/implementationguide-page","valueUri":"Condition-Condition-Pregnancy.html"}],"reference":{"reference":"Condition/Condition-Pregnancy"},"name":"Condition/Condition-Pregnancy","description":"A simple example showing how examples are defined and referenced","groupingId":"-other"},{"extension":[{"url":"http://hl7.org/fhir/StructureDefinition/implementationguide-page","valueUri":"Condition-Condition-Pregnancy2.html"}],"reference":{"reference":"Condition/Condition-Pregnancy2"},"name":"Condition/Condition-Pregnancy2","description":"A simple example showing how examples are defined and referenced","groupingId":"-other"},{"extension":[{"url":"http://hl7.org/fhir/StructureDefinition/implementationguide-page","valueUri":"Observation-Observation-ViralLoad.html"}],"reference":{"reference":"Observation/Observation-ViralLoad"},"name":"Observation/Observation-ViralLoad","description":"A simple example showing how examples are defined and referenced","groupingId":"-other"},{"extension":[{"url":"http://hl7.org/fhir/StructureDefinition/implementationguide-page","valueUri":"Observation-Observation-ViralLoad2.html"}],"reference":{"reference":"Observation/Observation-ViralLoad2"},"name":"Observation/Observation-ViralLoad2","description":"A simple example showing how examples are defined and referenced","groupingId":"-other"},{"extension":[{"url":"http://hl7.org/fhir/StructureDefinition/implementationguide-page","valueUri":"DiagnosticReport-DiagnosticReport-ViralLoad.html"}],"reference":{"reference":"DiagnosticReport/DiagnosticReport-ViralLoad"},"name":"ODiagnosticReport/DiagnosticReport-ViralLoad","description":"A simple example showing how examples are defined and referenced","groupingId":"-other"},{"extension":[{"url":"http://hl7.org/fhir/StructureDefinition/implementationguide-page","valueUri":"DiagnosticReport-DiagnosticReport-ViralLoad2.html"}],"reference":{"reference":"DiagnosticReport/DiagnosticReport-ViralLoad2"},"name":"DiagnosticReport/DiagnosticReport-ViralLoad2","description":"A simple example showing how examples are defined and referenced","groupingId":"-other"},{"extension":[{"url":"http://hl7.org/fhir/StructureDefinition/implementationguide-page","valueUri":"Encounter-Encounter-ViralLoad.html"}],"reference":{"reference":"Encounter/Encounter-ViralLoad"},"name":"Encounter/Encounter-ViralLoad","description":"A simple example showing how examples are defined and referenced","groupingId":"-other"},{"extension":[{"url":"http://hl7.org/fhir/StructureDefinition/implementationguide-page","valueUri":"Encounter-Encounter-ViralLoad2.html"}],"reference":{"reference":"Encounter/Encounter-ViralLoad2"},"name":"Encounter/Encounter-ViralLoad2","description":"A simple example showing how examples are defined and referenced","groupingId":"-other"},{"extension":[{"url":"http://hl7.org/fhir/StructureDefinition/implementationguide-page","valueUri":"Observation-Observation-HIVSimple.html"}],"reference":{"reference":"Observation/Observation-HIVSimple"},"name":"Observation/Observation-HIVSimple","description":"A simple example showing how examples are defined and referenced","groupingId":"-other"},{"extension":[{"url":"http://hl7.org/fhir/StructureDefinition/implementationguide-page","valueUri":"Observation-Observation-HIVSimple2.html"}],"reference":{"reference":"Observation/Observation-HIVSimple2"},"name":"Observation/Observation-HIVSimple2","description":"A simple example showing how examples are defined and referenced","groupingId":"-other"},{"extension":[{"url":"http://hl7.org/fhir/StructureDefinition/implementationguide-page","valueUri":"Bundle-Example-HIVSimple2.html"}],"reference":{"reference":"Bundle/Example-HIVSimple2"},"name":"Bundle/Example-HIVSimple2","description":"A simple example showing how examples are defined and referenced","groupingId":"-other"},{"extension":[{"url":"http://hl7.org/fhir/StructureDefinition/implementationguide-page","valueUri":"Measure-Cohort.html"}],"reference":{"reference":"Measure/Cohort"},"name":"Measure/Cohort","description":"A simple example showing how examples are defined and referenced","groupingId":"-ka-measure"},{"extension":[{"url":"http://hl7.org/fhir/StructureDefinition/implementationguide-page","valueUri":"Measure-JustGender.html"}],"reference":{"reference":"Measure/JustGender"},"name":"Measure/JustGender","description":"A simple example showing how examples are defined and referenced","groupingId":"-ka-measure"},{"extension":[{"url":"http://hl7.org/fhir/StructureDefinition/implementationguide-page","valueUri":"Measure-JustLocation.html"}],"reference":{"reference":"Measure/JustLocation"},"name":"Measure/JustLocation","description":"A simple example showing how examples are defined and referenced","groupingId":"-ka-measure"},{"extension":[{"url":"http://hl7.org/fhir/StructureDefinition/implementationguide-page","valueUri":"Measure-AgeGroupGender.html"}],"reference":{"reference":"Measure/AgeGroupGender"},"name":"Measure/AgeGroupGender","description":"A simple example showing how examples are defined and referenced","groupingId":"-ka-measure"},{"extension":[{"url":"http://hl7.org/fhir/StructureDefinition/implementationguide-page","valueUri":"Measure-AgeGroupGenderLocation.html"}],"reference":{"reference":"Measure/AgeGroupGenderLocation"},"name":"Measure/AgeGroupGenderLocation","description":"A simple example showing how examples are defined and referenced","groupingId":"-ka-measure"},{"extension":[{"url":"http://hl7.org/fhir/StructureDefinition/implementationguide-page","valueUri":"Measure-SuppData.html"}],"reference":{"reference":"Measure/SuppData"},"name":"Measure/SuppData","description":"A simple example showing how examples are defined and referenced","groupingId":"-ka-measure"},{"extension":[{"url":"http://hl7.org/fhir/StructureDefinition/implementationguide-page","valueUri":"Library-HIVStratifiers.html"}],"reference":{"reference":"Library/HIVStratifiers"},"name":"HIVStratifiers","description":"HIVStratifiers","groupingId":"-ka-library"},{"extension":[{"url":"http://hl7.org/fhir/StructureDefinition/implementationguide-page","valueUri":"Location-Location-HIVSimple1.html"}],"reference":{"reference":"Location/Location-HIVSimple1"},"groupingId":"-other"},{"extension":[{"url":"http://hl7.org/fhir/StructureDefinition/implementationguide-page","valueUri":"Organization-Organization-HIVSimple1.html"}],"reference":{"reference":"Organization/Organization-HIVSimple1"},"groupingId":"-other"},{"extension":[{"url":"http://hl7.org/fhir/StructureDefinition/implementationguide-page","valueUri":"Library-TXML.html"}],"reference":{"reference":"Library/TXML"},"name":"TXML","description":"TXML","groupingId":"-ka-library"},{"extension":[{"url":"http://hl7.org/fhir/StructureDefinition/implementationguide-page","valueUri":"Library-TXPVLS.html"}],"reference":{"reference":"Library/TXPVLS"},"name":"TXPVLS","description":"TXPVLS","groupingId":"-ka-library"},{"extension":[{"url":"http://hl7.org/fhir/StructureDefinition/implementationguide-page","valueUri":"Location-Location-102.html"}],"reference":{"reference":"Location/Location-102"},"groupingId":"-other"},{"extension":[{"url":"http://hl7.org/fhir/StructureDefinition/implementationguide-page","valueUri":"Measure-HIV-TXCURR.html"}],"reference":{"reference":"Measure/HIV-TXCURR"},"name":"HIV-TXCURR","description":"HIV-TXCURR","groupingId":"-ka-measure"},{"extension":[{"url":"http://hl7.org/fhir/StructureDefinition/implementationguide-page","valueUri":"Location-Location-HIVSimple2.html"}],"reference":{"reference":"Location/Location-HIVSimple2"},"groupingId":"-other"},{"extension":[{"url":"http://hl7.org/fhir/StructureDefinition/implementationguide-page","valueUri":"Location-Location-101.html"}],"reference":{"reference":"Location/Location-101"},"groupingId":"-other"},{"extension":[{"url":"http://hl7.org/fhir/StructureDefinition/implementationguide-page","valueUri":"Organization-Organization-102.html"}],"reference":{"reference":"Organization/Organization-102"},"groupingId":"-other"},{"extension":[{"url":"http://hl7.org/fhir/StructureDefinition/implementationguide-page","valueUri":"Organization-IntraHealth.html"}],"reference":{"reference":"Organization/IntraHealth"},"groupingId":"-other"},{"extension":[{"url":"http://hl7.org/fhir/StructureDefinition/implementationguide-page","valueUri":"Library-HIVConcepts.html"}],"reference":{"reference":"Library/HIVConcepts"},"name":"HIVConcepts","description":"HIVConcepts","groupingId":"-ka-library"},{"extension":[{"url":"http://hl7.org/fhir/StructureDefinition/implementationguide-page","valueUri":"Measure-HIV-TXML.html"}],"reference":{"reference":"Measure/HIV-TXML"},"name":"HIV-TXML","description":"HIV-TXML","groupingId":"-ka-measure"},{"extension":[{"url":"http://hl7.org/fhir/StructureDefinition/implementationguide-page","valueUri":"Bundle-Example-Locations-Organizations.html"}],"reference":{"reference":"Bundle/Example-Locations-Organizations"},"groupingId":"-other"},{"extension":[{"url":"http://hl7.org/fhir/StructureDefinition/implementationguide-page","valueUri":"CodeSystem-PEPFAR.html"}],"reference":{"reference":"CodeSystem/PEPFAR"},"name":"PEPFAR CodeSystem","description":"PEPFAR CodeSystem","groupingId":"-term-codesystem"},{"extension":[{"url":"http://hl7.org/fhir/StructureDefinition/implementationguide-page","valueUri":"Organization-Organization-101.html"}],"reference":{"reference":"Organization/Organization-101"},"groupingId":"-other"},{"extension":[{"url":"http://hl7.org/fhir/StructureDefinition/implementationguide-page","valueUri":"Bundle-Attribution-Bundle-Simple.html"}],"reference":{"reference":"Bundle/Attribution-Bundle-Simple"},"groupingId":"-other"},{"extension":[{"url":"http://hl7.org/fhir/StructureDefinition/implementationguide-page","valueUri":"CodeSystem-OpenCR.html"}],"reference":{"reference":"CodeSystem/OpenCR"},"name":"OpenCR CodeSystem","description":"OpenCR CodeSystem","groupingId":"-term-codesystem"},{"extension":[{"url":"http://hl7.org/fhir/StructureDefinition/implementationguide-page","valueUri":"Organization-Organization-100.html"}],"reference":{"reference":"Organization/Organization-100"},"groupingId":"-other"},{"extension":[{"url":"http://hl7.org/fhir/StructureDefinition/implementationguide-page","valueUri":"Organization-Organization-HIVSimple2.html"}],"reference":{"reference":"Organization/Organization-HIVSimple2"},"groupingId":"-other"},{"extension":[{"url":"http://hl7.org/fhir/StructureDefinition/implementationguide-page","valueUri":"Library-TXNEW.html"}],"reference":{"reference":"Library/TXNEW"},"name":"TXNEW","description":"TXNEW","groupingId":"-ka-library"},{"extension":[{"url":"http://hl7.org/fhir/StructureDefinition/implementationguide-page","valueUri":"CodeSystem-OpenHIE.html"}],"reference":{"reference":"CodeSystem/OpenHIE"},"name":"OpenHIE CodeSystem","description":"OpenHIE CodeSystem","groupingId":"-term-codesystem"},{"extension":[{"url":"http://hl7.org/fhir/StructureDefinition/implementationguide-page","valueUri":"Coverage-Coverage-HIVSimple.html"}],"reference":{"reference":"Coverage/Coverage-HIVSimple"},"groupingId":"-other"},{"extension":[{"url":"http://hl7.org/fhir/StructureDefinition/implementationguide-page","valueUri":"Location-Location-100.html"}],"reference":{"reference":"Location/Location-100"},"groupingId":"-other"},{"extension":[{"url":"http://hl7.org/fhir/StructureDefinition/implementationguide-page","valueUri":"Account-Account-HIVSimple.html"}],"reference":{"reference":"Account/Account-HIVSimple"},"groupingId":"-other"},{"extension":[{"url":"http://hl7.org/fhir/StructureDefinition/implementationguide-page","valueUri":"Library-HIVDataElements.html"}],"reference":{"reference":"Library/HIVDataElements"},"name":"HIVDataElements","description":"HIVDataElements","groupingId":"-ka-library"},{"extension":[{"url":"http://hl7.org/fhir/StructureDefinition/implementationguide-page","valueUri":"Bundle-Attribution-Bundle.html"}],"reference":{"reference":"Bundle/Attribution-Bundle"},"groupingId":"-other"},{"extension":[{"url":"http://hl7.org/fhir/StructureDefinition/implementationguide-page","valueUri":"Contract-Contract-HIVSimple.html"}],"reference":{"reference":"Contract/Contract-HIVSimple"},"groupingId":"-other"},{"extension":[{"url":"http://hl7.org/fhir/StructureDefinition/implementationguide-page","valueUri":"Measure-HIV-TXPVLS.html"}],"reference":{"reference":"Measure/HIV-TXPVLS"},"name":"HIV-TXPVLS","description":"HIV-TXPVLS","groupingId":"-ka-measure"},{"extension":[{"url":"http://hl7.org/fhir/StructureDefinition/implementationguide-page","valueUri":"Library-TXCURR.html"}],"reference":{"reference":"Library/TXCURR"},"name":"TXCURR","description":"TXCURR","groupingId":"-ka-library"},{"extension":[{"url":"http://hl7.org/fhir/StructureDefinition/implementationguide-page","valueUri":"Measure-HIV-TXNEW.html"}],"reference":{"reference":"Measure/HIV-TXNEW"},"name":"HIV-TXNEW","description":"HIV-TXNEW","groupingId":"-ka-measure"}],"page":{"nameUrl":"toc.html","title":"Table of Contents","generation":"html","page":[{"nameUrl":"index.html","title":"MyIG Home Page","generation":"html"},{"nameUrl":"background.html","title":"Background","generation":"html"},{"nameUrl":"spec.html","title":"Detailed Specification","generation":"markdown"},{"nameUrl":"downloads.html","title":"Useful Downloads","generation":"html"},{"nameUrl":"changes.html","title":"IG Change History","generation":"html"},{"nameUrl":"artifacts.html","title":"Artifacts Summary","generation":"html","page":[{"nameUrl":"CodeSystem-PEPFAR.html","title":"PEPFAR CodeSystem","generation":"generated"},{"nameUrl":"CodeSystem-OpenCR.html","title":"OpenCR CodeSystem","generation":"generated"},{"nameUrl":"CodeSystem-OpenHIE.html","title":"OpenHIE CodeSystem","generation":"generated"},{"nameUrl":"Library-FHIRHelpers.html","title":"Library/FHIRHelpers","generation":"generated"},{"nameUrl":"Library-FHIRCommon.html","title":"Library/FHIRCommon","generation":"generated"},{"nameUrl":"Library-KitchenSink.html","title":"Library/KitchenSink","generation":"generated"},{"nameUrl":"Library-HIVStratifiers.html","title":"HIVStratifiers","generation":"generated"},{"nameUrl":"Library-TXML.html","title":"TXML","generation":"generated"},{"nameUrl":"Library-TXPVLS.html","title":"TXPVLS","generation":"generated"},{"nameUrl":"Library-HIVConcepts.html","title":"HIVConcepts","generation":"generated"},{"nameUrl":"Library-TXNEW.html","title":"TXNEW","generation":"generated"},{"nameUrl":"Library-HIVDataElements.html","title":"HIVDataElements","generation":"generated"},{"nameUrl":"Library-TXCURR.html","title":"TXCURR","generation":"generated"},{"nameUrl":"Measure-JustAgeGroup.html","title":"Measure/JustAgeGroup","generation":"generated"},{"nameUrl":"Measure-Cohort.html","title":"Measure/Cohort","generation":"generated"},{"nameUrl":"Measure-JustGender.html","title":"Measure/JustGender","generation":"generated"},{"nameUrl":"Measure-JustLocation.html","title":"Measure/JustLocation","generation":"generated"},{"nameUrl":"Measure-AgeGroupGender.html","title":"Measure/AgeGroupGender","generation":"generated"},{"nameUrl":"Measure-AgeGroupGenderLocation.html","title":"Measure/AgeGroupGenderLocation","generation":"generated"},{"nameUrl":"Measure-SuppData.html","title":"Measure/SuppData","generation":"generated"},{"nameUrl":"Measure-HIV-TXCURR.html","title":"HIV-TXCURR","generation":"generated"},{"nameUrl":"Measure-HIV-TXML.html","title":"HIV-TXML","generation":"generated"},{"nameUrl":"Measure-HIV-TXPVLS.html","title":"HIV-TXPVLS","generation":"generated"},{"nameUrl":"Measure-HIV-TXNEW.html","title":"HIV-TXNEW","generation":"generated"},{"nameUrl":"Device-cqf-tooling.html","title":"Device/cqf-tooling","generation":"generated"},{"nameUrl":"Patient-Patient-GoldenRecord.html","title":"Patient/Patient-GoldenRecord","generation":"generated"},{"nameUrl":"Patient-Patient-HIVSimple.html","title":"Patient/Patient-HIVSimple","generation":"generated"},{"nameUrl":"Patient-Patient-HIVSimple2.html","title":"Patient/Patient-HIVSimple2","generation":"generated"},{"nameUrl":"Bundle-Example-HIVSimple.html","title":"Bundle/Example-HIVSimple","generation":"generated"},{"nameUrl":"Encounter-Encounter-HIVSimple.html","title":"Encounter/Encounter-HIVSimple","generation":"generated"},{"nameUrl":"Encounter-Encounter-HIVSimple2.html","title":"Encounter/Encounter-HIVSimple2","generation":"generated"},{"nameUrl":"DiagnosticReport-DiagnosticReport-HIVSimple.html","title":"DiagnosticReport/DiagnosticReport-HIVSimple","generation":"generated"},{"nameUrl":"DiagnosticReport-DiagnosticReport-HIVSimple2.html","title":"DiagnosticReport/DiagnosticReport-HIVSimple2","generation":"generated"},{"nameUrl":"Condition-Condition-HIVSimple2.html","title":"Condition/Condition-HIVSimple2","generation":"generated"},{"nameUrl":"Condition-Condition-HIVSimple.html","title":"Condition/Condition-HIVSimple","generation":"generated"},{"nameUrl":"Condition-Condition-Pregnancy.html","title":"Condition/Condition-Pregnancy","generation":"generated"},{"nameUrl":"Condition-Condition-Pregnancy2.html","title":"Condition/Condition-Pregnancy2","generation":"generated"},{"nameUrl":"Observation-Observation-ViralLoad.html","title":"Observation/Observation-ViralLoad","generation":"generated"},{"nameUrl":"Observation-Observation-ViralLoad2.html","title":"Observation/Observation-ViralLoad2","generation":"generated"},{"nameUrl":"DiagnosticReport-DiagnosticReport-ViralLoad.html","title":"ODiagnosticReport/DiagnosticReport-ViralLoad","generation":"generated"},{"nameUrl":"DiagnosticReport-DiagnosticReport-ViralLoad2.html","title":"DiagnosticReport/DiagnosticReport-ViralLoad2","generation":"generated"},{"nameUrl":"Encounter-Encounter-ViralLoad.html","title":"Encounter/Encounter-ViralLoad","generation":"generated"},{"nameUrl":"Encounter-Encounter-ViralLoad2.html","title":"Encounter/Encounter-ViralLoad2","generation":"generated"},{"nameUrl":"Observation-Observation-HIVSimple.html","title":"Observation/Observation-HIVSimple","generation":"generated"},{"nameUrl":"Observation-Observation-HIVSimple2.html","title":"Observation/Observation-HIVSimple2","generation":"generated"},{"nameUrl":"Bundle-Example-HIVSimple2.html","title":"Bundle/Example-HIVSimple2","generation":"generated"},{"nameUrl":"Location-Location-HIVSimple1.html","generation":"generated"},{"nameUrl":"Organization-Organization-HIVSimple1.html","generation":"generated"},{"nameUrl":"Location-Location-102.html","generation":"generated"},{"nameUrl":"Location-Location-HIVSimple2.html","generation":"generated"},{"nameUrl":"Location-Location-101.html","generation":"generated"},{"nameUrl":"Organization-Organization-102.html","generation":"generated"},{"nameUrl":"Organization-IntraHealth.html","generation":"generated"},{"nameUrl":"Bundle-Example-Locations-Organizations.html","generation":"generated"},{"nameUrl":"Organization-Organization-101.html","generation":"generated"},{"nameUrl":"Bundle-Attribution-Bundle-Simple.html","generation":"generated"},{"nameUrl":"Organization-Organization-100.html","generation":"generated"},{"nameUrl":"Organization-Organization-HIVSimple2.html","generation":"generated"},{"nameUrl":"Coverage-Coverage-HIVSimple.html","generation":"generated"},{"nameUrl":"Location-Location-100.html","generation":"generated"},{"nameUrl":"Account-Account-HIVSimple.html","generation":"generated"},{"nameUrl":"Bundle-Attribution-Bundle.html","generation":"generated"},{"nameUrl":"Contract-Contract-HIVSimple.html","generation":"generated"}]}]},"parameter":[{"code":"path-resource","value":"input\\history"},{"code":"path-resource","value":"input/resources/device"},{"code":"path-resource","value":"input/capabilities"},{"code":"path-resource","value":"input/examples"},{"code":"path-resource","value":"input/extensions"},{"code":"path-resource","value":"input/models"},{"code":"path-resource","value":"input/operations"},{"code":"path-resource","value":"input/profiles"},{"code":"path-resource","value":"input/resources"},{"code":"path-resource","value":"input/vocabulary"},{"code":"path-resource","value":"input/testing"},{"code":"path-resource","value":"input/history"},{"code":"path-resource","value":"fsh-generated/resources"},{"code":"path-pages","value":"template/config"},{"code":"path-pages","value":"input/images"},{"code":"path-tx-cache","value":"input-cache/txcache"}]}}