{"resourceType":"ImplementationGuide","id":"simple.hiv.ig","text":{"status":"extensions","div":"<div xmlns=\"http://www.w3.org/1999/xhtml\"><h2>SimpleHIVIG</h2><p>The official URL for this implementation guide is: </p><pre>https://intrahealth.github.io/simple-hiv-ig/ImplementationGuide/simple.hiv.ig</pre></div>"},"url":"https://intrahealth.github.io/simple-hiv-ig/ImplementationGuide/simple.hiv.ig","version":"0.1.0","name":"SimpleHIVIG","title":"HIV Simple IG","status":"draft","date":"2021-08-02T22:00:55+00:00","publisher":"Digital Health Team","contact":[{"name":"Digital Health Team","telecom":[{"system":"url","value":"https://www.intrahealth.org"},{"system":"email","value":"digitalhealth@intrahealth.org"}]},{"name":"Digital Health Team","telecom":[{"system":"email","value":"digitalhealth@intrahealth.org","use":"work"}]}],"packageId":"simple.hiv.ig","license":"CC0-1.0","fhirVersion":["4.0.1"],"definition":{"extension":[{"extension":[{"url":"code","valueString":"copyrightyear"},{"url":"value","valueString":"2021+"}],"url":"http://hl7.org/fhir/tools/StructureDefinition/ig-parameter"},{"extension":[{"url":"code","valueString":"releaselabel"},{"url":"value","valueString":"ci-build"}],"url":"http://hl7.org/fhir/tools/StructureDefinition/ig-parameter"},{"extension":[{"url":"code","valueString":"path-binary"},{"url":"value","valueString":"input/cql"}],"url":"http://hl7.org/fhir/tools/StructureDefinition/ig-parameter"},{"extension":[{"url":"code","valueString":"active-tables"},{"url":"value","valueString":"false"}],"url":"http://hl7.org/fhir/tools/StructureDefinition/ig-parameter"},{"extension":[{"url":"code","valueString":"apply-contact"},{"url":"value","valueString":"true"}],"url":"http://hl7.org/fhir/tools/StructureDefinition/ig-parameter"},{"extension":[{"url":"code","valueString":"apply-jurisdiction"},{"url":"value","valueString":"true"}],"url":"http://hl7.org/fhir/tools/StructureDefinition/ig-parameter"},{"extension":[{"url":"code","valueString":"apply-publisher"},{"url":"value","valueString":"true"}],"url":"http://hl7.org/fhir/tools/StructureDefinition/ig-parameter"},{"extension":[{"url":"code","valueString":"apply-version"},{"url":"value","valueString":"true"}],"url":"http://hl7.org/fhir/tools/StructureDefinition/ig-parameter"},{"extension":[{"url":"code","valueString":"show-inherited-invariants"},{"url":"value","valueString":"false"}],"url":"http://hl7.org/fhir/tools/StructureDefinition/ig-parameter"},{"extension":[{"url":"code","valueString":"usage-stats-opt-out"},{"url":"value","valueString":"true"}],"url":"http://hl7.org/fhir/tools/StructureDefinition/ig-parameter"},{"extension":[{"url":"code","valueString":"autoload-resources"},{"url":"value","valueString":"true"}],"url":"http://hl7.org/fhir/tools/StructureDefinition/ig-parameter"},{"extension":[{"url":"code","valueString":"shownav"},{"url":"value","valueString":"true"}],"url":"http://hl7.org/fhir/tools/StructureDefinition/ig-parameter"},{"extension":[{"url":"code","valueString":"validation"},{"url":"value","valueString":"allow-any-extensions"}],"url":"http://hl7.org/fhir/tools/StructureDefinition/ig-parameter"},{"extension":[{"url":"code","valueString":"broken-links"},{"url":"value","valueString":"warning"}],"url":"http://hl7.org/fhir/tools/StructureDefinition/ig-parameter"},{"extension":[{"url":"code","valueString":"path-liquid"},{"url":"value","valueString":"template/liquid"}],"url":"http://hl7.org/fhir/tools/StructureDefinition/ig-parameter"},{"extension":[{"url":"code","valueString":"path-liquid"},{"url":"value","valueString":"input/liquid"}],"url":"http://hl7.org/fhir/tools/StructureDefinition/ig-parameter"},{"extension":[{"url":"code","valueString":"path-qa"},{"url":"value","valueString":"temp/qa"}],"url":"http://hl7.org/fhir/tools/StructureDefinition/ig-parameter"},{"extension":[{"url":"code","valueString":"path-temp"},{"url":"value","valueString":"temp/pages"}],"url":"http://hl7.org/fhir/tools/StructureDefinition/ig-parameter"},{"extension":[{"url":"code","valueString":"path-output"},{"url":"value","valueString":"output"}],"url":"http://hl7.org/fhir/tools/StructureDefinition/ig-parameter"},{"extension":[{"url":"code","valueString":"path-suppressed-warnings"},{"url":"value","valueString":"input/ignoreWarnings.txt"}],"url":"http://hl7.org/fhir/tools/StructureDefinition/ig-parameter"},{"extension":[{"url":"code","valueString":"path-history"},{"url":"value","valueString":"https://intrahealth.github.io/simple-hiv-ig/history.html"}],"url":"http://hl7.org/fhir/tools/StructureDefinition/ig-parameter"},{"extension":[{"url":"code","valueString":"template-html"},{"url":"value","valueString":"template-page.html"}],"url":"http://hl7.org/fhir/tools/StructureDefinition/ig-parameter"},{"extension":[{"url":"code","valueString":"template-md"},{"url":"value","valueString":"template-page-md.html"}],"url":"http://hl7.org/fhir/tools/StructureDefinition/ig-parameter"},{"extension":[{"url":"code","valueString":"apply-context"},{"url":"value","valueString":"true"}],"url":"http://hl7.org/fhir/tools/StructureDefinition/ig-parameter"},{"extension":[{"url":"code","valueString":"apply-copyright"},{"url":"value","valueString":"true"}],"url":"http://hl7.org/fhir/tools/StructureDefinition/ig-parameter"},{"extension":[{"url":"code","valueString":"apply-license"},{"url":"value","valueString":"true"}],"url":"http://hl7.org/fhir/tools/StructureDefinition/ig-parameter"}],"grouping":[{"id":"-term-codesystem","name":"Terminology: Code Systems","description":"These define new code systems used by systems conforming to this implementation guide"},{"id":"-ka-library","name":"Knowledge Artifacts: Libraries","description":"These define logic, asset collections and other libraries as part of content in this implementation guide"},{"id":"-ex-example","name":"Example: Example Instances","description":"These are example instances that show what data produced and consumed by systems conforming with this implementation guide might look like"}],"resource":[{"extension":[{"url":"http://hl7.org/fhir/StructureDefinition/implementationguide-page","valueUri":"CodeSystem-opencr-codesystem.html"}],"reference":{"reference":"CodeSystem/opencr-codesystem"},"name":"OpenCR CodeSystem","description":"OpenCR CodeSystem","exampleBoolean":false,"groupingId":"-term-codesystem"},{"extension":[{"url":"http://hl7.org/fhir/StructureDefinition/implementationguide-page","valueUri":"CodeSystem-openhie-codesystem.html"}],"reference":{"reference":"CodeSystem/openhie-codesystem"},"name":"OpenHIE CodeSystem","description":"OpenHIE CodeSystem","exampleBoolean":false,"groupingId":"-term-codesystem"},{"extension":[{"url":"http://hl7.org/fhir/StructureDefinition/implementationguide-page","valueUri":"Library-AgeRanges.html"}],"reference":{"reference":"Library/AgeRanges"},"name":"AgeRanges","description":"AgeRanges","exampleBoolean":true,"groupingId":"-ex-example"},{"extension":[{"url":"http://hl7.org/fhir/StructureDefinition/implementationguide-page","valueUri":"Condition-Condition-HIVSimple.html"}],"reference":{"reference":"Condition/Condition-HIVSimple"},"name":"Condition-HIVSimple","description":"Condition-HIVSimple","exampleBoolean":true,"groupingId":"-ex-example"},{"extension":[{"url":"http://hl7.org/fhir/StructureDefinition/implementationguide-page","valueUri":"Condition-Condition-HIVSimple2.html"}],"reference":{"reference":"Condition/Condition-HIVSimple2"},"name":"Condition-HIVSimple2","description":"Condition-HIVSimple2","exampleBoolean":true,"groupingId":"-ex-example"},{"extension":[{"url":"http://hl7.org/fhir/StructureDefinition/implementationguide-page","valueUri":"Condition-Condition-Pregnancy.html"}],"reference":{"reference":"Condition/Condition-Pregnancy"},"name":"Condition-Pregnancy","description":"Condition-Pregnancy","exampleBoolean":true,"groupingId":"-ex-example"},{"extension":[{"url":"http://hl7.org/fhir/StructureDefinition/implementationguide-page","valueUri":"DiagnosticReport-DiagnosticReport-HIVSimple.html"}],"reference":{"reference":"DiagnosticReport/DiagnosticReport-HIVSimple"},"name":"DiagnosticReport-HIVSimple","description":"DiagnosticReport-HIVSimple","exampleBoolean":true,"groupingId":"-ex-example"},{"extension":[{"url":"http://hl7.org/fhir/StructureDefinition/implementationguide-page","valueUri":"DiagnosticReport-DiagnosticReport-HIVSimple2.html"}],"reference":{"reference":"DiagnosticReport/DiagnosticReport-HIVSimple2"},"name":"DiagnosticReport-HIVSimple2","description":"DiagnosticReport-HIVSimple2","exampleBoolean":true,"groupingId":"-ex-example"},{"extension":[{"url":"http://hl7.org/fhir/StructureDefinition/implementationguide-page","valueUri":"DiagnosticReport-DiagnosticReport-ViralLoad.html"}],"reference":{"reference":"DiagnosticReport/DiagnosticReport-ViralLoad"},"name":"DiagnosticReport-ViralLoad","description":"DiagnosticReport-ViralLoad","exampleBoolean":true,"groupingId":"-ex-example"},{"extension":[{"url":"http://hl7.org/fhir/StructureDefinition/implementationguide-page","valueUri":"Encounter-Encounter-HIVSimple.html"}],"reference":{"reference":"Encounter/Encounter-HIVSimple"},"name":"Encounter-HIVSimple","description":"Encounter-HIVSimple","exampleBoolean":true,"groupingId":"-ex-example"},{"extension":[{"url":"http://hl7.org/fhir/StructureDefinition/implementationguide-page","valueUri":"Encounter-Encounter-HIVSimple2.html"}],"reference":{"reference":"Encounter/Encounter-HIVSimple2"},"name":"Encounter-HIVSimple2","description":"Encounter-HIVSimple2","exampleBoolean":true,"groupingId":"-ex-example"},{"extension":[{"url":"http://hl7.org/fhir/StructureDefinition/implementationguide-page","valueUri":"Encounter-Encounter-ViralLoad.html"}],"reference":{"reference":"Encounter/Encounter-ViralLoad"},"name":"Encounter-ViralLoad","description":"Encounter-ViralLoad","exampleBoolean":true,"groupingId":"-ex-example"},{"extension":[{"url":"http://hl7.org/fhir/StructureDefinition/implementationguide-page","valueUri":"Bundle-Example-HIVSimple.html"}],"reference":{"reference":"Bundle/Example-HIVSimple"},"name":"Example-HIVSimple","description":"Example-HIVSimple","exampleBoolean":true,"groupingId":"-ex-example"},{"extension":[{"url":"http://hl7.org/fhir/StructureDefinition/implementationguide-page","valueUri":"Bundle-Example-HIVSimple2.html"}],"reference":{"reference":"Bundle/Example-HIVSimple2"},"name":"Example-HIVSimple2","description":"Example-HIVSimple2","exampleBoolean":true,"groupingId":"-ex-example"},{"extension":[{"url":"http://hl7.org/fhir/StructureDefinition/implementationguide-page","valueUri":"Library-FHIRCommon.html"}],"reference":{"reference":"Library/FHIRCommon"},"name":"FHIRCommon","description":"FHIRCommon","exampleBoolean":true,"groupingId":"-ex-example"},{"extension":[{"url":"http://hl7.org/fhir/StructureDefinition/implementationguide-page","valueUri":"Library-GoldenRecord.html"}],"reference":{"reference":"Library/GoldenRecord"},"name":"GoldenRecord","description":"GoldenRecord","exampleBoolean":true,"groupingId":"-ex-example"},{"extension":[{"url":"http://hl7.org/fhir/StructureDefinition/implementationguide-page","valueUri":"Measure-HIVSimpleAgeGroup.html"}],"reference":{"reference":"Measure/HIVSimpleAgeGroup"},"name":"HIVSimpleAgeGroup","description":"HIVSimpleAgeGroup","exampleBoolean":true,"groupingId":"-ex-example"},{"extension":[{"url":"http://hl7.org/fhir/StructureDefinition/implementationguide-page","valueUri":"Measure-HIVSimpleCondition.html"}],"reference":{"reference":"Measure/HIVSimpleCondition"},"name":"HIVSimpleCondition","description":"HIVSimpleCondition","exampleBoolean":true,"groupingId":"-ex-example"},{"extension":[{"url":"http://hl7.org/fhir/StructureDefinition/implementationguide-page","valueUri":"Measure-HIVSimpleGender.html"}],"reference":{"reference":"Measure/HIVSimpleGender"},"name":"HIVSimpleGender","description":"HIVSimpleGender","exampleBoolean":true,"groupingId":"-ex-example"},{"extension":[{"url":"http://hl7.org/fhir/StructureDefinition/implementationguide-page","valueUri":"Measure-HIVSimpleGenderCohort.html"}],"reference":{"reference":"Measure/HIVSimpleGenderCohort"},"name":"HIVSimpleGenderCohort","description":"HIVSimpleGenderCohort","exampleBoolean":true,"groupingId":"-ex-example"},{"extension":[{"url":"http://hl7.org/fhir/StructureDefinition/implementationguide-page","valueUri":"Measure-HIVSimpleGenderSubjectList.html"}],"reference":{"reference":"Measure/HIVSimpleGenderSubjectList"},"name":"HIVSimpleGenderSubjectList","description":"HIVSimpleGenderSubjectList","exampleBoolean":true,"groupingId":"-ex-example"},{"extension":[{"url":"http://hl7.org/fhir/StructureDefinition/implementationguide-page","valueUri":"Measure-HIVSimpleGenderSuppData.html"}],"reference":{"reference":"Measure/HIVSimpleGenderSuppData"},"name":"HIVSimpleGenderSuppData","description":"HIVSimpleGenderSuppData","exampleBoolean":true,"groupingId":"-ex-example"},{"extension":[{"url":"http://hl7.org/fhir/StructureDefinition/implementationguide-page","valueUri":"Measure-HIVSimpleGenderSuppDataIndiv.html"}],"reference":{"reference":"Measure/HIVSimpleGenderSuppDataIndiv"},"name":"HIVSimpleGenderSuppDataIndiv","description":"HIVSimpleGenderSuppDataIndiv","exampleBoolean":true,"groupingId":"-ex-example"},{"extension":[{"url":"http://hl7.org/fhir/StructureDefinition/implementationguide-page","valueUri":"Measure-HIVSimpleTestResult.html"}],"reference":{"reference":"Measure/HIVSimpleTestResult"},"name":"HIVSimpleTestResult","description":"HIVSimpleTestResult","exampleBoolean":true,"groupingId":"-ex-example"},{"extension":[{"url":"http://hl7.org/fhir/StructureDefinition/implementationguide-page","valueUri":"Library-KitchenSink.html"}],"reference":{"reference":"Library/KitchenSink"},"name":"KitchenSink","description":"KitchenSink","exampleBoolean":true,"groupingId":"-ex-example"},{"extension":[{"url":"http://hl7.org/fhir/StructureDefinition/implementationguide-page","valueUri":"Location-Location-HIVSimple.html"}],"reference":{"reference":"Location/Location-HIVSimple"},"name":"Location-HIVSimple","description":"Location-HIVSimple","exampleBoolean":true,"groupingId":"-ex-example"},{"extension":[{"url":"http://hl7.org/fhir/StructureDefinition/implementationguide-page","valueUri":"Location-Location-HIVSimple2.html"}],"reference":{"reference":"Location/Location-HIVSimple2"},"name":"Location-HIVSimple2","description":"Location-HIVSimple2","exampleBoolean":true,"groupingId":"-ex-example"},{"extension":[{"url":"http://hl7.org/fhir/StructureDefinition/implementationguide-page","valueUri":"Observation-Observation-HIVSimple.html"}],"reference":{"reference":"Observation/Observation-HIVSimple"},"name":"Observation-HIVSimple","description":"Observation-HIVSimple","exampleBoolean":true,"groupingId":"-ex-example"},{"extension":[{"url":"http://hl7.org/fhir/StructureDefinition/implementationguide-page","valueUri":"Observation-Observation-HIVSimple2.html"}],"reference":{"reference":"Observation/Observation-HIVSimple2"},"name":"Observation-HIVSimple2","description":"Observation-HIVSimple2","exampleBoolean":true,"groupingId":"-ex-example"},{"extension":[{"url":"http://hl7.org/fhir/StructureDefinition/implementationguide-page","valueUri":"Observation-Observation-ViralLoad.html"}],"reference":{"reference":"Observation/Observation-ViralLoad"},"name":"Observation-ViralLoad","description":"Observation-ViralLoad","exampleBoolean":true,"groupingId":"-ex-example"},{"extension":[{"url":"http://hl7.org/fhir/StructureDefinition/implementationguide-page","valueUri":"Organization-Organization-HIVSimple.html"}],"reference":{"reference":"Organization/Organization-HIVSimple"},"name":"Organization-HIVSimple","description":"Organization-HIVSimple","exampleBoolean":true,"groupingId":"-ex-example"},{"extension":[{"url":"http://hl7.org/fhir/StructureDefinition/implementationguide-page","valueUri":"Organization-Organization-HIVSimple2.html"}],"reference":{"reference":"Organization/Organization-HIVSimple2"},"name":"Organization-HIVSimple2","description":"Organization-HIVSimple2","exampleBoolean":true,"groupingId":"-ex-example"},{"extension":[{"url":"http://hl7.org/fhir/StructureDefinition/implementationguide-page","valueUri":"Patient-Patient-GoldenRecord.html"}],"reference":{"reference":"Patient/Patient-GoldenRecord"},"name":"Patient-GoldenRecord","description":"Patient-GoldenRecord","exampleBoolean":true,"groupingId":"-ex-example"},{"extension":[{"url":"http://hl7.org/fhir/StructureDefinition/implementationguide-page","valueUri":"Patient-Patient-HIVSimple.html"}],"reference":{"reference":"Patient/Patient-HIVSimple"},"name":"Patient-HIVSimple","description":"Patient-HIVSimple","exampleBoolean":true,"groupingId":"-ex-example"},{"extension":[{"url":"http://hl7.org/fhir/StructureDefinition/implementationguide-page","valueUri":"Patient-Patient-HIVSimple2.html"}],"reference":{"reference":"Patient/Patient-HIVSimple2"},"name":"Patient-HIVSimple2","description":"Patient-HIVSimple2","exampleBoolean":true,"groupingId":"-ex-example"},{"extension":[{"url":"http://hl7.org/fhir/StructureDefinition/implementationguide-page","valueUri":"Library-FHIR-ModelInfo.html"}],"reference":{"reference":"Library/FHIR-ModelInfo"},"name":"FHIR Model Definition","description":"Model definition for the FHIR R4 (v4.0.1) Model","exampleBoolean":false,"groupingId":"-ka-library"},{"extension":[{"url":"http://hl7.org/fhir/StructureDefinition/implementationguide-page","valueUri":"Library-FHIRHelpers.html"}],"reference":{"reference":"Library/FHIRHelpers"},"name":"FHIR Helpers","description":"This library defines functions to convert between FHIR data types and CQL system-defined types, as well as functions to support FHIRPath implementation. For more information, the FHIRHelpers wiki page: https://github.com/cqframework/clinical_quality_language/wiki/FHIRHelpers","exampleBoolean":false,"groupingId":"-ka-library"}],"page":{"nameUrl":"toc.html","title":"Table of Contents","generation":"html","page":[{"nameUrl":"index.html","title":"Test page","generation":"markdown"},{"nameUrl":"overview.html","title":"Overview","generation":"markdown"},{"nameUrl":"testplan.html","title":"Test Plan","generation":"markdown"},{"nameUrl":"artifacts.html","title":"Artifacts Summary","generation":"html","page":[{"nameUrl":"CodeSystem-opencr-codesystem.html","title":"OpenCR CodeSystem","generation":"generated"},{"nameUrl":"CodeSystem-openhie-codesystem.html","title":"OpenHIE CodeSystem","generation":"generated"},{"nameUrl":"Library-FHIR-ModelInfo.html","title":"FHIR Model Definition","generation":"generated"},{"nameUrl":"Library-FHIRHelpers.html","title":"FHIR Helpers","generation":"generated"},{"nameUrl":"Library-AgeRanges.html","title":"AgeRanges","generation":"generated"},{"nameUrl":"Condition-Condition-HIVSimple.html","title":"Condition-HIVSimple","generation":"generated"},{"nameUrl":"Condition-Condition-HIVSimple2.html","title":"Condition-HIVSimple2","generation":"generated"},{"nameUrl":"Condition-Condition-Pregnancy.html","title":"Condition-Pregnancy","generation":"generated"},{"nameUrl":"DiagnosticReport-DiagnosticReport-HIVSimple.html","title":"DiagnosticReport-HIVSimple","generation":"generated"},{"nameUrl":"DiagnosticReport-DiagnosticReport-HIVSimple2.html","title":"DiagnosticReport-HIVSimple2","generation":"generated"},{"nameUrl":"DiagnosticReport-DiagnosticReport-ViralLoad.html","title":"DiagnosticReport-ViralLoad","generation":"generated"},{"nameUrl":"Encounter-Encounter-HIVSimple.html","title":"Encounter-HIVSimple","generation":"generated"},{"nameUrl":"Encounter-Encounter-HIVSimple2.html","title":"Encounter-HIVSimple2","generation":"generated"},{"nameUrl":"Encounter-Encounter-ViralLoad.html","title":"Encounter-ViralLoad","generation":"generated"},{"nameUrl":"Bundle-Example-HIVSimple.html","title":"Example-HIVSimple","generation":"generated"},{"nameUrl":"Bundle-Example-HIVSimple2.html","title":"Example-HIVSimple2","generation":"generated"},{"nameUrl":"Library-FHIRCommon.html","title":"FHIRCommon","generation":"generated"},{"nameUrl":"Library-GoldenRecord.html","title":"GoldenRecord","generation":"generated"},{"nameUrl":"Measure-HIVSimpleAgeGroup.html","title":"HIVSimpleAgeGroup","generation":"generated"},{"nameUrl":"Measure-HIVSimpleCondition.html","title":"HIVSimpleCondition","generation":"generated"},{"nameUrl":"Measure-HIVSimpleGender.html","title":"HIVSimpleGender","generation":"generated"},{"nameUrl":"Measure-HIVSimpleGenderCohort.html","title":"HIVSimpleGenderCohort","generation":"generated"},{"nameUrl":"Measure-HIVSimpleGenderSubjectList.html","title":"HIVSimpleGenderSubjectList","generation":"generated"},{"nameUrl":"Measure-HIVSimpleGenderSuppData.html","title":"HIVSimpleGenderSuppData","generation":"generated"},{"nameUrl":"Measure-HIVSimpleGenderSuppDataIndiv.html","title":"HIVSimpleGenderSuppDataIndiv","generation":"generated"},{"nameUrl":"Measure-HIVSimpleTestResult.html","title":"HIVSimpleTestResult","generation":"generated"},{"nameUrl":"Library-KitchenSink.html","title":"KitchenSink","generation":"generated"},{"nameUrl":"Location-Location-HIVSimple.html","title":"Location-HIVSimple","generation":"generated"},{"nameUrl":"Location-Location-HIVSimple2.html","title":"Location-HIVSimple2","generation":"generated"},{"nameUrl":"Observation-Observation-HIVSimple.html","title":"Observation-HIVSimple","generation":"generated"},{"nameUrl":"Observation-Observation-HIVSimple2.html","title":"Observation-HIVSimple2","generation":"generated"},{"nameUrl":"Observation-Observation-ViralLoad.html","title":"Observation-ViralLoad","generation":"generated"},{"nameUrl":"Organization-Organization-HIVSimple.html","title":"Organization-HIVSimple","generation":"generated"},{"nameUrl":"Organization-Organization-HIVSimple2.html","title":"Organization-HIVSimple2","generation":"generated"},{"nameUrl":"Patient-Patient-GoldenRecord.html","title":"Patient-GoldenRecord","generation":"generated"},{"nameUrl":"Patient-Patient-HIVSimple.html","title":"Patient-HIVSimple","generation":"generated"},{"nameUrl":"Patient-Patient-HIVSimple2.html","title":"Patient-HIVSimple2","generation":"generated"}]}]},"parameter":[{"code":"path-resource","value":"input/resources"},{"code":"path-resource","value":"fsh-generated/resources"},{"code":"path-resource","value":"input/examples"},{"code":"path-pages","value":"input/pagecontent"},{"code":"path-pages","value":"fsh-generated/includes"},{"code":"path-resource","value":"input/capabilities"},{"code":"path-resource","value":"input/extensions"},{"code":"path-resource","value":"input/models"},{"code":"path-resource","value":"input/operations"},{"code":"path-resource","value":"input/profiles"},{"code":"path-resource","value":"input/vocabulary"},{"code":"path-resource","value":"input/testing"},{"code":"path-resource","value":"input/history"},{"code":"path-pages","value":"template/config"},{"code":"path-pages","value":"input/images"},{"code":"path-tx-cache","value":"input-cache/txcache"}]}}