{"resourceType":"ImplementationGuide","id":"simple-hiv-ig","text":{"status":"extensions","div":"<div xmlns=\"http://www.w3.org/1999/xhtml\"><h2>simple-hiv-ig</h2><p>The official URL for this implementation guide is: </p><pre>https://github.com/intrahealth/simple-hiv-ig</pre><div><p>A simple IG using HIV epidemic control as a an example for learners</p>\n</div></div>"},"url":"https://github.com/intrahealth/simple-hiv-ig","version":"0.1.0","name":"simple-hiv-ig","title":"Simple HIV IG","status":"draft","experimental":false,"date":"2021-07-06T19:25:06+00:00","publisher":"IntraHealth International","contact":[{"telecom":[{"system":"url","value":"http://hl7.org/Special/committees/[something]"}]}],"description":"A simple IG using HIV epidemic control as a an example for learners","packageId":"simple-hiv-ig","license":"CC0-1.0","fhirVersion":["4.0.1"],"definition":{"extension":[{"extension":[{"url":"code","valueString":"copyrightyear"},{"url":"value","valueString":"2020+"}],"url":"http://hl7.org/fhir/tools/StructureDefinition/ig-parameter"},{"extension":[{"url":"code","valueString":"releaselabel"},{"url":"value","valueString":"CI Build"}],"url":"http://hl7.org/fhir/tools/StructureDefinition/ig-parameter"},{"extension":[{"url":"code","valueString":"path-binary"},{"url":"value","valueString":"input\\cql"}],"url":"http://hl7.org/fhir/tools/StructureDefinition/ig-parameter"},{"extension":[{"url":"code","valueString":"path-liquid"},{"url":"value","valueString":"templates\\liquid"}],"url":"http://hl7.org/fhir/tools/StructureDefinition/ig-parameter"},{"extension":[{"url":"code","valueString":"autoload-resources"},{"url":"value","valueString":"true"}],"url":"http://hl7.org/fhir/tools/StructureDefinition/ig-parameter"},{"extension":[{"url":"code","valueString":"path-liquid"},{"url":"value","valueString":"template/liquid"}],"url":"http://hl7.org/fhir/tools/StructureDefinition/ig-parameter"},{"extension":[{"url":"code","valueString":"path-liquid"},{"url":"value","valueString":"input/liquid"}],"url":"http://hl7.org/fhir/tools/StructureDefinition/ig-parameter"},{"extension":[{"url":"code","valueString":"path-qa"},{"url":"value","valueString":"temp/qa"}],"url":"http://hl7.org/fhir/tools/StructureDefinition/ig-parameter"},{"extension":[{"url":"code","valueString":"path-temp"},{"url":"value","valueString":"temp/pages"}],"url":"http://hl7.org/fhir/tools/StructureDefinition/ig-parameter"},{"extension":[{"url":"code","valueString":"path-output"},{"url":"value","valueString":"output"}],"url":"http://hl7.org/fhir/tools/StructureDefinition/ig-parameter"},{"extension":[{"url":"code","valueString":"path-suppressed-warnings"},{"url":"value","valueString":"input/ignoreWarnings.txt"}],"url":"http://hl7.org/fhir/tools/StructureDefinition/ig-parameter"},{"extension":[{"url":"code","valueString":"path-history"},{"url":"value","valueString":"history.html"}],"url":"http://hl7.org/fhir/tools/StructureDefinition/ig-parameter"},{"extension":[{"url":"code","valueString":"template-html"},{"url":"value","valueString":"template-page.html"}],"url":"http://hl7.org/fhir/tools/StructureDefinition/ig-parameter"},{"extension":[{"url":"code","valueString":"template-md"},{"url":"value","valueString":"template-page-md.html"}],"url":"http://hl7.org/fhir/tools/StructureDefinition/ig-parameter"},{"extension":[{"url":"code","valueString":"apply-contact"},{"url":"value","valueString":"true"}],"url":"http://hl7.org/fhir/tools/StructureDefinition/ig-parameter"},{"extension":[{"url":"code","valueString":"apply-context"},{"url":"value","valueString":"true"}],"url":"http://hl7.org/fhir/tools/StructureDefinition/ig-parameter"},{"extension":[{"url":"code","valueString":"apply-copyright"},{"url":"value","valueString":"true"}],"url":"http://hl7.org/fhir/tools/StructureDefinition/ig-parameter"},{"extension":[{"url":"code","valueString":"apply-jurisdiction"},{"url":"value","valueString":"true"}],"url":"http://hl7.org/fhir/tools/StructureDefinition/ig-parameter"},{"extension":[{"url":"code","valueString":"apply-license"},{"url":"value","valueString":"true"}],"url":"http://hl7.org/fhir/tools/StructureDefinition/ig-parameter"},{"extension":[{"url":"code","valueString":"apply-publisher"},{"url":"value","valueString":"true"}],"url":"http://hl7.org/fhir/tools/StructureDefinition/ig-parameter"},{"extension":[{"url":"code","valueString":"apply-version"},{"url":"value","valueString":"true"}],"url":"http://hl7.org/fhir/tools/StructureDefinition/ig-parameter"},{"extension":[{"url":"code","valueString":"active-tables"},{"url":"value","valueString":"true"}],"url":"http://hl7.org/fhir/tools/StructureDefinition/ig-parameter"}],"grouping":[{"id":"-str-questionnaire","name":"Structures: Questionnaires","description":"These define forms used by systems conforming to this implementation guide to capture or expose data to end users"},{"id":"-ka-library","name":"Knowledge Artifacts: Libraries","description":"These define logic, asset collections and other libraries as part of content in this implementation guide"},{"id":"-ka-measure","name":"Knowledge Artifacts: Measure","description":"These define measures as part of content in this implementation guide"},{"id":"-other","name":"Other","description":"These are resources that are used within this implementation guide that do not fit into one of the other categories"}],"resource":[{"extension":[{"url":"http://hl7.org/fhir/StructureDefinition/implementationguide-page","valueUri":"Measure-HIVSimpleGenderCohort-Measure.html"}],"reference":{"reference":"Measure/HIVSimpleGenderCohort-Measure"},"groupingId":"-ka-measure"},{"extension":[{"url":"http://hl7.org/fhir/StructureDefinition/implementationguide-page","valueUri":"Measure-HIVSimpleGender2-Measure.html"}],"reference":{"reference":"Measure/HIVSimpleGender2-Measure"},"groupingId":"-ka-measure"},{"extension":[{"url":"http://hl7.org/fhir/StructureDefinition/implementationguide-page","valueUri":"Measure-HIVSimpleGender-Measure.html"}],"reference":{"reference":"Measure/HIVSimpleGender-Measure"},"groupingId":"-ka-measure"},{"extension":[{"url":"http://hl7.org/fhir/StructureDefinition/implementationguide-page","valueUri":"Location-Location-HIVSimple.html"}],"reference":{"reference":"Location/Location-HIVSimple"},"groupingId":"-other"},{"extension":[{"url":"http://hl7.org/fhir/StructureDefinition/implementationguide-page","valueUri":"Condition-Condition-Pregnancy.html"}],"reference":{"reference":"Condition/Condition-Pregnancy"},"groupingId":"-other"},{"extension":[{"url":"http://hl7.org/fhir/StructureDefinition/implementationguide-page","valueUri":"Measure-HIVSimpleCondition-Measure.html"}],"reference":{"reference":"Measure/HIVSimpleCondition-Measure"},"groupingId":"-ka-measure"},{"extension":[{"url":"http://hl7.org/fhir/StructureDefinition/implementationguide-page","valueUri":"Observation-Observation-ViralLoad.html"}],"reference":{"reference":"Observation/Observation-ViralLoad"},"groupingId":"-other"},{"extension":[{"url":"http://hl7.org/fhir/StructureDefinition/implementationguide-page","valueUri":"Organization-Organization-HIVSimple.html"}],"reference":{"reference":"Organization/Organization-HIVSimple"},"groupingId":"-other"},{"extension":[{"url":"http://hl7.org/fhir/StructureDefinition/implementationguide-page","valueUri":"Questionnaire-Q.html"}],"reference":{"reference":"Questionnaire/Q"},"groupingId":"-str-questionnaire"},{"extension":[{"url":"http://hl7.org/fhir/StructureDefinition/implementationguide-page","valueUri":"Measure-HIVSimpleGenderSuppData-Measure.html"}],"reference":{"reference":"Measure/HIVSimpleGenderSuppData-Measure"},"groupingId":"-ka-measure"},{"extension":[{"url":"http://hl7.org/fhir/StructureDefinition/implementationguide-page","valueUri":"Encounter-Encounter-HIVSimple.html"}],"reference":{"reference":"Encounter/Encounter-HIVSimple"},"groupingId":"-other"},{"extension":[{"url":"http://hl7.org/fhir/StructureDefinition/implementationguide-page","valueUri":"Condition-Condition-HIVSimple.html"}],"reference":{"reference":"Condition/Condition-HIVSimple"},"groupingId":"-other"},{"extension":[{"url":"http://hl7.org/fhir/StructureDefinition/implementationguide-page","valueUri":"Library-HIVSimpleGender.html"}],"reference":{"reference":"Library/HIVSimpleGender"},"groupingId":"-ka-library"},{"extension":[{"url":"http://hl7.org/fhir/StructureDefinition/implementationguide-page","valueUri":"Library-FHIRCommon.html"}],"reference":{"reference":"Library/FHIRCommon"},"groupingId":"-ka-library"},{"extension":[{"url":"http://hl7.org/fhir/StructureDefinition/implementationguide-page","valueUri":"Measure-HIVSimpleDemog-Measure.html"}],"reference":{"reference":"Measure/HIVSimpleDemog-Measure"},"groupingId":"-ka-measure"},{"extension":[{"url":"http://hl7.org/fhir/StructureDefinition/implementationguide-page","valueUri":"Library-AgeRanges.html"}],"reference":{"reference":"Library/AgeRanges"},"groupingId":"-ka-library"},{"extension":[{"url":"http://hl7.org/fhir/StructureDefinition/implementationguide-page","valueUri":"Measure-HIVSimpleTestResult-Measure.html"}],"reference":{"reference":"Measure/HIVSimpleTestResult-Measure"},"groupingId":"-ka-measure"},{"extension":[{"url":"http://hl7.org/fhir/StructureDefinition/implementationguide-page","valueUri":"Encounter-Encounter-ViralLoad.html"}],"reference":{"reference":"Encounter/Encounter-ViralLoad"},"groupingId":"-other"},{"extension":[{"url":"http://hl7.org/fhir/StructureDefinition/implementationguide-page","valueUri":"Observation-Observation-HIVSimple.html"}],"reference":{"reference":"Observation/Observation-HIVSimple"},"groupingId":"-other"},{"extension":[{"url":"http://hl7.org/fhir/StructureDefinition/implementationguide-page","valueUri":"DiagnosticReport-DiagnosticReport-HIVSimple.html"}],"reference":{"reference":"DiagnosticReport/DiagnosticReport-HIVSimple"},"groupingId":"-other"},{"extension":[{"url":"http://hl7.org/fhir/StructureDefinition/implementationguide-page","valueUri":"Library-KitchenSink.html"}],"reference":{"reference":"Library/KitchenSink"},"groupingId":"-ka-library"},{"extension":[{"url":"http://hl7.org/fhir/StructureDefinition/implementationguide-page","valueUri":"Patient-Patient-HIVSimple.html"}],"reference":{"reference":"Patient/Patient-HIVSimple"},"groupingId":"-other"},{"extension":[{"url":"http://hl7.org/fhir/StructureDefinition/implementationguide-page","valueUri":"Bundle-HIVSimple-Measures.html"}],"reference":{"reference":"Bundle/HIVSimple-Measures"},"groupingId":"-other"},{"extension":[{"url":"http://hl7.org/fhir/StructureDefinition/implementationguide-page","valueUri":"Library-HIVSimpleAgeGroup.html"}],"reference":{"reference":"Library/HIVSimpleAgeGroup"},"groupingId":"-ka-library"},{"extension":[{"url":"http://hl7.org/fhir/StructureDefinition/implementationguide-page","valueUri":"Measure-HIVSimpleViralLoad-Measure.html"}],"reference":{"reference":"Measure/HIVSimpleViralLoad-Measure"},"groupingId":"-ka-measure"},{"extension":[{"url":"http://hl7.org/fhir/StructureDefinition/implementationguide-page","valueUri":"Measure-HIVSimpleGenderSuppDataIndiv-Measure.html"}],"reference":{"reference":"Measure/HIVSimpleGenderSuppDataIndiv-Measure"},"groupingId":"-ka-measure"},{"extension":[{"url":"http://hl7.org/fhir/StructureDefinition/implementationguide-page","valueUri":"DiagnosticReport-DiagnosticReport-ViralLoad.html"}],"reference":{"reference":"DiagnosticReport/DiagnosticReport-ViralLoad"},"groupingId":"-other"},{"extension":[{"url":"http://hl7.org/fhir/StructureDefinition/implementationguide-page","valueUri":"Library-HIVSimpleCondition.html"}],"reference":{"reference":"Library/HIVSimpleCondition"},"groupingId":"-ka-library"},{"extension":[{"url":"http://hl7.org/fhir/StructureDefinition/implementationguide-page","valueUri":"Library-HIVSimpleTestResult.html"}],"reference":{"reference":"Library/HIVSimpleTestResult"},"groupingId":"-ka-library"},{"extension":[{"url":"http://hl7.org/fhir/StructureDefinition/implementationguide-page","valueUri":"Measure-HIVSimpleAgeGroup-Measure.html"}],"reference":{"reference":"Measure/HIVSimpleAgeGroup-Measure"},"groupingId":"-ka-measure"},{"extension":[{"url":"http://hl7.org/fhir/StructureDefinition/implementationguide-page","valueUri":"Bundle-Example-HIVSimple.html"}],"reference":{"reference":"Bundle/Example-HIVSimple"},"groupingId":"-other"},{"extension":[{"url":"http://hl7.org/fhir/StructureDefinition/implementationguide-page","valueUri":"Library-HIVSimpleDemog.html"}],"reference":{"reference":"Library/HIVSimpleDemog"},"groupingId":"-ka-library"},{"extension":[{"url":"http://hl7.org/fhir/StructureDefinition/implementationguide-page","valueUri":"Measure-HIVSimpleGenderSubjectList-Measure.html"}],"reference":{"reference":"Measure/HIVSimpleGenderSubjectList-Measure"},"groupingId":"-ka-measure"},{"extension":[{"url":"http://hl7.org/fhir/StructureDefinition/implementationguide-page","valueUri":"Bundle-HIVSimple-Library.html"}],"reference":{"reference":"Bundle/HIVSimple-Library"},"groupingId":"-other"},{"extension":[{"url":"http://hl7.org/fhir/StructureDefinition/implementationguide-page","valueUri":"Library-HIVSimpleViralLoad.html"}],"reference":{"reference":"Library/HIVSimpleViralLoad"},"groupingId":"-ka-library"}],"page":{"nameUrl":"toc.html","title":"Table of Contents","generation":"html","page":[{"nameUrl":"index.html","title":"MyIG Home Page","generation":"html"},{"nameUrl":"background.html","title":"Background","generation":"html"},{"nameUrl":"spec.html","title":"Detailed Specification","generation":"markdown"},{"nameUrl":"downloads.html","title":"Useful Downloads","generation":"html"},{"nameUrl":"changes.html","title":"IG Change History","generation":"html"},{"nameUrl":"artifacts.html","title":"Artifacts Summary","generation":"html","page":[{"nameUrl":"Questionnaire-Q.html","generation":"generated"},{"nameUrl":"Library-HIVSimpleGender.html","generation":"generated"},{"nameUrl":"Library-FHIRCommon.html","generation":"generated"},{"nameUrl":"Library-AgeRanges.html","generation":"generated"},{"nameUrl":"Library-KitchenSink.html","generation":"generated"},{"nameUrl":"Library-HIVSimpleAgeGroup.html","generation":"generated"},{"nameUrl":"Library-HIVSimpleCondition.html","generation":"generated"},{"nameUrl":"Library-HIVSimpleTestResult.html","generation":"generated"},{"nameUrl":"Library-HIVSimpleDemog.html","generation":"generated"},{"nameUrl":"Library-HIVSimpleViralLoad.html","generation":"generated"},{"nameUrl":"Measure-HIVSimpleGenderCohort-Measure.html","generation":"generated"},{"nameUrl":"Measure-HIVSimpleGender2-Measure.html","generation":"generated"},{"nameUrl":"Measure-HIVSimpleGender-Measure.html","generation":"generated"},{"nameUrl":"Measure-HIVSimpleCondition-Measure.html","generation":"generated"},{"nameUrl":"Measure-HIVSimpleGenderSuppData-Measure.html","generation":"generated"},{"nameUrl":"Measure-HIVSimpleDemog-Measure.html","generation":"generated"},{"nameUrl":"Measure-HIVSimpleTestResult-Measure.html","generation":"generated"},{"nameUrl":"Measure-HIVSimpleViralLoad-Measure.html","generation":"generated"},{"nameUrl":"Measure-HIVSimpleGenderSuppDataIndiv-Measure.html","generation":"generated"},{"nameUrl":"Measure-HIVSimpleAgeGroup-Measure.html","generation":"generated"},{"nameUrl":"Measure-HIVSimpleGenderSubjectList-Measure.html","generation":"generated"},{"nameUrl":"Location-Location-HIVSimple.html","generation":"generated"},{"nameUrl":"Condition-Condition-Pregnancy.html","generation":"generated"},{"nameUrl":"Observation-Observation-ViralLoad.html","generation":"generated"},{"nameUrl":"Organization-Organization-HIVSimple.html","generation":"generated"},{"nameUrl":"Encounter-Encounter-HIVSimple.html","generation":"generated"},{"nameUrl":"Condition-Condition-HIVSimple.html","generation":"generated"},{"nameUrl":"Encounter-Encounter-ViralLoad.html","generation":"generated"},{"nameUrl":"Observation-Observation-HIVSimple.html","generation":"generated"},{"nameUrl":"DiagnosticReport-DiagnosticReport-HIVSimple.html","generation":"generated"},{"nameUrl":"Patient-Patient-HIVSimple.html","generation":"generated"},{"nameUrl":"Bundle-HIVSimple-Measures.html","generation":"generated"},{"nameUrl":"DiagnosticReport-DiagnosticReport-ViralLoad.html","generation":"generated"},{"nameUrl":"Bundle-Example-HIVSimple.html","generation":"generated"},{"nameUrl":"Bundle-HIVSimple-Library.html","generation":"generated"}]}]},"parameter":[{"code":"path-resource","value":"input\\history"},{"code":"path-resource","value":"input/capabilities"},{"code":"path-resource","value":"input/examples"},{"code":"path-resource","value":"input/extensions"},{"code":"path-resource","value":"input/models"},{"code":"path-resource","value":"input/operations"},{"code":"path-resource","value":"input/profiles"},{"code":"path-resource","value":"input/resources"},{"code":"path-resource","value":"input/vocabulary"},{"code":"path-resource","value":"input/testing"},{"code":"path-resource","value":"input/history"},{"code":"path-resource","value":"fsh-generated/resources"},{"code":"path-pages","value":"template/config"},{"code":"path-pages","value":"input/images"},{"code":"path-tx-cache","value":"input-cache/txcache"}]}}