{"resourceType":"ImplementationGuide","id":"simple-hiv-ig","text":{"status":"extensions","div":"<div xmlns=\"http://www.w3.org/1999/xhtml\"><h2>YourComputableMyIGNameHere</h2><p>The official URL for this implementation guide is: </p><pre>https://github.com/intrahealth/simple-hiv-ig</pre><div><p>A brief description of what MyIG is about (probably the same text as in your readme)</p>\n</div></div>"},"url":"https://github.com/intrahealth/simple-hiv-ig","version":"0.1.0","name":"YourComputableMyIGNameHere","title":"Your User Friendly Name for MyIG Here","status":"draft","experimental":false,"date":"2021-05-25T18:07:03+00:00","publisher":"HL7 International - [Some] Work Group","contact":[{"telecom":[{"system":"url","value":"http://hl7.org/Special/committees/[something]"}]}],"description":"A brief description of what MyIG is about (probably the same text as in your readme)","jurisdiction":[{"coding":[{"system":"http://unstats.un.org/unsd/methods/m49/m49.htm","code":"001"}]}],"packageId":"simple-hiv-ig","license":"CC0-1.0","fhirVersion":["4.0.1"],"definition":{"extension":[{"extension":[{"url":"code","valueString":"copyrightyear"},{"url":"value","valueString":"2019+"}],"url":"http://hl7.org/fhir/tools/StructureDefinition/ig-parameter"},{"extension":[{"url":"code","valueString":"releaselabel"},{"url":"value","valueString":"CI Build"}],"url":"http://hl7.org/fhir/tools/StructureDefinition/ig-parameter"},{"extension":[{"url":"code","valueString":"path-binary"},{"url":"value","valueString":"input\\cql"}],"url":"http://hl7.org/fhir/tools/StructureDefinition/ig-parameter"},{"extension":[{"url":"code","valueString":"path-liquid"},{"url":"value","valueString":"templates\\liquid"}],"url":"http://hl7.org/fhir/tools/StructureDefinition/ig-parameter"},{"extension":[{"url":"code","valueString":"autoload-resources"},{"url":"value","valueString":"true"}],"url":"http://hl7.org/fhir/tools/StructureDefinition/ig-parameter"},{"extension":[{"url":"code","valueString":"path-liquid"},{"url":"value","valueString":"template/liquid"}],"url":"http://hl7.org/fhir/tools/StructureDefinition/ig-parameter"},{"extension":[{"url":"code","valueString":"path-liquid"},{"url":"value","valueString":"input/liquid"}],"url":"http://hl7.org/fhir/tools/StructureDefinition/ig-parameter"},{"extension":[{"url":"code","valueString":"path-qa"},{"url":"value","valueString":"temp/qa"}],"url":"http://hl7.org/fhir/tools/StructureDefinition/ig-parameter"},{"extension":[{"url":"code","valueString":"path-temp"},{"url":"value","valueString":"temp/pages"}],"url":"http://hl7.org/fhir/tools/StructureDefinition/ig-parameter"},{"extension":[{"url":"code","valueString":"path-output"},{"url":"value","valueString":"output"}],"url":"http://hl7.org/fhir/tools/StructureDefinition/ig-parameter"},{"extension":[{"url":"code","valueString":"path-suppressed-warnings"},{"url":"value","valueString":"input/ignoreWarnings.txt"}],"url":"http://hl7.org/fhir/tools/StructureDefinition/ig-parameter"},{"extension":[{"url":"code","valueString":"path-history"},{"url":"value","valueString":"history.html"}],"url":"http://hl7.org/fhir/tools/StructureDefinition/ig-parameter"},{"extension":[{"url":"code","valueString":"template-html"},{"url":"value","valueString":"template-page.html"}],"url":"http://hl7.org/fhir/tools/StructureDefinition/ig-parameter"},{"extension":[{"url":"code","valueString":"template-md"},{"url":"value","valueString":"template-page-md.html"}],"url":"http://hl7.org/fhir/tools/StructureDefinition/ig-parameter"},{"extension":[{"url":"code","valueString":"apply-contact"},{"url":"value","valueString":"true"}],"url":"http://hl7.org/fhir/tools/StructureDefinition/ig-parameter"},{"extension":[{"url":"code","valueString":"apply-context"},{"url":"value","valueString":"true"}],"url":"http://hl7.org/fhir/tools/StructureDefinition/ig-parameter"},{"extension":[{"url":"code","valueString":"apply-copyright"},{"url":"value","valueString":"true"}],"url":"http://hl7.org/fhir/tools/StructureDefinition/ig-parameter"},{"extension":[{"url":"code","valueString":"apply-jurisdiction"},{"url":"value","valueString":"true"}],"url":"http://hl7.org/fhir/tools/StructureDefinition/ig-parameter"},{"extension":[{"url":"code","valueString":"apply-license"},{"url":"value","valueString":"true"}],"url":"http://hl7.org/fhir/tools/StructureDefinition/ig-parameter"},{"extension":[{"url":"code","valueString":"apply-publisher"},{"url":"value","valueString":"true"}],"url":"http://hl7.org/fhir/tools/StructureDefinition/ig-parameter"},{"extension":[{"url":"code","valueString":"apply-version"},{"url":"value","valueString":"true"}],"url":"http://hl7.org/fhir/tools/StructureDefinition/ig-parameter"},{"extension":[{"url":"code","valueString":"active-tables"},{"url":"value","valueString":"true"}],"url":"http://hl7.org/fhir/tools/StructureDefinition/ig-parameter"}],"grouping":[{"id":"_ka_library","name":"Knowledge Artifacts: Libraries","description":"These define logic, asset collections and other libraries as part of content in this implementation guide"},{"id":"_ka_measure","name":"Knowledge Artifacts: Measure","description":"These define measures as part of content in this implementation guide"}],"resource":[{"extension":[{"url":"http://hl7.org/fhir/StructureDefinition/implementationguide-page","valueUri":"Measure-HIVSimpleGender.html"}],"reference":{"reference":"Measure/HIVSimpleGender"},"name":"HIVSimpleGender","description":"HIVSimpleGender","groupingId":"_ka_measure"},{"extension":[{"url":"http://hl7.org/fhir/StructureDefinition/implementationguide-page","valueUri":"Measure-HIVSimpleCondition.html"}],"reference":{"reference":"Measure/HIVSimpleCondition"},"name":"HIVSimpleCondition","description":"HIVSimpleCondition","groupingId":"_ka_measure"},{"extension":[{"url":"http://hl7.org/fhir/StructureDefinition/implementationguide-page","valueUri":"Library-FHIRCommon.html"}],"reference":{"reference":"Library/FHIRCommon"},"name":"FHIR Common","groupingId":"_ka_library"},{"extension":[{"url":"http://hl7.org/fhir/StructureDefinition/implementationguide-page","valueUri":"Library-HIVSimpleGender2.html"}],"reference":{"reference":"Library/HIVSimpleGender2"},"name":"HIVSimpleGender2","groupingId":"_ka_library"},{"extension":[{"url":"http://hl7.org/fhir/StructureDefinition/implementationguide-page","valueUri":"Measure-HIVSimpleGender2.html"}],"reference":{"reference":"Measure/HIVSimpleGender2"},"name":"HIVSimpleGender2","description":"HIVSimpleGender2","groupingId":"_ka_measure"},{"extension":[{"url":"http://hl7.org/fhir/StructureDefinition/implementationguide-page","valueUri":"Library-HIVSimpleGender.html"}],"reference":{"reference":"Library/HIVSimpleGender"},"name":"HIVSimpleGender","groupingId":"_ka_library"},{"extension":[{"url":"http://hl7.org/fhir/StructureDefinition/implementationguide-page","valueUri":"Measure-HIVSimpleViralLoad.html"}],"reference":{"reference":"Measure/HIVSimpleViralLoad"},"name":"HIVSimpleViralLoad","description":"HIVSimpleViralLoad","groupingId":"_ka_measure"},{"extension":[{"url":"http://hl7.org/fhir/StructureDefinition/implementationguide-page","valueUri":"Library-HIVSimpleDemog.html"}],"reference":{"reference":"Library/HIVSimpleDemog"},"name":"HIVSimpleDemog","groupingId":"_ka_library"},{"extension":[{"url":"http://hl7.org/fhir/StructureDefinition/implementationguide-page","valueUri":"Measure-HIVSimpleDemog.html"}],"reference":{"reference":"Measure/HIVSimpleDemog"},"name":"HIVSimpleDemog","description":"HIVSimpleDemog","groupingId":"_ka_measure"},{"extension":[{"url":"http://hl7.org/fhir/StructureDefinition/implementationguide-page","valueUri":"Library-HIVSimpleViralLoad.html"}],"reference":{"reference":"Library/HIVSimpleViralLoad"},"name":"HIVSimpleViralLoad","groupingId":"_ka_library"},{"extension":[{"url":"http://hl7.org/fhir/StructureDefinition/implementationguide-page","valueUri":"Library-HIVSimpleCondition.html"}],"reference":{"reference":"Library/HIVSimpleCondition"},"name":"HIVSimpleCondition","groupingId":"_ka_library"},{"extension":[{"url":"http://hl7.org/fhir/StructureDefinition/implementationguide-page","valueUri":"Measure-HIVSimpleAgeGroup.html"}],"reference":{"reference":"Measure/HIVSimpleAgeGroup"},"name":"HIVSimpleAgeGroup","description":"HIVSimpleAgeGroup","groupingId":"_ka_measure"},{"extension":[{"url":"http://hl7.org/fhir/StructureDefinition/implementationguide-page","valueUri":"Library-AgeRanges.html"}],"reference":{"reference":"Library/AgeRanges"},"name":"Age Ranges","groupingId":"_ka_library"},{"extension":[{"url":"http://hl7.org/fhir/StructureDefinition/implementationguide-page","valueUri":"Library-HIVSimpleTestResult.html"}],"reference":{"reference":"Library/HIVSimpleTestResult"},"name":"HIVSimpleTestResult","groupingId":"_ka_library"},{"extension":[{"url":"http://hl7.org/fhir/StructureDefinition/implementationguide-page","valueUri":"Library-HIVSimpleAgeGroup.html"}],"reference":{"reference":"Library/HIVSimpleAgeGroup"},"name":"HIVSimpleAgeGroup","groupingId":"_ka_library"},{"extension":[{"url":"http://hl7.org/fhir/StructureDefinition/implementationguide-page","valueUri":"Measure-HIVSimpleTestResult.html"}],"reference":{"reference":"Measure/HIVSimpleTestResult"},"name":"HIVSimpleTestResult","description":"HIVSimpleTestResult","groupingId":"_ka_measure"}],"page":{"nameUrl":"toc.html","title":"Table of Contents","generation":"html","page":[{"nameUrl":"index.html","title":"MyIG Home Page","generation":"html"},{"nameUrl":"background.html","title":"Background","generation":"html"},{"nameUrl":"spec.html","title":"Detailed Specification","generation":"markdown"},{"nameUrl":"downloads.html","title":"Useful Downloads","generation":"html"},{"nameUrl":"changes.html","title":"IG Change History","generation":"html"},{"nameUrl":"artifacts.html","title":"Artifacts Summary","generation":"html","page":[{"nameUrl":"Library-FHIRCommon.html","title":"FHIR Common","generation":"generated"},{"nameUrl":"Library-HIVSimpleGender2.html","title":"HIVSimpleGender2","generation":"generated"},{"nameUrl":"Library-HIVSimpleGender.html","title":"HIVSimpleGender","generation":"generated"},{"nameUrl":"Library-HIVSimpleDemog.html","title":"HIVSimpleDemog","generation":"generated"},{"nameUrl":"Library-HIVSimpleViralLoad.html","title":"HIVSimpleViralLoad","generation":"generated"},{"nameUrl":"Library-HIVSimpleCondition.html","title":"HIVSimpleCondition","generation":"generated"},{"nameUrl":"Library-AgeRanges.html","title":"Age Ranges","generation":"generated"},{"nameUrl":"Library-HIVSimpleTestResult.html","title":"HIVSimpleTestResult","generation":"generated"},{"nameUrl":"Library-HIVSimpleAgeGroup.html","title":"HIVSimpleAgeGroup","generation":"generated"},{"nameUrl":"Measure-HIVSimpleGender.html","title":"HIVSimpleGender","generation":"generated"},{"nameUrl":"Measure-HIVSimpleCondition.html","title":"HIVSimpleCondition","generation":"generated"},{"nameUrl":"Measure-HIVSimpleGender2.html","title":"HIVSimpleGender2","generation":"generated"},{"nameUrl":"Measure-HIVSimpleViralLoad.html","title":"HIVSimpleViralLoad","generation":"generated"},{"nameUrl":"Measure-HIVSimpleDemog.html","title":"HIVSimpleDemog","generation":"generated"},{"nameUrl":"Measure-HIVSimpleAgeGroup.html","title":"HIVSimpleAgeGroup","generation":"generated"},{"nameUrl":"Measure-HIVSimpleTestResult.html","title":"HIVSimpleTestResult","generation":"generated"}]}]},"parameter":[{"code":"path-resource","value":"input\\history"},{"code":"path-resource","value":"input/capabilities"},{"code":"path-resource","value":"input/examples"},{"code":"path-resource","value":"input/extensions"},{"code":"path-resource","value":"input/models"},{"code":"path-resource","value":"input/operations"},{"code":"path-resource","value":"input/profiles"},{"code":"path-resource","value":"input/resources"},{"code":"path-resource","value":"input/vocabulary"},{"code":"path-resource","value":"input/testing"},{"code":"path-resource","value":"input/history"},{"code":"path-resource","value":"fsh-generated/resources"},{"code":"path-pages","value":"template/config"},{"code":"path-pages","value":"input/images"},{"code":"path-tx-cache","value":"input-cache/txcache"}]}}