{"resourceType":"Library","id":"Attribution","url":"https://intrahealth.github.io/simple-hiv-ig/Library/Attribution","version":"0.1.0","name":"Attribution","title":"Attribution","status":"draft","experimental":true,"type":{"coding":[{"system":"http://terminology.hl7.org/CodeSystem/library-type","code":"logic-library"}]},"date":"2022-01-11T19:35:20+00:00","publisher":"IntraHealth International","contact":[{"telecom":[{"system":"url","value":"http://hl7.org/Special/committees/[something]"}]}],"description":"Attribution"}