{"resourceType":"Library","id":"HIVDataElements","url":"https://intrahealth.github.io/simple-hiv-ig/Library/HIVDataElements","version":"0.1.0","name":"HIVDataElements","title":"HIVDataElements","status":"draft","experimental":true,"type":{"coding":[{"system":"http://terminology.hl7.org/CodeSystem/library-type","code":"logic-library"}]},"date":"2022-01-27T21:17:37+00:00","publisher":"IntraHealth International","contact":[{"telecom":[{"system":"url","value":"http://hl7.org/Special/committees/[something]"}]}],"description":"HIVDataElements"}