{"resourceType":"Library","id":"GoldenRecord","url":"https://intrahealth.github.io/simple-hiv-ig/Library/GoldenRecord","version":"0.1.0","name":"GoldenRecord","title":"GoldenRecord","status":"draft","experimental":true,"type":{"coding":[{"system":"http://terminology.hl7.org/CodeSystem/library-type","code":"logic-library"}]},"date":"2021-12-10T19:45:37+00:00","publisher":"IntraHealth International","contact":[{"telecom":[{"system":"url","value":"http://hl7.org/Special/committees/[something]"}]}],"description":"GoldenRecord"}