{"resourceType":"Library","id":"Parameters","url":"https://intrahealth.github.io/simple-hiv-ig/Library/Parameters","version":"0.1.0","name":"Parameters","title":"Parameters","status":"draft","experimental":true,"type":{"coding":[{"system":"http://terminology.hl7.org/CodeSystem/library-type","code":"logic-library"}]},"date":"2021-12-28T20:53:19+00:00","publisher":"IntraHealth International","contact":[{"telecom":[{"system":"url","value":"http://hl7.org/Special/committees/[something]"}]}],"description":"Parameters"}