{"resourceType":"Library","id":"FHIRCommon","url":"https://intrahealth.github.io/simple-hiv-ig/Library/FHIRCommon","version":"0.1.0","name":"FHIRCommon","title":"FHIRCommon","status":"draft","experimental":true,"type":{"coding":[{"system":"http://terminology.hl7.org/CodeSystem/library-type","code":"logic-library"}]},"date":"2021-12-13T01:57:29+00:00","publisher":"IntraHealth International","contact":[{"telecom":[{"system":"url","value":"http://hl7.org/Special/committees/[something]"}]}],"description":"FHIRCommon"}