{"resourceType":"Measure","id":"HIVSimpleGenderSubjectList","url":"Measure/HIVSimpleGenderSubjectList","identifier":[{"system":"http://ohie.org/Measure/","value":"HIVSimpleGenderSubjectList"}],"version":"0.1.0","name":"HIVSimpleGenderSubjectList","title":"HIVSimpleGenderSubjectList","status":"draft","experimental":true,"date":"2021-03-01","publisher":"IntraHealth International","contact":[{"telecom":[{"system":"url","value":"http://hl7.org/Special/committees/[something]"}]}],"description":"HIVSimpleGenderSubjectList","library":["Library/HIVSimpleGender"],"scoring":{"coding":[{"code":"cohort"}]},"type":[{"coding":[{"code":"subject-list"}]}],"group":[{"code":{"text":"HIVSimpleGenderSubjectList"},"description":"HIVSimpleGenderSubjectList","population":[{"code":{"coding":[{"system":"http://terminology.hl7.org/CodeSystem/measure-population","code":"initial-population"}]},"description":"HIVSimpleGenderSubjectList Initial Population","criteria":{"language":"text/cql","expression":"Initial Population"}}]}]}