{"resourceType":"Measure","id":"HIVSimpleGenderSuppDataIndiv","url":"Measure/HIVSimpleGenderSuppDataIndiv","identifier":[{"system":"http://ohie.org/Measure/","value":"HIVSimpleGenderSuppDataIndiv"}],"version":"0.1.0","name":"HIVSimpleGenderSuppDataIndiv","title":"HIVSimpleGenderSuppDataIndiv","status":"draft","experimental":true,"date":"2021-03-01","publisher":"IntraHealth International","contact":[{"telecom":[{"system":"url","value":"http://hl7.org/Special/committees/[something]"}]}],"description":"HIVSimpleGenderSuppDataIndiv","library":["Library/HIVSimpleGender"],"scoring":{"coding":[{"code":"proportion"}]},"type":[{"coding":[{"code":"individual"}]}],"group":[{"code":{"text":"cohort"},"description":"HIVSimpleGenderSuppDataIndiv Cohort","population":[{"code":{"coding":[{"system":"http://terminology.hl7.org/CodeSystem/measure-population","code":"initial-population"}]},"description":"HIVSimpleGenderSuppDataIndiv Initial Population","criteria":{"language":"text/cql","expression":"Initial Population"}},{"code":{"coding":[{"system":"http://terminology.hl7.org/CodeSystem/measure-population","code":"numerator"}]},"description":"HIVSimpleGenderSuppDataIndiv Numerator","criteria":{"language":"text/cql","expression":"Numerator"}},{"code":{"coding":[{"system":"http://terminology.hl7.org/CodeSystem/measure-population","code":"denominator"}]},"description":"HIVSimpleGenderSuppDataIndiv Denominator","criteria":{"language":"text/cql","expression":"Denominator"}}],"stratifier":[{"code":{"text":"supplemental-data-example-define"},"criteria":{"language":"text/cql","expression":"Female"}},{"code":{"text":"stratifier-gender"},"criteria":{"language":"text/fhirpath","expression":"Patient.gender"}}]}],"supplementalData":[{"code":{"text":"supplemental-data-example-define"},"criteria":{"language":"text/cql","expression":"Female"}}]}