{"resourceType":"Measure","id":"HIVSimpleGenderCohort","url":"https://intrahealth.github.io/simple-hiv-ig/Measure/HIVSimpleGenderCohort","identifier":[{"system":"https://intrahealth.github.io/simple-hiv-ig/Measure/","value":"HIVSimpleGenderCohort"}],"version":"0.1.0","status":"draft","experimental":true,"date":"2021-07-01","publisher":"IntraHealth International","contact":[{"telecom":[{"system":"url","value":"http://hl7.org/Special/committees/[something]"}]}],"library":["https://intrahealth.github.io/simple-hiv-ig/Library/KitchenSink"],"scoring":{"coding":[{"system":"http://terminology.hl7.org/CodeSystem/measure-scoring","code":"cohort"}]},"group":[{"code":{"coding":[{"system":"http://ohie.org/CodeSystem","code":"cohort","display":"cohort"}]},"population":[{"code":{"coding":[{"system":"http://terminology.hl7.org/CodeSystem/measure-population","code":"initial-population"}]},"description":"Initial Population","criteria":{"language":"text/cql","expression":"Initial Population"}}]}]}