{"resourceType":"Measure","id":"Cohort","url":"https://intrahealth.github.io/simple-hiv-ig/Measure/Cohort","identifier":[{"system":"https://intrahealth.github.io/simple-hiv-ig/Measure/","value":"Cohort"},{"system":"https://datim.org/factsinfo/mechanism","value":"12345"}],"version":"0.1.0","name":"Cohort","title":"Cohort","status":"draft","experimental":true,"date":"2021-07-01","publisher":"IntraHealth International","contact":[{"telecom":[{"system":"url","value":"http://hl7.org/Special/committees/[something]"}]}],"description":"Cohort","library":["https://intrahealth.github.io/simple-hiv-ig/Library/KitchenSink"],"scoring":{"coding":[{"system":"http://terminology.hl7.org/CodeSystem/measure-scoring","code":"cohort"}]},"group":[{"code":{"coding":[{"system":"https://intrahealth.github.io/simple-hiv-ig/CodeSystem/OpenHIE","code":"cohort","display":"cohort"}]},"population":[{"code":{"coding":[{"system":"http://terminology.hl7.org/CodeSystem/measure-population","code":"initial-population"}]},"description":"Initial Population","criteria":{"language":"text/cql","expression":"Initial Population"}}]}]}