{"resourceType":"Measure","id":"BlazeGenderLocation","url":"https://intrahealth.github.io/simple-hiv-ig/Measure/BlazeGenderLocation","identifier":[{"system":"https://intrahealth.github.io/simple-hiv-ig/Measure/","value":"BlazeAgeGroupLocation"}],"version":"0.1.0","name":"BlazeGenderLocation","title":"BlazeGenderLocation","status":"draft","experimental":true,"date":"2021-07-01","publisher":"IntraHealth International","contact":[{"telecom":[{"system":"url","value":"http://hl7.org/Special/committees/[something]"}]}],"description":"BlazeGenderLocation","library":["https://intrahealth.github.io/simple-hiv-ig/Library/Blaze"],"scoring":{"coding":[{"system":"http://terminology.hl7.org/CodeSystem/measure-scoring","code":"proportion"}]},"group":[{"code":{"coding":[{"system":"https://intrahealth.github.io/simple-hiv-ig/CodeSystem/OpenHIE","code":"cohort","display":"cohort"}]},"population":[{"code":{"coding":[{"system":"http://terminology.hl7.org/CodeSystem/measure-population","code":"initial-population"}]},"description":"Initial Population","criteria":{"language":"text/cql","expression":"Initial Population"}},{"code":{"coding":[{"system":"http://terminology.hl7.org/CodeSystem/measure-population","code":"denominator"}]},"description":"Denominator","criteria":{"language":"text/cql","expression":"Denominator"}},{"code":{"coding":[{"system":"http://terminology.hl7.org/CodeSystem/measure-population","code":"numerator"}]},"description":"Numerator","criteria":{"language":"text/cql","expression":"Numerator"}}],"stratifier":[{"criteria":{"language":"text/cql","expression":"Age Group/Sex/Location 2"}}]}]}