{"resourceType":"Measure","id":"HIVSimpleGenderSuppData","url":"Measure/HIVSimpleGenderSuppData","identifier":[{"system":"http://ohie.org/Measure/","value":"HIVSimpleGenderSuppData"}],"version":"0.1.0","name":"HIVSimpleGenderSuppData","title":"HIVSimpleGenderSuppData","status":"draft","experimental":true,"date":"2021-03-01","publisher":"IntraHealth International","contact":[{"telecom":[{"system":"url","value":"http://hl7.org/Special/committees/[something]"}]}],"description":"HIVSimpleGenderSuppData","library":["Library/HIVSimpleGender"],"scoring":{"coding":[{"code":"proportion"}]},"type":[{"coding":[{"code":"process"}]}],"group":[{"code":{"text":"cohort"},"description":"HIVSimpleGenderSuppData Cohort","population":[{"code":{"coding":[{"system":"http://terminology.hl7.org/CodeSystem/measure-population","code":"initial-population"}]},"description":"HIVSimpleGenderSuppData Initial Population","criteria":{"language":"text/cql","expression":"Initial Population"}},{"code":{"coding":[{"system":"http://terminology.hl7.org/CodeSystem/measure-population","code":"numerator"}]},"description":"HIVSimpleGenderSuppData Numerator","criteria":{"language":"text/cql","expression":"Numerator"}},{"code":{"coding":[{"system":"http://terminology.hl7.org/CodeSystem/measure-population","code":"denominator"}]},"description":"HIVSimpleGenderSuppData Denominator","criteria":{"language":"text/cql","expression":"Denominator"}}]}],"supplementalData":[{"code":{"text":"supplemental-data-example-define"},"criteria":{"language":"text/cql","expression":"Hello, World!"}}]}