{"resourceType":"Measure","id":"HIV-TXCURR","url":"https://intrahealth.github.io/simple-hiv-ig/Measure/HIV-TXCURR","identifier":[{"system":"https://intrahealth.github.io/simple-hiv-ig/Measure/","value":"HIV-TXCURR"},{"system":"https://datim.org/factsinfo/mechanism","value":"12345"}],"version":"0.1.0","name":"HIV-TXCURR","title":"HIV-TXCURR","status":"draft","experimental":true,"date":"2021-07-01","publisher":"IntraHealth International","contact":[{"telecom":[{"system":"url","value":"http://hl7.org/Special/committees/[something]"}]}],"description":"HIV-TXCURR","library":["https://intrahealth.github.io/simple-hiv-ig/Library/TXCURR"],"scoring":{"coding":[{"system":"http://terminology.hl7.org/CodeSystem/measure-scoring","code":"cohort"}]},"group":[{"code":{"coding":[{"system":"https://intrahealth.github.io/simple-hiv-ig/CodeSystem/OpenHIE","code":"cohort","display":"cohort"}]},"population":[{"code":{"coding":[{"system":"http://terminology.hl7.org/CodeSystem/measure-population","code":"numerator"}]},"description":"Numerator","criteria":{"language":"text/cql","expression":"Numerator"}}],"stratifier":[{"criteria":{"language":"text/cql","expression":"Stratifier"}}]}]}