{"resourceType":"Measure","id":"HIVSimpleGender","url":"Measure/HIVSimpleGender","identifier":[{"system":"http://ohie.org/Measure/","value":"HIVSimpleGender"}],"version":"0.1.0","name":"HIVSimpleGender","title":"HIVSimpleGender","status":"draft","experimental":true,"date":"2018-03-08","publisher":"HL7 International - [Some] Work Group","contact":[{"telecom":[{"system":"url","value":"http://hl7.org/Special/committees/[something]"}]}],"description":"HIVSimpleGender","jurisdiction":[{"coding":[{"system":"http://unstats.un.org/unsd/methods/m49/m49.htm","code":"001"}]}],"relatedArtifact":[{"type":"derived-from","url":"http://wiki.ihe.net/index.php/Aggregate_Data_Exchange_-_HIV"}],"library":["Library/HIVSimpleGender"],"scoring":{"coding":[{"code":"proportion"}]},"group":[{"code":{"coding":[{"system":"http://terminology.hl7.org/CodeSystem/measure-population","code":"numerator"}]},"description":"HIVSimpleGender","population":[{"code":{"text":"cohort"},"criteria":{"language":"text/cql-identifier","expression":"Numerator"}}]},{"code":{"coding":[{"system":"http://terminology.hl7.org/CodeSystem/measure-population","code":"denominator"}]},"description":"HIVSimpleGender","population":[{"code":{"text":"cohort"},"criteria":{"language":"text/cql","expression":"Denominator"}}]}]}