{"resourceType":"Measure","id":"HIVSimpleGenderSuppDataIndiv","url":"https://intrahealth.github.io/simple-hiv-ig/Measure/HIVSimpleGenderSuppDataIndiv","identifier":[{"system":"https://intrahealth.github.io/simple-hiv-ig/Measure/","value":"HIVSimpleGenderSuppDataIndiv"}],"version":"0.1.0","status":"draft","experimental":true,"date":"2021-07-01","publisher":"IntraHealth International","contact":[{"telecom":[{"system":"url","value":"http://hl7.org/Special/committees/[something]"}]}],"library":["Library/KitchenSink"],"scoring":{"coding":[{"code":"proportion"}]},"group":[{"population":[{"code":{"coding":[{"system":"http://terminology.hl7.org/CodeSystem/measure-population","code":"initial-population"}]},"description":"Initial Population","criteria":{"language":"text/cql","expression":"Initial Population"}},{"code":{"coding":[{"system":"http://terminology.hl7.org/CodeSystem/measure-population","code":"denominator"}]},"description":"Denominator","criteria":{"language":"text/cql","expression":"Denominator"}},{"code":{"coding":[{"system":"http://terminology.hl7.org/CodeSystem/measure-population","code":"numerator"}]},"description":"Numerator","criteria":{"language":"text/cql","expression":"Numerator"}}]}],"supplementalData":[{"code":{"text":"supplemental-data-example-define-sex"},"criteria":{"language":"text/cql","expression":"SDE Sex"}},{"code":{"text":"supplemental-data-example-define-location"},"criteria":{"language":"text/cql","expression":"SDE Location"}}]}