{"resourceType":"Measure","id":"HIVSimpleGender","url":"Measure/HIVSimpleGender","identifier":[{"system":"http://ohie.org/Measure/","value":"HIVSimpleGender"}],"version":"0.1.0","name":"HIVSimpleGender","title":"HIVSimpleGender","status":"draft","experimental":true,"date":"2018-03-08","publisher":"IntraHealth International","contact":[{"telecom":[{"system":"url","value":"http://hl7.org/Special/committees/[something]"}]}],"description":"HIVSimpleGender","library":["Library/HIVSimpleGender"],"scoring":{"coding":[{"code":"proportion"}]},"type":[{"coding":[{"code":"process"}]}],"group":[{"code":{"text":"cohort"},"description":"HIVSimpleGender Cohort","population":[{"code":{"coding":[{"system":"http://terminology.hl7.org/CodeSystem/measure-population","code":"initial-population"}]},"description":"HIVSimpleGender Initial Population","criteria":{"language":"text/cql","expression":"Initial Population"}},{"code":{"coding":[{"system":"http://terminology.hl7.org/CodeSystem/measure-population","code":"numerator"}]},"description":"HIVSimpleGender Numerator","criteria":{"language":"text/cql","expression":"Numerator"}},{"code":{"coding":[{"system":"http://terminology.hl7.org/CodeSystem/measure-population","code":"denominator"}]},"description":"HIVSimpleGender Denominator","criteria":{"language":"text/cql","expression":"Denominator"}}]}]}