{"resourceType":"Measure","id":"HIVSimpleCondition","url":"Measure/HIVSimpleCondition","identifier":[{"system":"http://ohie.org/Measure/","value":"HIVSimpleCondition"}],"version":"0.1.0","name":"HIVSimpleCondition","title":"HIVSimpleCondition","status":"draft","experimental":true,"date":"2018-03-08","publisher":"HL7 International - [Some] Work Group","contact":[{"telecom":[{"system":"url","value":"http://hl7.org/Special/committees/[something]"}]}],"description":"HIVSimpleCondition","jurisdiction":[{"coding":[{"system":"http://unstats.un.org/unsd/methods/m49/m49.htm","code":"001"}]}],"relatedArtifact":[{"type":"derived-from","url":"http://wiki.ihe.net/index.php/Aggregate_Data_Exchange_-_HIV"}],"library":["Library/HIVSimpleCondition"],"scoring":{"coding":[{"code":"proportion"}]},"type":[{"coding":[{"code":"process"}]}],"group":[{"code":{"text":"cohort"},"description":"HIVSimpleCondition Cohort","population":[{"code":{"coding":[{"system":"http://terminology.hl7.org/CodeSystem/measure-population","code":"initial-population"}]},"description":"HIVSimpleCondition Initial Population","criteria":{"language":"text/cql","expression":"Initial Population"}},{"code":{"coding":[{"system":"http://terminology.hl7.org/CodeSystem/measure-population","code":"numerator"}]},"description":"HIVSimpleCondition Numerator","criteria":{"language":"text/cql","expression":"Numerator"}},{"code":{"coding":[{"system":"http://terminology.hl7.org/CodeSystem/measure-population","code":"denominator"}]},"description":"HIVSimpleCondition Denominator","criteria":{"language":"text/cql","expression":"Denominator"}}]}]}