{"resourceType":"Measure","id":"HIVSimpleGenderSuppDataIndiv","url":"https://intrahealth.github.io/simple-hiv-ig/Measure/HIVSimpleGenderSuppDataIndiv","identifier":[{"system":"https://intrahealth.github.io/simple-hiv-ig/Measure/","value":"HIVSimpleGenderSuppDataIndiv"}],"version":"0.1.0","name":"HIVSimpleGenderSuppDataIndiv","status":"draft","experimental":true,"date":"2021-07-01","publisher":"Digital Health Team","contact":[{"name":"Digital Health Team","telecom":[{"system":"url","value":"https://www.intrahealth.org"},{"system":"email","value":"digitalhealth@intrahealth.org"}]},{"name":"Digital Health Team","telecom":[{"system":"email","value":"digitalhealth@intrahealth.org","use":"work"}]}],"library":["https://intrahealth.github.io/simple-hiv-ig/Library/KitchenSink"],"scoring":{"coding":[{"system":"http://terminology.hl7.org/CodeSystem/measure-scoring","code":"proportion"}]},"group":[{"code":{"coding":[{"system":"https://intrahealth.github.io/simple-hiv-ig/CodeSystem/OpenHIE","code":"cohort","display":"cohort"}]},"population":[{"code":{"coding":[{"system":"http://terminology.hl7.org/CodeSystem/measure-population","code":"initial-population"}]},"description":"Initial Population","criteria":{"language":"text/cql","expression":"Initial Population"}},{"code":{"coding":[{"system":"http://terminology.hl7.org/CodeSystem/measure-population","code":"denominator"}]},"description":"Denominator","criteria":{"language":"text/cql","expression":"Denominator"}},{"code":{"coding":[{"system":"http://terminology.hl7.org/CodeSystem/measure-population","code":"numerator"}]},"description":"Numerator","criteria":{"language":"text/cql","expression":"Numerator"}}]}],"supplementalData":[{"code":{"text":"supplemental-data-example-define-sex"},"criteria":{"language":"text/cql","expression":"SDE Sex"}},{"code":{"text":"supplemental-data-example-define-location"},"criteria":{"language":"text/cql","expression":"SDE Location"}}]}