{"resourceType":"Measure","id":"HIVSimpleGenderCohort","url":"Measure/HIVSimpleGenderCohort","identifier":[{"system":"http://ohie.org/Measure/","value":"HIVSimpleGenderCohort"}],"version":"0.1.0","name":"HIVSimpleGenderCohort","title":"HIVSimpleGenderCohort","status":"draft","experimental":true,"date":"2021-03-01","publisher":"IntraHealth International","contact":[{"telecom":[{"system":"url","value":"http://hl7.org/Special/committees/[something]"}]}],"description":"HIVSimpleGenderCohort","library":["Library/HIVSimpleGender"],"scoring":{"coding":[{"code":"cohort"}]},"group":[{"code":{"text":"HIVSimpleGenderCohort"},"description":"HIVSimpleGenderCohort","population":[{"code":{"coding":[{"system":"http://terminology.hl7.org/CodeSystem/measure-population","code":"initial-population"}]},"description":"HIVSimpleGenderCohort Initial Population","criteria":{"language":"text/cql","expression":"Initial Population"}}]}]}