{"resourceType":"Measure","id":"HIVSimpleTestResult","url":"Measure/HIVSimpleTestResult","identifier":[{"system":"http://ohie.org/Measure/","value":"HIVSimpleTestResult"}],"version":"0.1.0","name":"HIVSimpleTestResult","title":"HIVSimpleTestResult","status":"draft","experimental":true,"date":"2021-03-01","publisher":"IntraHealth International","contact":[{"telecom":[{"system":"url","value":"http://hl7.org/Special/committees/[something]"}]}],"description":"HIVSimpleTestResult","library":["Library/HIVSimpleTestResult"],"scoring":{"coding":[{"code":"proportion"}]},"type":[{"coding":[{"code":"process"}]}],"group":[{"code":{"text":"cohort"},"description":"HIVSimpleTestResult Cohort","population":[{"code":{"coding":[{"system":"http://terminology.hl7.org/CodeSystem/measure-population","code":"initial-population"}]},"description":"HIVSimpleTestResult Initial Population","criteria":{"language":"text/cql","expression":"Initial Population"}},{"code":{"coding":[{"system":"http://terminology.hl7.org/CodeSystem/measure-population","code":"numerator"}]},"description":"HIVSimpleTestResult Numerator","criteria":{"language":"text/cql","expression":"Numerator"}},{"code":{"coding":[{"system":"http://terminology.hl7.org/CodeSystem/measure-population","code":"denominator"}]},"description":"HIVSimpleTestResult Denominator","criteria":{"language":"text/cql","expression":"Denominator"}}]}]}