{"resourceType":"Measure","id":"HIVSimpleGenderSubjectList","url":"Measure/HIVSimpleGenderSubjectList","identifier":[{"system":"http://ohie.org/Measure/","value":"HIVSimpleGenderSubjectList"}],"version":"0.1.0","status":"draft","experimental":true,"date":"2021-07-01","publisher":"IntraHealth International","contact":[{"telecom":[{"system":"url","value":"http://hl7.org/Special/committees/[something]"}]}],"library":["Library/KitchenSink"],"scoring":{"coding":[{"code":"cohort"}]},"group":[{"population":[{"code":{"coding":[{"system":"http://terminology.hl7.org/CodeSystem/measure-population","code":"initial-population"}]},"description":"Initial Population","criteria":{"language":"text/cql","expression":"Initial Population"}}]}]}