{"resourceType":"Measure","id":"HIVSimpleGender-Measure","url":"Measure/HIVSimpleGender","identifier":[{"system":"http://ohie.org/Measure/","value":"HIVSimpleGender"}],"version":"0.1.0","status":"draft","experimental":true,"date":"2021-07-01","publisher":"IntraHealth International","contact":[{"telecom":[{"system":"url","value":"http://hl7.org/Special/committees/[something]"}]}],"library":["Library/HIVSimpleGender"],"scoring":{"coding":[{"code":"proportion"}]},"group":[{"population":[{"code":{"coding":[{"system":"http://terminology.hl7.org/CodeSystem/measure-population","code":"initial-population"}]},"description":"Initial Population","criteria":{"language":"text/cql","expression":"Initial Population"}},{"code":{"coding":[{"system":"http://terminology.hl7.org/CodeSystem/measure-population","code":"denominator"}]},"description":"Denominator","criteria":{"language":"text/cql","expression":"Denominator"}},{"code":{"coding":[{"system":"http://terminology.hl7.org/CodeSystem/measure-population","code":"numerator"}]},"description":"Numerator","criteria":{"language":"text/cql","expression":"Numerator"}}]}]}