{"resourceType":"Measure","id":"SuppData","url":"https://intrahealth.github.io/simple-hiv-ig/Measure/SuppData","identifier":[{"system":"https://intrahealth.github.io/simple-hiv-ig/Measure/","value":"SuppData"},{"system":"https://datim.org/factsinfo/mechanism","value":"12345"}],"version":"0.1.0","name":"SuppData","title":"SuppData","status":"draft","experimental":true,"date":"2021-07-01","publisher":"IntraHealth International","contact":[{"telecom":[{"system":"url","value":"http://hl7.org/Special/committees/[something]"}]}],"description":"SuppData","library":["https://intrahealth.github.io/simple-hiv-ig/Library/KitchenSink"],"scoring":{"coding":[{"system":"http://terminology.hl7.org/CodeSystem/measure-scoring","code":"proportion"}]},"group":[{"code":{"coding":[{"system":"https://intrahealth.github.io/simple-hiv-ig/CodeSystem/OpenHIE","code":"cohort","display":"cohort"}]},"population":[{"code":{"coding":[{"system":"http://terminology.hl7.org/CodeSystem/measure-population","code":"initial-population"}]},"description":"Initial Population","criteria":{"language":"text/cql","expression":"Initial Population"}},{"code":{"coding":[{"system":"http://terminology.hl7.org/CodeSystem/measure-population","code":"denominator"}]},"description":"Denominator","criteria":{"language":"text/cql","expression":"Denominator"}},{"code":{"coding":[{"system":"http://terminology.hl7.org/CodeSystem/measure-population","code":"numerator"}]},"description":"Numerator","criteria":{"language":"text/cql","expression":"Numerator"}}]}],"supplementalData":[{"code":{"text":"supplemental-data-example-define-sex"},"criteria":{"language":"text/cql","expression":"SDE Sex"}},{"code":{"text":"supplemental-data-example-define-location"},"criteria":{"language":"text/cql","expression":"Location Code Revised"}}]}