{"resourceType":"Measure","id":"HIVSimpleViralLoad","url":"Measure/HIVSimpleViralLoad","identifier":[{"system":"http://ohie.org/Measure/","value":"HIVSimpleViralLoad"}],"version":"0.1.0","name":"HIVSimpleViralLoad","title":"HIVSimpleViralLoad","status":"draft","experimental":true,"date":"2018-03-08","publisher":"IntraHealth International","contact":[{"telecom":[{"system":"url","value":"http://hl7.org/Special/committees/[something]"}]}],"description":"HIVSimpleViralLoad","library":["Library/HIVSimpleViralLoad"],"scoring":{"coding":[{"code":"proportion"}]},"type":[{"coding":[{"code":"process"}]}],"group":[{"code":{"text":"cohort"},"description":"HIVSimpleViralLoad Cohort","population":[{"code":{"coding":[{"system":"http://terminology.hl7.org/CodeSystem/measure-population","code":"initial-population"}]},"description":"HIVSimpleViralLoad Initial Population","criteria":{"language":"text/cql","expression":"Initial Population"}},{"code":{"coding":[{"system":"http://terminology.hl7.org/CodeSystem/measure-population","code":"numerator"}]},"description":"HIVSimpleViralLoad Numerator","criteria":{"language":"text/cql","expression":"Numerator"}},{"code":{"coding":[{"system":"http://terminology.hl7.org/CodeSystem/measure-population","code":"denominator"}]},"description":"HIVSimpleViralLoad Denominator","criteria":{"language":"text/cql","expression":"Denominator"}}]}]}