{"resourceType":"Measure","id":"HIVSimpleDemog","url":"Measure/HIVSimpleDemog","identifier":[{"system":"http://ohie.org/Measure/","value":"HIVSimpleDemog"}],"version":"0.1.0","name":"HIVSimpleDemog","title":"HIVSimpleDemog","status":"draft","experimental":true,"date":"2018-03-08","publisher":"IntraHealth International","contact":[{"telecom":[{"system":"url","value":"http://hl7.org/Special/committees/[something]"}]}],"description":"HIVSimpleDemog","library":["Library/HIVSimpleDemog"],"scoring":{"coding":[{"code":"proportion"}]},"type":[{"coding":[{"code":"process"}]}],"group":[{"code":{"text":"cohort"},"description":"HIVSimpleDemog Cohort","population":[{"code":{"coding":[{"system":"http://terminology.hl7.org/CodeSystem/measure-population","code":"initial-population"}]},"description":"HIVSimpleDemog Initial Population","criteria":{"language":"text/cql","expression":"Initial Population"}},{"code":{"coding":[{"system":"http://terminology.hl7.org/CodeSystem/measure-population","code":"numerator"}]},"description":"HIVSimpleDemog Numerator","criteria":{"language":"text/cql","expression":"Numerator"}},{"code":{"coding":[{"system":"http://terminology.hl7.org/CodeSystem/measure-population","code":"denominator"}]},"description":"HIVSimpleDemog Denominator","criteria":{"language":"text/cql","expression":"Denominator"}}]}]}