{"resourceType":"Measure","id":"HIVSimpleAgeGroup","url":"https://intrahealth.github.io/simple-hiv-ig/Measure/HIVSimpleAgeGroup","identifier":[{"system":"https://intrahealth.github.io/simple-hiv-ig/Measure/","value":"HIVSimpleAgeGroup"}],"version":"0.1.0","name":"HIVSimpleAgeGroup","status":"draft","experimental":true,"date":"2021-07-01","publisher":"Digital Health Team","contact":[{"name":"Digital Health Team","telecom":[{"system":"url","value":"https://www.intrahealth.org"},{"system":"email","value":"digitalhealth@intrahealth.org"}]},{"name":"Digital Health Team","telecom":[{"system":"email","value":"digitalhealth@intrahealth.org","use":"work"}]}],"library":["https://intrahealth.github.io/simple-hiv-ig/Library/KitchenSink"],"scoring":{"coding":[{"system":"http://terminology.hl7.org/CodeSystem/measure-scoring","code":"proportion"}]},"group":[{"code":{"coding":[{"system":"https://intrahealth.github.io/simple-hiv-ig/CodeSystem/OpenHIE","code":"cohort","display":"cohort"}]},"population":[{"code":{"coding":[{"system":"http://terminology.hl7.org/CodeSystem/measure-population","code":"initial-population"}]},"description":"Initial Population","criteria":{"language":"text/cql","expression":"Initial Population"}}],"stratifier":[{"criteria":{"language":"text/cql","expression":"Age Group"}}]},{"code":{"coding":[{"system":"https://intrahealth.github.io/simple-hiv-ig/CodeSystem/OpenHIE","code":"cohort","display":"cohort"}]},"population":[{"code":{"coding":[{"system":"http://terminology.hl7.org/CodeSystem/measure-population","code":"denominator"}]},"description":"Denominator","criteria":{"language":"text/cql","expression":"Denominator"}}],"stratifier":[{"criteria":{"language":"text/cql","expression":"Age Group"}}]},{"code":{"coding":[{"system":"https://intrahealth.github.io/simple-hiv-ig/CodeSystem/OpenHIE","code":"cohort","display":"cohort"}]},"population":[{"code":{"coding":[{"system":"http://terminology.hl7.org/CodeSystem/measure-population","code":"numerator"}]},"description":"Numerator","criteria":{"language":"text/cql","expression":"Numerator"}}],"stratifier":[{"criteria":{"language":"text/cql","expression":"Age Group"}}]}]}