{"resourceType":"Measure","id":"HIVSimpleGenderCohort","url":"https://intrahealth.github.io/simple-hiv-ig/Measure/HIVSimpleGenderCohort","identifier":[{"system":"https://intrahealth.github.io/simple-hiv-ig/Measure/","value":"HIVSimpleGenderCohort"}],"version":"0.1.0","name":"HIVSimpleGenderCohort","status":"draft","experimental":true,"date":"2021-07-01","publisher":"Digital Health Team","contact":[{"name":"Digital Health Team","telecom":[{"system":"url","value":"https://www.intrahealth.org"},{"system":"email","value":"digitalhealth@intrahealth.org"}]},{"name":"Digital Health Team","telecom":[{"system":"email","value":"digitalhealth@intrahealth.org","use":"work"}]}],"library":["https://intrahealth.github.io/simple-hiv-ig/Library/KitchenSink"],"scoring":{"coding":[{"system":"http://terminology.hl7.org/CodeSystem/measure-scoring","code":"cohort"}]},"group":[{"code":{"coding":[{"system":"http://ohie.org/CodeSystem","code":"cohort","display":"cohort"}]},"population":[{"code":{"coding":[{"system":"http://terminology.hl7.org/CodeSystem/measure-population","code":"initial-population"}]},"description":"Initial Population","criteria":{"language":"text/cql","expression":"Initial Population"}}]}]}