{"resourceType":"Measure","id":"HIVSimpleAgeGroup","url":"Measure/HIVSimpleAgeGroup","identifier":[{"system":"http://ohie.org/Measure/","value":"HIVSimpleAgeGroup"}],"version":"0.1.0","name":"HIVSimpleAgeGroup","title":"HIVSimpleAgeGroup","status":"draft","experimental":true,"date":"2018-03-08","publisher":"IntraHealth International","contact":[{"telecom":[{"system":"url","value":"http://hl7.org/Special/committees/[something]"}]}],"description":"HIVSimpleAgeGroup","library":["Library/HIVSimpleAgeGroup"],"scoring":{"coding":[{"code":"proportion"}]},"type":[{"coding":[{"code":"process"}]}],"group":[{"code":{"text":"cohort"},"description":"HIVSimpleAgeGroup Cohort","population":[{"code":{"coding":[{"system":"http://terminology.hl7.org/CodeSystem/measure-population","code":"initial-population"}]},"description":"HIVSimpleAgeGroup Initial Population","criteria":{"language":"text/cql","expression":"Initial Population"}},{"code":{"coding":[{"system":"http://terminology.hl7.org/CodeSystem/measure-population","code":"numerator"}]},"description":"HIVSimpleAgeGroup Numerator","criteria":{"language":"text/cql","expression":"Numerator"}},{"code":{"coding":[{"system":"http://terminology.hl7.org/CodeSystem/measure-population","code":"denominator"}]},"description":"HIVSimpleAgeGroup Denominator","criteria":{"language":"text/cql","expression":"Denominator"}}]}]}