{
  "resourceType": "ImplementationGuide",
  "id": "simple.hiv.ig",
  "text": {
    "status": "extensions",
    "div": "<div xmlns=\"http://www.w3.org/1999/xhtml\"><h2>SimpleHIVIG</h2><p>The official URL for this implementation guide is: </p><pre>https://intrahealth.github.io/simple-hiv-ig/ImplementationGuide/simple.hiv.ig</pre><div><p>A simple IG using HIV epidemic control as a an example for learners</p>\n</div></div>"
  },
  "url": "https://intrahealth.github.io/simple-hiv-ig/ImplementationGuide/simple.hiv.ig",
  "version": "0.1.0",
  "name": "SimpleHIVIG",
  "title": "Simple HIV IG",
  "status": "draft",
  "experimental": false,
  "date": "2022-01-27T21:17:37+00:00",
  "publisher": "IntraHealth International",
  "contact": [
    {
      "telecom": [
        {
          "system": "url",
          "value": "http://hl7.org/Special/committees/[something]"
        }
      ]
    }
  ],
  "description": "A simple IG using HIV epidemic control as a an example for learners",
  "packageId": "simple.hiv.ig",
  "license": "CC0-1.0",
  "fhirVersion": [
    "4.0.1"
  ],
  "dependsOn": [
    {
      "uri": "http://somewhere.org/fhir/uv/mycontentig/ImplementationGuide/example.fhir.uv.mycontentig",
      "packageId": "example.fhir.uv.myig",
      "version": "dev"
    },
    {
      "id": "cpg",
      "uri": "http://hl7.org/fhir/uv/cpg/ImplementationGuide/hl7.fhir.uv.cpg",
      "packageId": "hl7.fhir.uv.cpg",
      "version": "1.0.0"
    },
    {
      "id": "cqfm",
      "uri": "http://hl7.org/fhir/us/cqfmeasures/ImplementationGuide/hl7.fhir.us.cqfmeasures",
      "packageId": "hl7.fhir.us.cqfmeasures",
      "version": "current"
    },
    {
      "id": "cqf",
      "uri": "http://fhir.org/guides/cqf/ImplementationGuide/cqf.fhir.common",
      "packageId": "cqf.fhir.common",
      "version": "dev"
    }
  ],
  "definition": {
    "extension": [
      {
        "extension": [
          {
            "url": "code",
            "valueString": "copyrightyear"
          },
          {
            "url": "value",
            "valueString": "2020+"
          }
        ],
        "url": "http://hl7.org/fhir/tools/StructureDefinition/ig-parameter"
      },
      {
        "extension": [
          {
            "url": "code",
            "valueString": "releaselabel"
          },
          {
            "url": "value",
            "valueString": "CI Build"
          }
        ],
        "url": "http://hl7.org/fhir/tools/StructureDefinition/ig-parameter"
      },
      {
        "extension": [
          {
            "url": "code",
            "valueString": "path-liquid"
          },
          {
            "url": "value",
            "valueString": "templates\\liquid"
          }
        ],
        "url": "http://hl7.org/fhir/tools/StructureDefinition/ig-parameter"
      },
      {
        "extension": [
          {
            "url": "code",
            "valueString": "autoload-resources"
          },
          {
            "url": "value",
            "valueString": "true"
          }
        ],
        "url": "http://hl7.org/fhir/tools/StructureDefinition/ig-parameter"
      },
      {
        "extension": [
          {
            "url": "code",
            "valueString": "path-liquid"
          },
          {
            "url": "value",
            "valueString": "template/liquid"
          }
        ],
        "url": "http://hl7.org/fhir/tools/StructureDefinition/ig-parameter"
      },
      {
        "extension": [
          {
            "url": "code",
            "valueString": "path-liquid"
          },
          {
            "url": "value",
            "valueString": "input/liquid"
          }
        ],
        "url": "http://hl7.org/fhir/tools/StructureDefinition/ig-parameter"
      },
      {
        "extension": [
          {
            "url": "code",
            "valueString": "path-qa"
          },
          {
            "url": "value",
            "valueString": "temp/qa"
          }
        ],
        "url": "http://hl7.org/fhir/tools/StructureDefinition/ig-parameter"
      },
      {
        "extension": [
          {
            "url": "code",
            "valueString": "path-temp"
          },
          {
            "url": "value",
            "valueString": "temp/pages"
          }
        ],
        "url": "http://hl7.org/fhir/tools/StructureDefinition/ig-parameter"
      },
      {
        "extension": [
          {
            "url": "code",
            "valueString": "path-output"
          },
          {
            "url": "value",
            "valueString": "output"
          }
        ],
        "url": "http://hl7.org/fhir/tools/StructureDefinition/ig-parameter"
      },
      {
        "extension": [
          {
            "url": "code",
            "valueString": "path-suppressed-warnings"
          },
          {
            "url": "value",
            "valueString": "input/ignoreWarnings.txt"
          }
        ],
        "url": "http://hl7.org/fhir/tools/StructureDefinition/ig-parameter"
      },
      {
        "extension": [
          {
            "url": "code",
            "valueString": "path-history"
          },
          {
            "url": "value",
            "valueString": "https://intrahealth.github.io/simple-hiv-ig/history.html"
          }
        ],
        "url": "http://hl7.org/fhir/tools/StructureDefinition/ig-parameter"
      },
      {
        "extension": [
          {
            "url": "code",
            "valueString": "template-html"
          },
          {
            "url": "value",
            "valueString": "template-page.html"
          }
        ],
        "url": "http://hl7.org/fhir/tools/StructureDefinition/ig-parameter"
      },
      {
        "extension": [
          {
            "url": "code",
            "valueString": "template-md"
          },
          {
            "url": "value",
            "valueString": "template-page-md.html"
          }
        ],
        "url": "http://hl7.org/fhir/tools/StructureDefinition/ig-parameter"
      },
      {
        "extension": [
          {
            "url": "code",
            "valueString": "apply-contact"
          },
          {
            "url": "value",
            "valueString": "true"
          }
        ],
        "url": "http://hl7.org/fhir/tools/StructureDefinition/ig-parameter"
      },
      {
        "extension": [
          {
            "url": "code",
            "valueString": "apply-context"
          },
          {
            "url": "value",
            "valueString": "true"
          }
        ],
        "url": "http://hl7.org/fhir/tools/StructureDefinition/ig-parameter"
      },
      {
        "extension": [
          {
            "url": "code",
            "valueString": "apply-copyright"
          },
          {
            "url": "value",
            "valueString": "true"
          }
        ],
        "url": "http://hl7.org/fhir/tools/StructureDefinition/ig-parameter"
      },
      {
        "extension": [
          {
            "url": "code",
            "valueString": "apply-jurisdiction"
          },
          {
            "url": "value",
            "valueString": "true"
          }
        ],
        "url": "http://hl7.org/fhir/tools/StructureDefinition/ig-parameter"
      },
      {
        "extension": [
          {
            "url": "code",
            "valueString": "apply-license"
          },
          {
            "url": "value",
            "valueString": "true"
          }
        ],
        "url": "http://hl7.org/fhir/tools/StructureDefinition/ig-parameter"
      },
      {
        "extension": [
          {
            "url": "code",
            "valueString": "apply-publisher"
          },
          {
            "url": "value",
            "valueString": "true"
          }
        ],
        "url": "http://hl7.org/fhir/tools/StructureDefinition/ig-parameter"
      },
      {
        "extension": [
          {
            "url": "code",
            "valueString": "apply-version"
          },
          {
            "url": "value",
            "valueString": "true"
          }
        ],
        "url": "http://hl7.org/fhir/tools/StructureDefinition/ig-parameter"
      },
      {
        "extension": [
          {
            "url": "code",
            "valueString": "active-tables"
          },
          {
            "url": "value",
            "valueString": "true"
          }
        ],
        "url": "http://hl7.org/fhir/tools/StructureDefinition/ig-parameter"
      }
    ],
    "resource": [
      {
        "extension": [
          {
            "url": "http://hl7.org/fhir/tools/StructureDefinition/resource-information",
            "valueString": "Device"
          }
        ],
        "reference": {
          "reference": "Device/cqf-tooling"
        },
        "name": "Device/cqf-tooling",
        "description": "A simple example showing how examples are defined and referenced"
      },
      {
        "extension": [
          {
            "url": "http://hl7.org/fhir/tools/StructureDefinition/resource-information",
            "valueString": "Library"
          }
        ],
        "reference": {
          "reference": "Library/FHIRHelpers"
        },
        "name": "Library/FHIRHelpers",
        "description": "A simple example showing how examples are defined and referenced"
      },
      {
        "extension": [
          {
            "url": "http://hl7.org/fhir/tools/StructureDefinition/resource-information",
            "valueString": "Library"
          }
        ],
        "reference": {
          "reference": "Library/FHIRCommon"
        },
        "name": "Library/FHIRCommon",
        "description": "A simple example showing how examples are defined and referenced"
      },
      {
        "extension": [
          {
            "url": "http://hl7.org/fhir/tools/StructureDefinition/resource-information",
            "valueString": "Library"
          }
        ],
        "reference": {
          "reference": "Library/KitchenSink"
        },
        "name": "Library/KitchenSink",
        "description": "A simple example showing how examples are defined and referenced"
      },
      {
        "extension": [
          {
            "url": "http://hl7.org/fhir/tools/StructureDefinition/resource-information",
            "valueString": "Patient"
          }
        ],
        "reference": {
          "reference": "Patient/Patient-GoldenRecord"
        },
        "name": "Patient/Patient-GoldenRecord",
        "description": "A simple example showing how examples are defined and referenced"
      },
      {
        "extension": [
          {
            "url": "http://hl7.org/fhir/tools/StructureDefinition/resource-information",
            "valueString": "Patient"
          }
        ],
        "reference": {
          "reference": "Patient/Patient-HIVSimple"
        },
        "name": "Patient/Patient-HIVSimple",
        "description": "A simple example showing how examples are defined and referenced"
      },
      {
        "extension": [
          {
            "url": "http://hl7.org/fhir/tools/StructureDefinition/resource-information",
            "valueString": "Patient"
          }
        ],
        "reference": {
          "reference": "Patient/Patient-HIVSimple2"
        },
        "name": "Patient/Patient-HIVSimple2",
        "description": "A simple example showing how examples are defined and referenced"
      },
      {
        "extension": [
          {
            "url": "http://hl7.org/fhir/tools/StructureDefinition/resource-information",
            "valueString": "Measure"
          }
        ],
        "reference": {
          "reference": "Measure/JustAgeGroup"
        },
        "name": "Measure/JustAgeGroup",
        "description": "A simple example showing how examples are defined and referenced"
      },
      {
        "extension": [
          {
            "url": "http://hl7.org/fhir/tools/StructureDefinition/resource-information",
            "valueString": "Bundle"
          }
        ],
        "reference": {
          "reference": "Bundle/Example-HIVSimple"
        },
        "name": "Bundle/Example-HIVSimple",
        "description": "A simple example showing how examples are defined and referenced"
      },
      {
        "extension": [
          {
            "url": "http://hl7.org/fhir/tools/StructureDefinition/resource-information",
            "valueString": "Encounter"
          }
        ],
        "reference": {
          "reference": "Encounter/Encounter-HIVSimple"
        },
        "name": "Encounter/Encounter-HIVSimple",
        "description": "A simple example showing how examples are defined and referenced"
      },
      {
        "extension": [
          {
            "url": "http://hl7.org/fhir/tools/StructureDefinition/resource-information",
            "valueString": "Encounter"
          }
        ],
        "reference": {
          "reference": "Encounter/Encounter-HIVSimple2"
        },
        "name": "Encounter/Encounter-HIVSimple2",
        "description": "A simple example showing how examples are defined and referenced"
      },
      {
        "extension": [
          {
            "url": "http://hl7.org/fhir/tools/StructureDefinition/resource-information",
            "valueString": "DiagnosticReport"
          }
        ],
        "reference": {
          "reference": "DiagnosticReport/DiagnosticReport-HIVSimple"
        },
        "name": "DiagnosticReport/DiagnosticReport-HIVSimple",
        "description": "A simple example showing how examples are defined and referenced"
      },
      {
        "extension": [
          {
            "url": "http://hl7.org/fhir/tools/StructureDefinition/resource-information",
            "valueString": "DiagnosticReport"
          }
        ],
        "reference": {
          "reference": "DiagnosticReport/DiagnosticReport-HIVSimple2"
        },
        "name": "DiagnosticReport/DiagnosticReport-HIVSimple2",
        "description": "A simple example showing how examples are defined and referenced"
      },
      {
        "extension": [
          {
            "url": "http://hl7.org/fhir/tools/StructureDefinition/resource-information",
            "valueString": "Condition"
          }
        ],
        "reference": {
          "reference": "Condition/Condition-HIVSimple2"
        },
        "name": "Condition/Condition-HIVSimple2",
        "description": "A simple example showing how examples are defined and referenced"
      },
      {
        "extension": [
          {
            "url": "http://hl7.org/fhir/tools/StructureDefinition/resource-information",
            "valueString": "Condition"
          }
        ],
        "reference": {
          "reference": "Condition/Condition-HIVSimple"
        },
        "name": "Condition/Condition-HIVSimple",
        "description": "A simple example showing how examples are defined and referenced"
      },
      {
        "extension": [
          {
            "url": "http://hl7.org/fhir/tools/StructureDefinition/resource-information",
            "valueString": "Condition"
          }
        ],
        "reference": {
          "reference": "Condition/Condition-Pregnancy"
        },
        "name": "Condition/Condition-Pregnancy",
        "description": "A simple example showing how examples are defined and referenced"
      },
      {
        "extension": [
          {
            "url": "http://hl7.org/fhir/tools/StructureDefinition/resource-information",
            "valueString": "Condition"
          }
        ],
        "reference": {
          "reference": "Condition/Condition-Pregnancy2"
        },
        "name": "Condition/Condition-Pregnancy2",
        "description": "A simple example showing how examples are defined and referenced"
      },
      {
        "extension": [
          {
            "url": "http://hl7.org/fhir/tools/StructureDefinition/resource-information",
            "valueString": "Observation"
          }
        ],
        "reference": {
          "reference": "Observation/Observation-ViralLoad"
        },
        "name": "Observation/Observation-ViralLoad",
        "description": "A simple example showing how examples are defined and referenced"
      },
      {
        "extension": [
          {
            "url": "http://hl7.org/fhir/tools/StructureDefinition/resource-information",
            "valueString": "Observation"
          }
        ],
        "reference": {
          "reference": "Observation/Observation-ViralLoad2"
        },
        "name": "Observation/Observation-ViralLoad2",
        "description": "A simple example showing how examples are defined and referenced"
      },
      {
        "extension": [
          {
            "url": "http://hl7.org/fhir/tools/StructureDefinition/resource-information",
            "valueString": "DiagnosticReport"
          }
        ],
        "reference": {
          "reference": "DiagnosticReport/DiagnosticReport-ViralLoad"
        },
        "name": "ODiagnosticReport/DiagnosticReport-ViralLoad",
        "description": "A simple example showing how examples are defined and referenced"
      },
      {
        "extension": [
          {
            "url": "http://hl7.org/fhir/tools/StructureDefinition/resource-information",
            "valueString": "DiagnosticReport"
          }
        ],
        "reference": {
          "reference": "DiagnosticReport/DiagnosticReport-ViralLoad2"
        },
        "name": "DiagnosticReport/DiagnosticReport-ViralLoad2",
        "description": "A simple example showing how examples are defined and referenced"
      },
      {
        "extension": [
          {
            "url": "http://hl7.org/fhir/tools/StructureDefinition/resource-information",
            "valueString": "Encounter"
          }
        ],
        "reference": {
          "reference": "Encounter/Encounter-ViralLoad"
        },
        "name": "Encounter/Encounter-ViralLoad",
        "description": "A simple example showing how examples are defined and referenced"
      },
      {
        "extension": [
          {
            "url": "http://hl7.org/fhir/tools/StructureDefinition/resource-information",
            "valueString": "Encounter"
          }
        ],
        "reference": {
          "reference": "Encounter/Encounter-ViralLoad2"
        },
        "name": "Encounter/Encounter-ViralLoad2",
        "description": "A simple example showing how examples are defined and referenced"
      },
      {
        "extension": [
          {
            "url": "http://hl7.org/fhir/tools/StructureDefinition/resource-information",
            "valueString": "Observation"
          }
        ],
        "reference": {
          "reference": "Observation/Observation-HIVSimple"
        },
        "name": "Observation/Observation-HIVSimple",
        "description": "A simple example showing how examples are defined and referenced"
      },
      {
        "extension": [
          {
            "url": "http://hl7.org/fhir/tools/StructureDefinition/resource-information",
            "valueString": "Observation"
          }
        ],
        "reference": {
          "reference": "Observation/Observation-HIVSimple2"
        },
        "name": "Observation/Observation-HIVSimple2",
        "description": "A simple example showing how examples are defined and referenced"
      },
      {
        "extension": [
          {
            "url": "http://hl7.org/fhir/tools/StructureDefinition/resource-information",
            "valueString": "Bundle"
          }
        ],
        "reference": {
          "reference": "Bundle/Example-HIVSimple2"
        },
        "name": "Bundle/Example-HIVSimple2",
        "description": "A simple example showing how examples are defined and referenced"
      },
      {
        "extension": [
          {
            "url": "http://hl7.org/fhir/tools/StructureDefinition/resource-information",
            "valueString": "Measure"
          }
        ],
        "reference": {
          "reference": "Measure/Cohort"
        },
        "name": "Measure/Cohort",
        "description": "A simple example showing how examples are defined and referenced"
      },
      {
        "extension": [
          {
            "url": "http://hl7.org/fhir/tools/StructureDefinition/resource-information",
            "valueString": "Measure"
          }
        ],
        "reference": {
          "reference": "Measure/JustGender"
        },
        "name": "Measure/JustGender",
        "description": "A simple example showing how examples are defined and referenced"
      },
      {
        "extension": [
          {
            "url": "http://hl7.org/fhir/tools/StructureDefinition/resource-information",
            "valueString": "Measure"
          }
        ],
        "reference": {
          "reference": "Measure/JustLocation"
        },
        "name": "Measure/JustLocation",
        "description": "A simple example showing how examples are defined and referenced"
      },
      {
        "extension": [
          {
            "url": "http://hl7.org/fhir/tools/StructureDefinition/resource-information",
            "valueString": "Measure"
          }
        ],
        "reference": {
          "reference": "Measure/AgeGroupGender"
        },
        "name": "Measure/AgeGroupGender",
        "description": "A simple example showing how examples are defined and referenced"
      },
      {
        "extension": [
          {
            "url": "http://hl7.org/fhir/tools/StructureDefinition/resource-information",
            "valueString": "Measure"
          }
        ],
        "reference": {
          "reference": "Measure/AgeGroupGenderLocation"
        },
        "name": "Measure/AgeGroupGenderLocation",
        "description": "A simple example showing how examples are defined and referenced"
      },
      {
        "extension": [
          {
            "url": "http://hl7.org/fhir/tools/StructureDefinition/resource-information",
            "valueString": "Measure"
          }
        ],
        "reference": {
          "reference": "Measure/SuppData"
        },
        "name": "Measure/SuppData",
        "description": "A simple example showing how examples are defined and referenced"
      },
      {
        "extension": [
          {
            "url": "http://hl7.org/fhir/tools/StructureDefinition/resource-information",
            "valueString": "Library"
          }
        ],
        "reference": {
          "reference": "Library/HIVStratifiers"
        },
        "name": "HIVStratifiers",
        "description": "HIVStratifiers"
      },
      {
        "extension": [
          {
            "url": "http://hl7.org/fhir/tools/StructureDefinition/resource-information",
            "valueString": "Location"
          }
        ],
        "reference": {
          "reference": "Location/Location-HIVSimple1"
        }
      },
      {
        "extension": [
          {
            "url": "http://hl7.org/fhir/tools/StructureDefinition/resource-information",
            "valueString": "Organization"
          }
        ],
        "reference": {
          "reference": "Organization/Organization-HIVSimple1"
        }
      },
      {
        "extension": [
          {
            "url": "http://hl7.org/fhir/tools/StructureDefinition/resource-information",
            "valueString": "Library"
          }
        ],
        "reference": {
          "reference": "Library/TXML"
        },
        "name": "TXML",
        "description": "TXML"
      },
      {
        "extension": [
          {
            "url": "http://hl7.org/fhir/tools/StructureDefinition/resource-information",
            "valueString": "Library"
          }
        ],
        "reference": {
          "reference": "Library/TXPVLS"
        },
        "name": "TXPVLS",
        "description": "TXPVLS"
      },
      {
        "extension": [
          {
            "url": "http://hl7.org/fhir/tools/StructureDefinition/resource-information",
            "valueString": "Location"
          }
        ],
        "reference": {
          "reference": "Location/Location-102"
        }
      },
      {
        "extension": [
          {
            "url": "http://hl7.org/fhir/tools/StructureDefinition/resource-information",
            "valueString": "Measure"
          }
        ],
        "reference": {
          "reference": "Measure/HIV-TXCURR"
        },
        "name": "HIV-TXCURR",
        "description": "HIV-TXCURR"
      },
      {
        "extension": [
          {
            "url": "http://hl7.org/fhir/tools/StructureDefinition/resource-information",
            "valueString": "Location"
          }
        ],
        "reference": {
          "reference": "Location/Location-HIVSimple2"
        }
      },
      {
        "extension": [
          {
            "url": "http://hl7.org/fhir/tools/StructureDefinition/resource-information",
            "valueString": "Location"
          }
        ],
        "reference": {
          "reference": "Location/Location-101"
        }
      },
      {
        "extension": [
          {
            "url": "http://hl7.org/fhir/tools/StructureDefinition/resource-information",
            "valueString": "Organization"
          }
        ],
        "reference": {
          "reference": "Organization/Organization-102"
        }
      },
      {
        "extension": [
          {
            "url": "http://hl7.org/fhir/tools/StructureDefinition/resource-information",
            "valueString": "Organization"
          }
        ],
        "reference": {
          "reference": "Organization/IntraHealth"
        }
      },
      {
        "extension": [
          {
            "url": "http://hl7.org/fhir/tools/StructureDefinition/resource-information",
            "valueString": "Library"
          }
        ],
        "reference": {
          "reference": "Library/HIVConcepts"
        },
        "name": "HIVConcepts",
        "description": "HIVConcepts"
      },
      {
        "extension": [
          {
            "url": "http://hl7.org/fhir/tools/StructureDefinition/resource-information",
            "valueString": "Measure"
          }
        ],
        "reference": {
          "reference": "Measure/HIV-TXML"
        },
        "name": "HIV-TXML",
        "description": "HIV-TXML"
      },
      {
        "extension": [
          {
            "url": "http://hl7.org/fhir/tools/StructureDefinition/resource-information",
            "valueString": "Bundle"
          }
        ],
        "reference": {
          "reference": "Bundle/Example-Locations-Organizations"
        }
      },
      {
        "extension": [
          {
            "url": "http://hl7.org/fhir/tools/StructureDefinition/resource-information",
            "valueString": "CodeSystem"
          }
        ],
        "reference": {
          "reference": "CodeSystem/PEPFAR"
        },
        "name": "PEPFAR CodeSystem",
        "description": "PEPFAR CodeSystem"
      },
      {
        "extension": [
          {
            "url": "http://hl7.org/fhir/tools/StructureDefinition/resource-information",
            "valueString": "Organization"
          }
        ],
        "reference": {
          "reference": "Organization/Organization-101"
        }
      },
      {
        "extension": [
          {
            "url": "http://hl7.org/fhir/tools/StructureDefinition/resource-information",
            "valueString": "Bundle"
          }
        ],
        "reference": {
          "reference": "Bundle/Attribution-Bundle-Simple"
        }
      },
      {
        "extension": [
          {
            "url": "http://hl7.org/fhir/tools/StructureDefinition/resource-information",
            "valueString": "CodeSystem"
          }
        ],
        "reference": {
          "reference": "CodeSystem/OpenCR"
        },
        "name": "OpenCR CodeSystem",
        "description": "OpenCR CodeSystem"
      },
      {
        "extension": [
          {
            "url": "http://hl7.org/fhir/tools/StructureDefinition/resource-information",
            "valueString": "Organization"
          }
        ],
        "reference": {
          "reference": "Organization/Organization-100"
        }
      },
      {
        "extension": [
          {
            "url": "http://hl7.org/fhir/tools/StructureDefinition/resource-information",
            "valueString": "Organization"
          }
        ],
        "reference": {
          "reference": "Organization/Organization-HIVSimple2"
        }
      },
      {
        "extension": [
          {
            "url": "http://hl7.org/fhir/tools/StructureDefinition/resource-information",
            "valueString": "Library"
          }
        ],
        "reference": {
          "reference": "Library/TXNEW"
        },
        "name": "TXNEW",
        "description": "TXNEW"
      },
      {
        "extension": [
          {
            "url": "http://hl7.org/fhir/tools/StructureDefinition/resource-information",
            "valueString": "CodeSystem"
          }
        ],
        "reference": {
          "reference": "CodeSystem/OpenHIE"
        },
        "name": "OpenHIE CodeSystem",
        "description": "OpenHIE CodeSystem"
      },
      {
        "extension": [
          {
            "url": "http://hl7.org/fhir/tools/StructureDefinition/resource-information",
            "valueString": "Coverage"
          }
        ],
        "reference": {
          "reference": "Coverage/Coverage-HIVSimple"
        }
      },
      {
        "extension": [
          {
            "url": "http://hl7.org/fhir/tools/StructureDefinition/resource-information",
            "valueString": "Location"
          }
        ],
        "reference": {
          "reference": "Location/Location-100"
        }
      },
      {
        "extension": [
          {
            "url": "http://hl7.org/fhir/tools/StructureDefinition/resource-information",
            "valueString": "Account"
          }
        ],
        "reference": {
          "reference": "Account/Account-HIVSimple"
        }
      },
      {
        "extension": [
          {
            "url": "http://hl7.org/fhir/tools/StructureDefinition/resource-information",
            "valueString": "Library"
          }
        ],
        "reference": {
          "reference": "Library/HIVDataElements"
        },
        "name": "HIVDataElements",
        "description": "HIVDataElements"
      },
      {
        "extension": [
          {
            "url": "http://hl7.org/fhir/tools/StructureDefinition/resource-information",
            "valueString": "Bundle"
          }
        ],
        "reference": {
          "reference": "Bundle/Attribution-Bundle"
        }
      },
      {
        "extension": [
          {
            "url": "http://hl7.org/fhir/tools/StructureDefinition/resource-information",
            "valueString": "Contract"
          }
        ],
        "reference": {
          "reference": "Contract/Contract-HIVSimple"
        }
      },
      {
        "extension": [
          {
            "url": "http://hl7.org/fhir/tools/StructureDefinition/resource-information",
            "valueString": "Measure"
          }
        ],
        "reference": {
          "reference": "Measure/HIV-TXPVLS"
        },
        "name": "HIV-TXPVLS",
        "description": "HIV-TXPVLS"
      },
      {
        "extension": [
          {
            "url": "http://hl7.org/fhir/tools/StructureDefinition/resource-information",
            "valueString": "Library"
          }
        ],
        "reference": {
          "reference": "Library/TXCURR"
        },
        "name": "TXCURR",
        "description": "TXCURR"
      },
      {
        "extension": [
          {
            "url": "http://hl7.org/fhir/tools/StructureDefinition/resource-information",
            "valueString": "Measure"
          }
        ],
        "reference": {
          "reference": "Measure/HIV-TXNEW"
        },
        "name": "HIV-TXNEW",
        "description": "HIV-TXNEW"
      }
    ],
    "page": {
      "nameUrl": "toc.html",
      "title": "Table of Contents",
      "generation": "html",
      "page": [
        {
          "nameUrl": "index.html",
          "title": "MyIG Home Page",
          "generation": "html"
        },
        {
          "nameUrl": "background.html",
          "title": "Background",
          "generation": "html"
        },
        {
          "nameUrl": "spec.html",
          "title": "Detailed Specification",
          "generation": "markdown"
        },
        {
          "nameUrl": "downloads.html",
          "title": "Useful Downloads",
          "generation": "html"
        },
        {
          "nameUrl": "changes.html",
          "title": "IG Change History",
          "generation": "html"
        }
      ]
    },
    "parameter": [
      {
        "code": "path-resource",
        "value": "input\\history"
      },
      {
        "code": "path-resource",
        "value": "input/resources/device"
      },
      {
        "code": "path-resource",
        "value": "input/capabilities"
      },
      {
        "code": "path-resource",
        "value": "input/examples"
      },
      {
        "code": "path-resource",
        "value": "input/extensions"
      },
      {
        "code": "path-resource",
        "value": "input/models"
      },
      {
        "code": "path-resource",
        "value": "input/operations"
      },
      {
        "code": "path-resource",
        "value": "input/profiles"
      },
      {
        "code": "path-resource",
        "value": "input/resources"
      },
      {
        "code": "path-resource",
        "value": "input/vocabulary"
      },
      {
        "code": "path-resource",
        "value": "input/testing"
      },
      {
        "code": "path-resource",
        "value": "input/history"
      },
      {
        "code": "path-resource",
        "value": "fsh-generated/resources"
      },
      {
        "code": "path-pages",
        "value": "template/config"
      },
      {
        "code": "path-pages",
        "value": "input/images"
      },
      {
        "code": "path-tx-cache",
        "value": "input-cache/txcache"
      }
    ]
  }
}