{
  "resourceType": "Library",
  "id": "FHIRHelpers",
  "text": {
    "status": "generated",
    "div": "<div xmlns=\"http://www.w3.org/1999/xhtml\"><h2>Contents</h2></div>"
  },
  "url": "https://github.com/intrahealth/simple-hiv-ig/Library/FHIRHelpers",
  "version": "0.1.0",
  "name": "FHIRHelpers",
  "title": "FHIR Helpers",
  "status": "active",
  "experimental": true,
  "type": {
    "coding": [
      {
        "system": "http://terminology.hl7.org/CodeSystem/library-type",
        "code": "logic-library"
      }
    ]
  },
  "date": "2021-05-24T23:58:56+00:00",
  "publisher": "HL7 International - [Some] Work Group",
  "contact": [
    {
      "telecom": [
        {
          "system": "url",
          "value": "http://hl7.org/Special/committees/[something]"
        }
      ]
    }
  ],
  "jurisdiction": [
    {
      "coding": [
        {
          "system": "http://unstats.un.org/unsd/methods/m49/m49.htm",
          "code": "001"
        }
      ]
    }
  ]
}