{
  "resourceType": "Measure",
  "id": "HIVSimpleTestResult",
  "text": {
    "status": "generated",
    "div": "<div xmlns=\"http://www.w3.org/1999/xhtml\"><p><b>Generated Narrative</b></p><p><b>url</b>: <code>Measure/HIVSimpleTestResult</code></p><p><b>identifier</b>: id: HIVSimpleTestResult</p><p><b>version</b>: 0.1.0</p><p><b>name</b>: HIVSimpleTestResult</p><p><b>title</b>: HIVSimpleTestResult</p><p><b>status</b>: draft</p><p><b>experimental</b>: true</p><p><b>date</b>: 2021-03-01</p><p><b>publisher</b>: IntraHealth International</p><p><b>contact</b>: <a href=\"http://hl7.org/Special/committees/[something]\">http://hl7.org/Special/committees/[something]</a></p><p><b>description</b>: HIVSimpleTestResult</p><p><b>library</b>: <code>Library/HIVSimpleTestResult</code></p><p><b>scoring</b>: <span title=\"Codes: \">proportion</span></p><p><b>type</b>: <span title=\"Codes: \">process</span></p><blockquote><p><b>group</b></p><p><b>code</b>: <span title=\"Codes: \">cohort</span></p><p><b>description</b>: HIVSimpleTestResult Cohort</p><blockquote><p><b>population</b></p><p><b>code</b>: <span title=\"Codes: {http://terminology.hl7.org/CodeSystem/measure-population initial-population}\">Initial Population</span></p><p><b>description</b>: HIVSimpleTestResult Initial Population</p><h3>Criteria</h3><table class=\"grid\"><tr><td>-</td></tr><tr><td>*</td></tr></table></blockquote><blockquote><p><b>population</b></p><p><b>code</b>: <span title=\"Codes: {http://terminology.hl7.org/CodeSystem/measure-population numerator}\">Numerator</span></p><p><b>description</b>: HIVSimpleTestResult Numerator</p><h3>Criteria</h3><table class=\"grid\"><tr><td>-</td></tr><tr><td>*</td></tr></table></blockquote><blockquote><p><b>population</b></p><p><b>code</b>: <span title=\"Codes: {http://terminology.hl7.org/CodeSystem/measure-population denominator}\">Denominator</span></p><p><b>description</b>: HIVSimpleTestResult Denominator</p><h3>Criteria</h3><table class=\"grid\"><tr><td>-</td></tr><tr><td>*</td></tr></table></blockquote></blockquote></div>"
  },
  "url": "Measure/HIVSimpleTestResult",
  "identifier": [
    {
      "system": "http://ohie.org/Measure/",
      "value": "HIVSimpleTestResult"
    }
  ],
  "version": "0.1.0",
  "name": "HIVSimpleTestResult",
  "title": "HIVSimpleTestResult",
  "status": "draft",
  "experimental": true,
  "date": "2021-03-01",
  "publisher": "IntraHealth International",
  "contact": [
    {
      "telecom": [
        {
          "system": "url",
          "value": "http://hl7.org/Special/committees/[something]"
        }
      ]
    }
  ],
  "description": "HIVSimpleTestResult",
  "library": [
    "Library/HIVSimpleTestResult"
  ],
  "scoring": {
    "coding": [
      {
        "code": "proportion"
      }
    ]
  },
  "type": [
    {
      "coding": [
        {
          "code": "process"
        }
      ]
    }
  ],
  "group": [
    {
      "code": {
        "text": "cohort"
      },
      "description": "HIVSimpleTestResult Cohort",
      "population": [
        {
          "code": {
            "coding": [
              {
                "system": "http://terminology.hl7.org/CodeSystem/measure-population",
                "code": "initial-population"
              }
            ]
          },
          "description": "HIVSimpleTestResult Initial Population",
          "criteria": {
            "language": "text/cql",
            "expression": "Initial Population"
          }
        },
        {
          "code": {
            "coding": [
              {
                "system": "http://terminology.hl7.org/CodeSystem/measure-population",
                "code": "numerator"
              }
            ]
          },
          "description": "HIVSimpleTestResult Numerator",
          "criteria": {
            "language": "text/cql",
            "expression": "Numerator"
          }
        },
        {
          "code": {
            "coding": [
              {
                "system": "http://terminology.hl7.org/CodeSystem/measure-population",
                "code": "denominator"
              }
            ]
          },
          "description": "HIVSimpleTestResult Denominator",
          "criteria": {
            "language": "text/cql",
            "expression": "Denominator"
          }
        }
      ]
    }
  ]
}