{
  "resourceType": "Observation",
  "id": "Observation-ViralLoad2",
  "text": {
    "status": "generated",
    "div": "<div xmlns=\"http://www.w3.org/1999/xhtml\"><p><b>Generated Narrative</b></p><div style=\"display: inline-block; background-color: #d9e0e7; padding: 6px; margin: 4px; border: 1px solid #8da1b4; border-radius: 5px; line-height: 60%\"><p style=\"margin-bottom: 0px\">Resource \"Observation-ViralLoad2\" </p></div><p><b>status</b>: final</p><p><b>code</b>: HIV 1 RNA [#/volume] (viral load) in Specimen by NAA with probe detection <span style=\"background: LightGoldenRodYellow; margin: 4px; border: 1px solid khaki\"> (<a href=\"https://loinc.org/\">LOINC</a>#25836-8)</span></p><p><b>subject</b>: <a href=\"Patient-Patient-HIVSimple2.html\">Patient/Patient-HIVSimple2</a> \" CAT\"</p><p><b>encounter</b>: <a href=\"Encounter-Encounter-ViralLoad2.html\">Encounter/Encounter-ViralLoad2</a></p><p><b>value</b>: 741660 copies/mL<span style=\"background: LightGoldenRodYellow\"> (Details: UCUM code {copies}/mL = '{copies}/mL')</span></p></div>"
  },
  "status": "final",
  "code": {
    "coding": [
      {
        "system": "http://loinc.org",
        "code": "25836-8",
        "display": "HIV 1 RNA [#/volume] (viral load) in Specimen by NAA with probe detection"
      }
    ]
  },
  "subject": {
    "reference": "Patient/Patient-HIVSimple2"
  },
  "encounter": {
    "reference": "Encounter/Encounter-ViralLoad2"
  },
  "valueQuantity": {
    "value": 741660,
    "unit": "copies/mL",
    "system": "http://unitsofmeasure.org",
    "code": "{copies}/mL"
  }
}